gene,mean_Non-responder,mean_Responder,log2fc,auc,pvalue,qvalue
RP11-274E7.2,1.3437212,0.7302509,-0.8850505,0.039215688,2.0813933e-07,0.0014186776243150234
PSME2P2,1.465742,0.83934224,-0.9037038,0.07058824,1.3136917e-06,0.0029847074765712023
GAPDHP44,0.20541097,0.09515165,-0.15907058,0.07058824,1.3136917e-06,0.0029847074765712023
GAPDH,7.7870283,6.598738,-1.7143402,0.09019608,3.9070296e-06,0.0045157833956182
NKG7,7.216628,5.2982483,-2.767637,0.092156865,4.345643e-06,0.0045157833956182
IFITM2,6.794263,5.6954155,-1.5853016,0.09411765,4.8312168e-06,0.0045157833956182
OLA1P1,0.46955976,0.26221576,-0.29913417,0.09411765,4.8312168e-06,0.0045157833956182
HLA-DPA1,4.7286544,3.0776017,-2.3819656,0.09803922,5.9627423e-06,0.0045157833956182
RNF4,2.5158093,1.8451266,-0.9675906,0.09803922,5.9627423e-06,0.0045157833956182
BUB3,3.2866068,2.3248162,-1.3875705,0.105882354,9.031712e-06,0.0047353957779705524
PSME1,6.6676135,5.734845,-1.3457003,0.105882354,9.031712e-06,0.0047353957779705524
ANXA5,3.1349194,1.7577922,-1.9867746,0.105882354,9.031712e-06,0.0047353957779705524
PSME2,4.6696606,3.0813167,-2.2914958,0.105882354,9.031712e-06,0.0047353957779705524
RP5-940J5.9,6.902628,5.8139462,-1.5706357,0.11372549,1.35776e-05,0.006610351614654064
RHOA,5.088981,4.0962067,-1.4322708,0.12352941,2.236378e-05,0.008074769750237465
SUB1,4.345481,3.266966,-1.5559679,0.12352941,2.236378e-05,0.008074769750237465
USF1,0.67065024,0.29694209,-0.5391469,0.12352941,2.236378e-05,0.008074769750237465
PSMA4,2.3096771,1.2525063,-1.5251752,0.1254902,2.4676201e-05,0.008074769750237465
BLVRA,0.96723163,0.5146852,-0.65288645,0.1254902,2.4676201e-05,0.008074769750237465
MDH2,2.086992,1.4017265,-0.9886292,0.1254902,2.4676201e-05,0.008074769750237465
TALDO1,1.9573206,1.1694517,-1.1366545,0.12745099,2.7214957e-05,0.008074769750237465
CLIC1,5.2899156,3.9419134,-1.944756,0.12745099,2.7214957e-05,0.008074769750237465
RP11-815N9.2,0.25662646,0.09030938,-0.23994482,0.12941177,2.9937326e-05,0.008074769750237465
MYL6,6.6368732,5.7678337,-1.253759,0.12941177,3.0000834e-05,0.008074769750237465
AKAP2,0.63613886,0.26914075,-0.52946633,0.13137256,3.3056323e-05,0.008074769750237465
IFITM1,5.881113,4.7321377,-1.657621,0.13137256,3.3056323e-05,0.008074769750237465
ISG15,3.3393292,2.0944824,-1.7959343,0.13137256,3.3056323e-05,0.008074769750237465
RP11-291B21.2,1.7834977,0.9469168,-1.2069311,0.13333334,3.6406014e-05,0.008074769750237465
EPB41,1.0774916,1.5409524,0.6686326,0.86470586,4.0076364e-05,0.008074769750237465
RP11-673C5.1,2.1588256,1.6317415,-0.76042163,0.13529412,4.0076364e-05,0.008074769750237465
UBE2L6,3.4681816,2.1997726,-1.8299274,0.13529412,4.0076364e-05,0.008074769750237465
USMG5,1.8124472,1.1537634,-0.95027983,0.13529412,4.0076364e-05,0.008074769750237465
OLA1,1.0060958,0.6221967,-0.55384934,0.13725491,4.4096094e-05,0.008074769750237465
PPP1CA,3.836133,2.674088,-1.6764766,0.13725491,4.4096094e-05,0.008074769750237465
RARRES3,4.1739054,3.0603528,-1.6065167,0.1392157,4.8496207e-05,0.008074769750237465
GSTP1,2.870523,1.9596196,-1.3141557,0.1392157,4.8496207e-05,0.008074769750237465
SPAG7,1.1414676,0.6668644,-0.68470764,0.1392157,4.8496207e-05,0.008074769750237465
PRELID1,2.81359,1.9782305,-1.2051691,0.1392157,4.8496207e-05,0.008074769750237465
NDC80,0.7058726,0.28485876,-0.6073946,0.1392157,4.8496207e-05,0.008074769750237465
FAM96A,1.305434,0.7451475,-0.8083225,0.14117648,5.3310545e-05,0.008074769750237465
FBXO7,2.066683,1.4183384,-0.9353636,0.14117648,5.3310545e-05,0.008074769750237465
ARPC4,4.3198185,3.328608,-1.4300144,0.14117648,5.3310545e-05,0.008074769750237465
MT2A,3.02785,1.6575377,-1.9769427,0.14117648,5.3310545e-05,0.008074769750237465
GNG5,2.5972698,1.5513983,-1.5088736,0.14117648,5.3310545e-05,0.008074769750237465
NDUFA13,3.102426,2.2579205,-1.218364,0.14117648,5.3310545e-05,0.008074769750237465
TMEM120A,0.8037327,0.4354427,-0.53133017,0.14313726,5.8575417e-05,0.008147959597408772
NUCB1,2.1474926,1.4476554,-1.0096517,0.14313726,5.8575417e-05,0.008147959597408772
DEDD,1.139994,0.8033621,-0.48565724,0.14313726,5.8575417e-05,0.008147959597408772
GAPDHP1,1.208344,0.73414993,-0.6841174,0.14313726,5.8575417e-05,0.008147959597408772
HLA-DRA,3.7438643,2.1869628,-2.246134,0.14705883,7.061713e-05,0.009256275370717049
TNRC6C,0.42023286,0.7255897,0.4405368,0.85294116,7.061713e-05,0.009256275370717049
UBE2L5P,0.6991453,0.42953598,-0.38896406,0.14705883,7.061713e-05,0.009256275370717049
GAPDHP65,0.9077213,0.5351475,-0.53751034,0.14901961,7.748247e-05,0.00978001020848751
PRF1,4.8890524,3.149234,-2.5100272,0.14901961,7.748247e-05,0.00978001020848751
TMSB10,7.3496065,6.6495075,-1.0100293,0.1509804,8.4975494e-05,0.009920447133481503
NDUFB7,1.5782013,0.8990308,-0.97983587,0.1509804,8.4975494e-05,0.009920447133481503
ACAA2,1.0867037,0.6243676,-0.66700995,0.1509804,8.4975494e-05,0.009920447133481503
DPP3,0.8102468,0.42804316,-0.55140334,0.1509804,8.4975494e-05,0.009920447133481503
IFI6,3.1212156,1.7924128,-1.9170573,0.15294118,9.314974e-05,0.009920447133481503
CYB5R4,0.90056884,0.5370269,-0.52448016,0.15294118,9.314974e-05,0.009920447133481503
RP11-490H24.5,0.716629,0.4120077,-0.4394757,0.15294118,9.314974e-05,0.009920447133481503
NUDT21,1.8979396,1.2174445,-0.9817468,0.15294118,9.314974e-05,0.009920447133481503
TXN,1.7478966,1.0852835,-0.95594853,0.15294118,9.314974e-05,0.009920447133481503
EMC7,1.7043859,1.1315733,-0.82639384,0.15294118,9.314974e-05,0.009920447133481503
TWF2,2.0715315,1.3479223,-1.0439475,0.15490197,0.0001020626,0.010082010179758072
CALM3,2.9996138,1.9522738,-1.510992,0.15490197,0.0001020626,0.010082010179758072
MRPL39,0.82437813,0.4845433,-0.49027804,0.15490197,0.0001020626,0.010082010179758072
ARPC3,4.7786427,3.7737072,-1.4498155,0.15490197,0.0001020626,0.010082010179758072
ICMT,0.6196093,0.2926318,-0.4717288,0.15490197,0.0001020626,0.010082010179758072
EDF1,3.8452933,2.953201,-1.287017,0.15686275,0.000111776244,0.010436533018946648
CBX3P9,0.38833505,0.22307876,-0.23841444,0.15686275,0.000111776244,0.010436533018946648
ATP5E,2.5212514,1.9670951,-0.79947853,0.15686275,0.000111776244,0.010436533018946648
ACTR1A,1.5716721,1.0252129,-0.78837395,0.15686275,0.000111776244,0.010436533018946648
PTRHD1,0.73086935,0.39723414,-0.48133385,0.15882353,0.0001223572,0.010830995626747608
HLA-DPB1,4.543929,3.1948447,-1.9463173,0.15882353,0.0001223572,0.010830995626747608
GAPDHP72,0.29216877,0.14809199,-0.20785886,0.15882353,0.0001223572,0.010830995626747608
APOL2,2.260461,1.5195779,-1.0688685,0.15882353,0.0001223572,0.010830995626747608
MYO1G,2.0993705,1.354188,-1.0750711,0.16078432,0.00013387752,0.011128160171210766
CD38,2.351569,1.0314833,-1.904481,0.16078432,0.00013387752,0.011128160171210766
GZMH,3.9262695,2.260918,-2.4025946,0.16078432,0.00013387752,0.011128160171210766
RNASEK-C17orf49,1.6585754,1.25101,-0.58799267,0.16078432,0.00013387752,0.011128160171210766
GBP4,1.7221534,1.0125238,-1.0237792,0.16078432,0.00013387752,0.011128160171210766
CST7,5.7959642,4.516809,-1.845431,0.1627451,0.00014641418,0.011604174971580505
FOXP1,1.5326822,2.0373971,0.7281498,0.8372549,0.00014641418,0.011604174971580505
BRK1,2.780182,1.9574809,-1.1869066,0.1627451,0.00014641418,0.011604174971580505
RNASEK,3.9685771,3.0520222,-1.3223093,0.1627451,0.00014641418,0.011604174971580505
EPSTI1,1.6570007,0.788423,-1.2530926,0.16470589,0.0001600503,0.012121141888201237
PGAM1,3.6829615,2.4972477,-1.7106234,0.16470589,0.0001600503,0.012121141888201237
CASP4,2.826697,1.9785129,-1.2236712,0.16470589,0.0001600503,0.012121141888201237
SKA2,1.524021,0.78809714,-1.0617137,0.16470589,0.0001600503,0.012121141888201237
IL2RG,5.7781434,4.91228,-1.2491767,0.16666667,0.0001748752,0.012546835467219353
MAD2L1,0.7157379,0.25378826,-0.6664524,0.16666667,0.0001748752,0.012546835467219353
VTA1,1.2312797,0.78933305,-0.6375943,0.16666667,0.0001748752,0.012546835467219353
RPN2,2.7104695,1.9830991,-1.0493736,0.16666667,0.0001748752,0.012546835467219353
BCAP29,0.71637684,0.40440235,-0.45008406,0.16666667,0.0001748752,0.012546835467219353
BST2,2.4199228,1.4147754,-1.4501213,0.16862746,0.00019098427,0.013017488643527031
UBE2L3,2.1411822,1.3587883,-1.1287558,0.16862746,0.00019098427,0.013017488643527031
SUMO2,4.280234,3.3477802,-1.3452462,0.16862746,0.00019098427,0.013017488643527031
HLA-DRB1,4.2122655,2.8594463,-1.9517056,0.16862746,0.00019098427,0.013017488643527031
COX5A,2.7110355,1.629854,-1.5598152,0.16862746,0.00019098427,0.013017488643527031
LINC00152,3.691443,2.4687917,-1.7639129,0.17058824,0.00020848053,0.013036726973950863
OASL,2.5654168,1.5520201,-1.4620224,0.17058824,0.00020848053,0.013036726973950863
SP140,2.208009,1.538711,-0.965593,0.17058824,0.00020848053,0.013036726973950863
AATF,1.4253452,0.9667676,-0.6615876,0.17058824,0.00020848053,0.013036726973950863
FUT5,0.2918518,0.19465293,-0.14022832,0.17058824,0.00020848053,0.013036726973950863
PSMA6,2.8132813,1.8821667,-1.3433143,0.17058824,0.00020848053,0.013036726973950863
PSMF1,2.4186096,1.7826523,-0.9174925,0.17058824,0.00020848053,0.013036726973950863
SQRDL,1.5010884,0.94201714,-0.8065693,0.17058824,0.00020848053,0.013036726973950863
STOM,2.7773345,1.899522,-1.2664157,0.17058824,0.00020848053,0.013036726973950863
MPG,1.3562461,0.8573442,-0.7197633,0.17254902,0.00022747373,0.013260903768241405
SH3BGRL3,6.6025906,5.9889016,-0.885366,0.17254902,0.00022747373,0.013260903768241405
ACTN4,2.503633,1.6769544,-1.1926452,0.17254902,0.00022747373,0.013260903768241405
LGALS1,2.055791,1.1343318,-1.3293844,0.17254902,0.00022747373,0.013260903768241405
AC004797.1,1.3668342,0.88492155,-0.69525295,0.17254902,0.00022747373,0.013260903768241405
PEF1,1.3069106,0.8590722,-0.64609426,0.17254902,0.00022747373,0.013260903768241405
RP1-56K13.3,1.2855588,0.84140986,-0.6407715,0.17254902,0.00022747373,0.013260903768241405
SNRPC,1.5034565,0.91600525,-0.84751296,0.17450981,0.0002480823,0.013260903768241405
GUK1,4.112231,3.3516004,-1.0973576,0.17450981,0.0002480823,0.013260903768241405
ATP5F1,2.4263532,1.6415325,-1.1322569,0.17450981,0.0002480823,0.013260903768241405
CDC123,1.4261686,0.862767,-0.8128167,0.17450981,0.0002480823,0.013260903768241405
LAMP2,1.3091513,0.86114305,-0.64633924,0.17450981,0.0002480823,0.013260903768241405
GSTO1,1.5320233,0.92981684,-0.8688003,0.17450981,0.0002480823,0.013260903768241405
LMNB1,0.66411626,0.37871602,-0.41174552,0.17450981,0.0002480823,0.013260903768241405
ARF6,2.5723872,2.1339486,-0.63253325,0.17450981,0.0002480823,0.013260903768241405
COPZ1,2.066479,1.3115199,-1.0891757,0.17450981,0.0002480823,0.013260903768241405
NELFCD,1.8135306,1.2431772,-0.822846,0.17450981,0.0002480823,0.013260903768241405
GZMA,5.2564015,3.764768,-2.1519725,0.17450981,0.0002480823,0.013260903768241405
CENPM,0.75783265,0.29869348,-0.6623978,0.1764706,0.00027043215,0.013260903768241405
DOK2,2.5004659,1.8242277,-0.9756055,0.1764706,0.00027043215,0.013260903768241405
AC005795.1,0.52711594,0.34594432,-0.2613754,0.1764706,0.00027043215,0.013260903768241405
CHCHD2,4.1937737,3.2723591,-1.3293203,0.1764706,0.00027043215,0.013260903768241405
CD74,7.3595614,6.427203,-1.3451086,0.1764706,0.00027043215,0.013260903768241405
GPS1,1.4406676,0.94757843,-0.7113773,0.1764706,0.00027043215,0.013260903768241405
IFI30,0.55973405,0.2652301,-0.4248794,0.1764706,0.00027043215,0.013260903768241405
FTL,6.573264,6.132412,-0.63601524,0.1764706,0.00027043215,0.013260903768241405
RPN1,2.8130493,2.172947,-0.9234725,0.1764706,0.00027043215,0.013260903768241405
CAP1,4.085751,3.1102912,-1.407291,0.1764706,0.00027043215,0.013260903768241405
PSMB2,1.7642839,1.0473891,-1.0342605,0.1764706,0.00027043215,0.013260903768241405
PDIA6,2.2671647,1.4734248,-1.1451247,0.1764706,0.00027043215,0.013260903768241405
MIR4435-1HG,2.258409,1.3972787,-1.2423484,0.17843138,0.00029465908,0.0133006377145648
WDR76,0.620607,0.30275053,-0.45856997,0.17843138,0.00029465908,0.0133006377145648
MRPL21,0.8994006,0.5710975,-0.47364125,0.17843138,0.00029465908,0.0133006377145648
CHST12,2.0760922,1.3268355,-1.080949,0.17843138,0.00029465908,0.0133006377145648
LY6E,3.6275296,2.6727788,-1.3774142,0.17843138,0.00029465908,0.0133006377145648
TMEM140,1.2241542,0.7473908,-0.68782425,0.17843138,0.00029465908,0.0133006377145648
MRPL27,0.78315985,0.4360612,-0.5007575,0.17843138,0.00029465908,0.0133006377145648
ALDOA,5.72092,4.894134,-1.1928002,0.17843138,0.00029465908,0.0133006377145648
HLA-DMA,2.3396795,1.4997796,-1.2117194,0.17843138,0.00029465908,0.0133006377145648
FBXO6,0.78375685,0.3830522,-0.5780946,0.17843138,0.00029465908,0.0133006377145648
GAPDHP63,0.38474497,0.20789118,-0.2551461,0.17843138,0.00029465908,0.0133006377145648
C4orf48,0.93941414,0.5529091,-0.55760896,0.17843138,0.00029465908,0.0133006377145648
ST3GAL1,2.177592,1.7009088,-0.68770856,0.18039216,0.00032090727,0.013585738837718964
JOSD2,0.7569799,0.4326193,-0.46795338,0.18039216,0.00032090727,0.013585738837718964
GZMB,4.0787973,2.2200377,-2.6816232,0.18039216,0.00032090727,0.013585738837718964
RAB12,0.31097713,0.19455683,-0.16795899,0.18039216,0.00032090727,0.013585738837718964
ERGIC3,1.9244859,1.3685044,-0.8021118,0.18039216,0.00032090727,0.013585738837718964
PSMB10,3.5381653,2.3659277,-1.6911814,0.18039216,0.00032090727,0.013585738837718964
TSTA3,1.3482289,0.8747147,-0.68313664,0.18039216,0.00032090727,0.013585738837718964
BSG,2.4535797,1.8238294,-0.90853757,0.18039216,0.00032090727,0.013585738837718964
GBP5,3.1742644,1.9507444,-1.7651663,0.18039216,0.00032090727,0.013585738837718964
TIMM50,0.8591541,0.5522412,-0.44278172,0.18039216,0.00032090727,0.013585738837718964
TCEB2,2.8735864,2.1118026,-1.0990218,0.18235295,0.00034933208,0.014089037664234638
ATP6V0B,1.7712134,1.3116559,-0.66300136,0.18235295,0.00034933208,0.014089037664234638
ARPC2,6.1670904,5.3312044,-1.2059286,0.18235295,0.00034933208,0.014089037664234638
ADRM1,2.0552382,1.4650499,-0.8514618,0.18235295,0.00034933208,0.014089037664234638
GBP2,3.3930397,2.2833996,-1.6008723,0.18235295,0.00034933208,0.014089037664234638
TUBBP1,0.32949585,0.16407067,-0.23865809,0.18235295,0.00034933208,0.014089037664234638
FDFT1,1.6905512,0.99777156,-0.9994697,0.18235295,0.00034933208,0.014089037664234638
PSMB8,4.256483,3.1278088,-1.6283327,0.18235295,0.00034933208,0.014089037664234638
PSMB3,2.8295152,1.9402037,-1.2830054,0.18431373,0.0003800982,0.014889364130795002
MALAT1,7.7727346,8.071437,0.43093625,0.8156863,0.0003800982,0.014889364130795002
IDH3B,1.8923056,1.3641044,-0.7620333,0.18431373,0.0003800982,0.014889364130795002
ARPC3P1,0.3440696,0.21279895,-0.1893835,0.18431373,0.0003800982,0.014889364130795002
TNRC6B,2.251671,2.6490126,0.5732426,0.8156863,0.0003800982,0.014889364130795002
TMEM258,1.793496,1.2096021,-0.8423808,0.18627451,0.00041338257,0.01523035392165184
GMNN,0.7190978,0.37360537,-0.4984402,0.18627451,0.00041338257,0.01523035392165184
BUD31,2.1525629,1.548819,-0.87101835,0.18627451,0.00041338257,0.01523035392165184
PRDX3,1.8859202,1.078368,-1.1650516,0.18627451,0.00041338257,0.01523035392165184
COX5B,2.6376176,1.876445,-1.0981399,0.18627451,0.00041338257,0.01523035392165184
LGALS9,1.115797,0.5804503,-0.7723421,0.18627451,0.00041338257,0.01523035392165184
TXLNA,1.5455822,1.0654489,-0.6926859,0.18627451,0.00041338257,0.01523035392165184
CLEC2B,2.7845666,2.1871495,-0.86189073,0.18627451,0.00041338257,0.01523035392165184
CDCA7,0.6804429,0.3075914,-0.53791106,0.18627451,0.00041338257,0.01523035392165184
PSMD9,1.466262,0.98535675,-0.6937996,0.18627451,0.00041338257,0.01523035392165184
PYCARD,1.5765043,0.91912055,-0.9484044,0.18627451,0.00041338257,0.01523035392165184
FAS,1.369083,0.9202278,-0.6475612,0.1882353,0.00044937403,0.01539162453263998
OTUB1,2.4418137,1.8710798,-0.82339495,0.1882353,0.00044937403,0.01539162453263998
SERPINB1,2.0701265,1.2033876,-1.2504399,0.1882353,0.00044937403,0.01539162453263998
SRI,2.3305886,1.4994882,-1.1990243,0.1882353,0.00044937403,0.01539162453263998
RAB8A,1.9839687,1.389966,-0.85696477,0.1882353,0.00044937403,0.01539162453263998
TTC38,0.6783556,0.39971,-0.40200058,0.1882353,0.00044937403,0.01539162453263998
MRPS24,1.2058301,0.7525497,-0.6539454,0.1882353,0.00044937403,0.01539162453263998
ATP5I,1.8611678,1.2458442,-0.8877242,0.1882353,0.00044937403,0.01539162453263998
COX4I1,5.1263943,4.3312364,-1.1471704,0.1882353,0.00044937403,0.01539162453263998
LSM7,1.6030058,1.0691026,-0.7702594,0.1882353,0.00044937403,0.01539162453263998
RP1-241P17.4,0.8132297,0.5769372,-0.34089798,0.1882353,0.00044937403,0.01539162453263998
MXD3,0.44011423,0.18983208,-0.36108086,0.1882353,0.00044937403,0.01539162453263998
ANP32A,1.3441136,0.9426516,-0.57918715,0.1882353,0.00044937403,0.01539162453263998
CDKN2A,0.71283585,0.34508714,-0.5305492,0.1882353,0.00044937403,0.01539162453263998
CKS1B,0.91543317,0.42446348,-0.70831954,0.19019608,0.00048827284,0.015479384921491146
CHMP4A,2.1253793,1.4632683,-0.95522434,0.19019608,0.00048827284,0.015479384921491146
RP11-286N22.8,1.1552658,0.81739134,-0.48744982,0.19019608,0.00048827284,0.015479384921491146
CCNDBP1,2.8228889,2.2342045,-0.8492919,0.19019608,0.00048827284,0.015479384921491146
G6PD,0.7838918,0.52713984,-0.37041476,0.19019608,0.00048827284,0.015479384921491146
CBX3,2.7737007,1.9745378,-1.1529483,0.19019608,0.00048827284,0.015479384921491146
USP18,0.68306184,0.25008553,-0.62465274,0.19019608,0.00048827284,0.015479384921491146
ARL6IP1,3.454536,2.4941328,-1.385569,0.19019608,0.00048827284,0.015479384921491146
NDUFA9,1.4011838,0.89187515,-0.73477715,0.19019608,0.00048827284,0.015479384921491146
EIF4HP1,0.8299648,0.6419091,-0.27130702,0.19019608,0.00048827284,0.015479384921491146
KEAP1,1.0470878,0.5952672,-0.6518394,0.19019608,0.00048827284,0.015479384921491146
MZT1,0.60312706,0.32932764,-0.39500907,0.19019608,0.00048827284,0.015479384921491146
TPI1,4.6036353,3.5342913,-1.5427374,0.19019608,0.00048827284,0.015479384921491146
CISD2,1.0416441,0.682846,-0.51763624,0.19019608,0.00048827284,0.015479384921491146
RP11-651P23.4,0.5119238,0.3176514,-0.28027582,0.19019608,0.00048827284,0.015479384921491146
SERF2,5.369962,4.635073,-1.0602207,0.19019608,0.00048827284,0.015479384921491146
CCNA2,0.6368099,0.23290202,-0.58271587,0.19215687,0.0005300963,0.01592284068465233
DRAP1,2.1226318,1.505324,-0.89058685,0.19215687,0.00053029414,0.01592284068465233
TIMM13,0.850534,0.47778225,-0.5377671,0.19215687,0.00053029414,0.01592284068465233
GYG1,1.3444469,0.8448229,-0.7208051,0.19215687,0.00053029414,0.01592284068465233
CASP7,0.70739716,0.42193902,-0.41182905,0.19215687,0.00053029414,0.01592284068465233
CHP1,2.43768,1.8136388,-0.90030116,0.19215687,0.00053029414,0.01592284068465233
TPI1P1,1.051797,0.6483467,-0.58205575,0.19215687,0.00053029414,0.01592284068465233
TXNDC15,1.0634007,0.7082133,-0.51242715,0.19215687,0.00053029414,0.01592284068465233
RAB1B,2.5805104,1.8209902,-1.0957559,0.19215687,0.00053029414,0.01592284068465233
AL358333.1,0.9016044,0.6319738,-0.38899475,0.19215687,0.00053029414,0.01592284068465233
PLA2G16,1.1157941,0.71352774,-0.58034766,0.19215687,0.00053029414,0.01592284068465233
PRDX5,2.4596531,1.6834618,-1.1198074,0.19215687,0.00053029414,0.01592284068465233
LASP1,2.7088866,1.977107,-1.0557348,0.19411765,0.00057566544,0.01662599854171276
MYL12B,4.6871257,3.754789,-1.3450774,0.19411765,0.00057566544,0.01662599854171276
TAX1BP1,2.6914876,2.0977764,-0.85654414,0.19411765,0.00057566544,0.01662599854171276
VTI1B,1.4620411,0.98969245,-0.68145514,0.19411765,0.00057566544,0.01662599854171276
BTF3,5.1879396,4.603163,-0.8436547,0.19411765,0.00057566544,0.01662599854171276
NDUFA12,1.4231446,0.91365427,-0.7350391,0.19411765,0.00057566544,0.01662599854171276
LYPLA2,1.3472271,0.90638065,-0.63600695,0.19411765,0.00057566544,0.01662599854171276
GALM,2.2381568,1.3615015,-1.2647463,0.19411765,0.00057566544,0.01662599854171276
SPPL2A,1.236847,0.79468817,-0.6379004,0.19411765,0.00057566544,0.01662599854171276
NAPA,2.3232834,1.8627697,-0.66438085,0.19607843,0.0006246308,0.017098326236009598
GPI,3.5385988,2.7404163,-1.151534,0.19607843,0.0006246308,0.017098326236009598
GAPDHP60,0.37745413,0.2010538,-0.2544919,0.19607843,0.0006246308,0.017098326236009598
IFI27L2,1.279089,0.8366522,-0.6383013,0.19607843,0.0006246308,0.017098326236009598
TMED2,2.5101984,1.9247688,-0.8445963,0.19607843,0.0006246308,0.017098326236009598
BCL2L1,0.8966617,0.52113926,-0.5417644,0.19607843,0.0006246308,0.017098326236009598
SSR2,3.583811,2.9716566,-0.88315225,0.19607843,0.0006246308,0.017098326236009598
CPSF3L,1.330546,0.9838591,-0.5001635,0.19607843,0.0006246308,0.017098326236009598
KIAA0101,0.7734559,0.259578,-0.7413691,0.19607843,0.0006246308,0.017098326236009598
PPIAP22,4.3532114,3.7568223,-0.86040753,0.19607843,0.0006246308,0.017098326236009598
SHFM1,2.1706023,1.4059733,-1.1031265,0.19607843,0.0006246308,0.017098326236009598
COPE,3.2500052,2.5161376,-1.0587472,0.19607843,0.0006246308,0.017098326236009598
CTSC,2.747031,1.954034,-1.1440529,0.19607843,0.0006246308,0.017098326236009598
POMP,2.3152885,1.697821,-0.89081734,0.19803922,0.00067744777,0.017759554088115692
RTF1,1.1283343,0.8085466,-0.4613561,0.19803922,0.00067744777,0.017759554088115692
SNX4,0.75082564,0.5262852,-0.32394344,0.19803922,0.00067744777,0.017759554088115692
CCL5,7.600672,6.5089192,-1.575066,0.19803922,0.00067744777,0.017759554088115692
FAM96B,2.2029727,1.6573061,-0.78723043,0.19803922,0.00067744777,0.017759554088115692
USB1,1.2609808,0.85449,-0.58644235,0.19803922,0.00067744777,0.017759554088115692
CDC42,4.7741437,4.1013646,-0.970615,0.19803922,0.00067744777,0.017759554088115692
BAK1,1.4764308,0.9726776,-0.72676224,0.19803922,0.00067744777,0.017759554088115692
PSMD8,2.734417,1.9599978,-1.1172507,0.19803922,0.00067744777,0.017759554088115692
PSMB1,3.1287093,2.3534746,-1.1184273,0.19803922,0.00067744777,0.017759554088115692
RP1-20B21.4,0.65523815,0.3317023,-0.4667636,0.19803922,0.00067744777,0.017759554088115692
SLC25A24,0.4873837,0.27596766,-0.30500886,0.2,0.00073439284,0.01820226013660431
TRIM59,1.5966922,1.1141815,-0.6961158,0.2,0.00073439284,0.01820226013660431
SCP2,2.0318313,1.4501085,-0.8392485,0.2,0.00073439284,0.01820226013660431
AP2S1,1.5735391,0.98421913,-0.85020906,0.2,0.00073439284,0.01820226013660431
RBBP4P1,0.4332994,0.3045005,-0.18581754,0.2,0.00073439284,0.01820226013660431
SNRPD3,1.7841994,1.2161417,-0.81953394,0.2,0.00073439284,0.01820226013660431
SPATS2L,0.73845077,0.44118568,-0.42886287,0.2,0.00073439284,0.01820226013660431
PPIB,4.254201,3.4726367,-1.1275588,0.2,0.00073439284,0.01820226013660431
ANXA6,3.8059213,2.8941066,-1.3154706,0.2,0.00073439284,0.01820226013660431
RHOC,1.4633625,0.96721673,-0.715787,0.2,0.00073439284,0.01820226013660431
TMEM106C,1.0281765,0.5732917,-0.6562601,0.2,0.00073439284,0.01820226013660431
OPTN,2.7928653,2.1747124,-0.89180607,0.2,0.00073439284,0.01820226013660431
PSMB9,4.4657226,3.1672325,-1.8733251,0.2,0.00073439284,0.01820226013660431
MYCBP,0.66466236,0.38823542,-0.39879978,0.2,0.00073439284,0.01820226013660431
ATP5G3,2.7976193,1.9145122,-1.2740544,0.2,0.00073439284,0.01820226013660431
EBP,1.7183336,1.2389847,-0.69155425,0.20196079,0.0007957571,0.01876775361597538
IL12RB1,1.0097982,0.68260765,-0.47203612,0.20196079,0.0007957571,0.01876775361597538
STAT1,3.5976682,2.350856,-1.7987696,0.20196079,0.0007957571,0.01876775361597538
AC024592.12,0.37219605,0.26566428,-0.15369286,0.20196079,0.0007957571,0.01876775361597538
LSP1,4.710966,3.7428493,-1.3966973,0.20196079,0.0007957571,0.01876775361597538
MIR155HG,1.6740705,0.83994913,-1.2033827,0.20196079,0.0007957571,0.01876775361597538
SH2D2A,3.2485578,2.4188578,-1.1970041,0.20196079,0.0007957571,0.01876775361597538
RNF7,1.9501456,1.4536922,-0.71623087,0.20196079,0.0007957571,0.01876775361597538
GOLIM4,1.3037186,0.61875093,-0.9881994,0.20196079,0.0007957571,0.01876775361597538
PRDX6,2.453654,1.7625582,-0.9970405,0.20196079,0.0007957571,0.01876775361597538
ATP5O,2.2218432,1.5679369,-0.94338745,0.20196079,0.0007957571,0.01876775361597538
UFC1,1.8610753,1.3875434,-0.68316203,0.20196079,0.0007957571,0.01876775361597538
ANAPC11,1.7274156,1.160134,-0.81841433,0.20196079,0.0007957571,0.01876775361597538
SNRPF,1.3576406,0.8752243,-0.69597965,0.20196079,0.0007957571,0.01876775361597538
MRPL51,1.4338249,0.8725174,-0.80979556,0.20392157,0.00086185185,0.01919732801616192
MVD,1.0970073,0.7449551,-0.5079039,0.20392157,0.00086185185,0.01919732801616192
FAM50A,1.0547832,0.70578945,-0.5034916,0.20392157,0.00086185185,0.01919732801616192
ACAT2,0.769749,0.47878528,-0.4197719,0.20392157,0.00086185185,0.01919732801616192
NDUFB5,1.1715214,0.770498,-0.5785545,0.20392157,0.00086185185,0.01919732801616192
TMEM208,0.9036296,0.53406274,-0.53317225,0.20392157,0.00086185185,0.01919732801616192
MTFMT,0.48697218,0.31271318,-0.25140262,0.20392157,0.00086185185,0.01919732801616192
PSMA2,2.7791326,2.0188212,-1.0968975,0.20392157,0.00086185185,0.01919732801616192
EIF2AK2,1.2261825,0.73129225,-0.71397567,0.20392157,0.00086185185,0.01919732801616192
PPIA,6.7185135,6.120362,-0.86295044,0.20392157,0.00086185185,0.01919732801616192
AAMP,1.5103823,1.1331178,-0.5442776,0.20392157,0.00086185185,0.01919732801616192
CAPN1,1.6445328,1.1753917,-0.67682755,0.20392157,0.00086185185,0.01919732801616192
CFL1,6.9828415,6.633264,-0.5043336,0.20392157,0.00086185185,0.01919732801616192
MYL12A,6.1459947,5.300776,-1.2193928,0.20392157,0.00086185185,0.01919732801616192
USP1,0.8728183,0.49600494,-0.5436267,0.20392157,0.00086185185,0.01919732801616192
STX18,0.69283575,0.47769165,-0.3103873,0.20392157,0.00086185185,0.01919732801616192
MAD2L2,1.1311179,0.6336514,-0.71769255,0.20392157,0.00086185185,0.01919732801616192
SIVA1,1.6766518,1.202307,-0.68433493,0.20588236,0.00093300757,0.019688481464982033
CAPN2,2.3742816,1.7584206,-0.8884997,0.20588236,0.00093300757,0.019688481464982033
CTD-2231E14.8,1.5108559,1.043261,-0.6745968,0.20588236,0.00093300757,0.019688481464982033
UQCRFS1,2.0998132,1.5337331,-0.81668097,0.20588236,0.00093300757,0.019688481464982033
RBX1,1.8568314,1.3132976,-0.7841535,0.20588236,0.00093300757,0.019688481464982033
PSMA5,2.8526247,1.9905146,-1.2437619,0.20588236,0.00093300757,0.019688481464982033
ELOVL1,1.4306376,0.9484361,-0.6956697,0.20588236,0.00093300757,0.019688481464982033
PHB2,1.9695201,1.3049176,-0.95881873,0.20588236,0.00093300757,0.019688481464982033
TSEN15,0.9943198,0.6130907,-0.5499973,0.20588236,0.00093300757,0.019688481464982033
TXNDC17,1.0732818,0.60353273,-0.6777046,0.20588236,0.00093300757,0.019688481464982033
NME1-NME2,2.3508105,1.6515138,-1.0088719,0.20588236,0.00093300757,0.019688481464982033
NDUFA11,2.3681345,1.6218061,-1.0767242,0.20588236,0.00093300757,0.019688481464982033
DDOST,2.8996215,2.2777731,-0.8971375,0.20588236,0.00093300757,0.019688481464982033
RP11-516A11.1,0.35308892,0.22971609,-0.17798936,0.20588236,0.00093300757,0.019688481464982033
PRR13,3.5059044,2.7514412,-1.0884603,0.20588236,0.00093300757,0.019688481464982033
SPCS2P4,1.9165275,1.4269489,-0.7063126,0.20588236,0.00093300757,0.019688481464982033
RWDD1,1.5290662,1.0673646,-0.66609466,0.20588236,0.00093300757,0.019688481464982033
TPM3,5.368655,4.543025,-1.1911325,0.20784314,0.0010095728,0.02054104022681713
ATP5EP2,1.5007383,1.1440988,-0.514522,0.20784314,0.0010095728,0.02054104022681713
HLA-DRB5,3.1510673,2.0509927,-1.587072,0.20784314,0.0010095728,0.02054104022681713
SNX5,2.0070045,1.4428692,-0.8138752,0.20784314,0.0010095728,0.02054104022681713
OST4,3.5022192,2.798221,-1.0156546,0.20784314,0.0010095728,0.02054104022681713
NCSTN,1.0766582,0.77028453,-0.44200385,0.20784314,0.0010095728,0.02054104022681713
FTSJ3,0.7390594,0.48800442,-0.36219576,0.20784314,0.0010095728,0.02054104022681713
SRP14,4.7699537,3.9524033,-1.1794759,0.20784314,0.0010095728,0.02054104022681713
YWHAE,2.8548324,2.1346378,-1.0390211,0.20784314,0.0010095728,0.02054104022681713
NDUFA6,2.121156,1.5269328,-0.85728276,0.20784314,0.0010095728,0.02054104022681713
AC016734.2,0.60967416,0.4246393,-0.26694885,0.20784314,0.0010095728,0.02054104022681713
CXCR6,2.41936,1.3826075,-1.4957176,0.20784314,0.0010095728,0.02054104022681713
WEE1,0.4439867,0.24303201,-0.28991637,0.20980392,0.001091555,0.0215725377202034
TXNDC9,0.7983843,0.46754736,-0.47729683,0.20980392,0.0010919198,0.0215725377202034
SNX6,1.923197,1.3843868,-0.77733886,0.20980392,0.0010919198,0.0215725377202034
COX8A,3.048189,2.1485522,-1.2979015,0.20980392,0.0010919198,0.0215725377202034
HN1,2.037667,1.4008123,-0.91878724,0.20980392,0.0010919198,0.0215725377202034
HELLS,1.1937951,0.7419923,-0.6518136,0.20980392,0.0010919198,0.0215725377202034
TMEM183A,0.9901426,0.7023326,-0.41522202,0.20980392,0.0010919198,0.0215725377202034
ARPC5,3.2097466,2.297843,-1.3155988,0.20980392,0.0010919198,0.0215725377202034
CSTB,1.5559992,1.1061947,-0.6489306,0.20980392,0.0010919198,0.0215725377202034
GABARAP,4.068653,3.2366939,-1.2002635,0.20980392,0.0010919198,0.0215725377202034
ACTG1,6.847636,6.0572996,-1.1402147,0.21176471,0.0011804404,0.022474531084299088
NDUFB4,1.8077575,1.2999669,-0.7325869,0.21176471,0.0011804404,0.022474531084299088
RP11-543B16.2,0.1982291,0.14052123,-0.08325487,0.21176471,0.0011804404,0.022474531084299088
ANXA2,3.177144,2.1997912,-1.4100221,0.21176471,0.0011804404,0.022474531084299088
PSMD14,1.3052249,0.8468409,-0.6613083,0.21176471,0.0011804404,0.022474531084299088
CCR5,1.8649141,1.1332886,-1.0555124,0.21176471,0.0011804404,0.022474531084299088
IVD,0.9568531,0.6652005,-0.4207658,0.21176471,0.0011804404,0.022474531084299088
UFD1L,1.6190495,1.1245297,-0.7134413,0.21176471,0.0011804404,0.022474531084299088
CCDC124,0.9539667,0.6514558,-0.4364309,0.21176471,0.0011804404,0.022474531084299088
C18orf32,1.4164281,1.0342389,-0.5513824,0.21176471,0.0011804404,0.022474531084299088
PTMS,0.95158714,0.5606455,-0.56400955,0.21176471,0.0011804404,0.022474531084299088
ZNHIT1,1.4525363,1.0753487,-0.5441667,0.21176471,0.0011804404,0.022474531084299088
ARNTL,0.98397857,0.72358716,-0.3756654,0.21176471,0.0011804404,0.022474531084299088
NUDT1,0.73623115,0.36071822,-0.5417506,0.21372549,0.0012751365,0.023061448708176613
TNIP2,0.61549366,0.40518016,-0.30341825,0.21372549,0.0012751365,0.023061448708176613
APOBEC3C,4.885119,3.870023,-1.4644738,0.21372549,0.0012755524,0.023061448708176613
GAPDHP61,0.21020092,0.11808842,-0.13289025,0.21372549,0.0012755524,0.023061448708176613
YWHAB,4.347375,3.5602677,-1.1355557,0.21372549,0.0012755524,0.023061448708176613
TAP1,4.1556745,3.2791173,-1.2646046,0.21372549,0.0012755524,0.023061448708176613
SCAMP2,2.2163823,1.5781455,-0.920781,0.21372549,0.0012755524,0.023061448708176613
POP4,1.0768604,0.69052947,-0.5573578,0.21372549,0.0012755524,0.023061448708176613
SEC24C,1.5891887,1.2429514,-0.49951485,0.21372549,0.0012755524,0.023061448708176613
AAR2,0.58964896,0.36409348,-0.32540777,0.21372549,0.0012755524,0.023061448708176613
CUL2,0.7679875,0.53939104,-0.32979497,0.21372549,0.0012755524,0.023061448708176613
CD2BP2,2.0994048,1.2931609,-1.163164,0.21372549,0.0012755524,0.023061448708176613
EIF3K,3.6330976,2.9523351,-0.98213273,0.21372549,0.0012755524,0.023061448708176613
SH3BGRL,2.3502786,1.8059788,-0.78525865,0.21372549,0.0012755524,0.023061448708176613
STARD3NL,0.77368474,0.51674086,-0.37069166,0.21372549,0.0012755524,0.023061448708176613
NMI,1.2367929,0.7401798,-0.7164613,0.21372549,0.0012755524,0.023061448708176613
DBI,2.1658983,1.3906778,-1.1184068,0.21372549,0.0012755524,0.023061448708176613
TMX1,1.7540867,1.1586998,-0.8589618,0.21372549,0.0012755524,0.023061448708176613
ATP6V1F,1.7263268,1.241361,-0.69965774,0.21372549,0.0012755524,0.023061448708176613
TPGS2,1.1131876,0.72406757,-0.56138146,0.21568628,0.0013776945,0.023072153329849243
SLX1A,1.9649731,1.4001117,-0.81492275,0.21568628,0.0013776945,0.023072153329849243
ZMAT2,0.80440015,0.53060323,-0.39500546,0.21568628,0.0013776945,0.023072153329849243
REEP5,2.4956925,1.9610906,-0.77126753,0.21568628,0.0013776945,0.023072153329849243
CALCOCO2,2.0800538,1.5503652,-0.7641791,0.21568628,0.0013776945,0.023072153329849243
GABPB1,0.8967787,0.56565267,-0.47771388,0.21568628,0.0013776945,0.023072153329849243
MRPS16,1.2531528,0.8235147,-0.6198368,0.21568628,0.0013776945,0.023072153329849243
CAPZA1,5.256653,4.8247685,-0.62307733,0.21568628,0.0013776945,0.023072153329849243
SLC25A38,1.0510796,0.74090385,-0.44748905,0.21568628,0.0013776945,0.023072153329849243
PLA2G4B,0.42384204,0.60080254,0.25530005,0.78431374,0.0013776945,0.023072153329849243
NDUFB3,1.711904,1.0560629,-0.94617873,0.21568628,0.0013776945,0.023072153329849243
RABAC1,2.738651,2.1529744,-0.8449528,0.21568628,0.0013776945,0.023072153329849243
PTPRCAP,5.7879705,4.969891,-1.1802392,0.21568628,0.0013776945,0.023072153329849243
ARHGDIB,6.8328433,6.450916,-0.5510049,0.21568628,0.0013776945,0.023072153329849243
FKBP1A,3.3295174,2.3529983,-1.4088193,0.21568628,0.0013776945,0.023072153329849243
PCNA,1.3157699,0.75665677,-0.8066298,0.21568628,0.0013776945,0.023072153329849243
S100A11,3.0465486,2.075196,-1.4013655,0.21568628,0.0013776945,0.023072153329849243
COA6,0.66751176,0.3794753,-0.41554877,0.21568628,0.0013776945,0.023072153329849243
RHOF,3.0455396,2.440617,-0.87271875,0.21568628,0.0013776945,0.023072153329849243
RP11-500M8.7,0.7961615,0.49688512,-0.4317645,0.21568628,0.0013776945,0.023072153329849243
GLE1,0.72779274,0.44611365,-0.40637702,0.21568628,0.0013776945,0.023072153329849243
ACAD9,0.6176252,0.37179327,-0.35466048,0.21568628,0.0013776945,0.023072153329849243
ATIC,1.003108,0.61183846,-0.5644826,0.21568628,0.0013776945,0.023072153329849243
MRPL14,0.7276781,0.43562627,-0.42134175,0.21568628,0.0013776945,0.023072153329849243
ENO1,4.9473524,4.0407176,-1.3079976,0.21568628,0.0013776945,0.023072153329849243
PFKP,1.6789672,1.093993,-0.8439395,0.21568628,0.0013776945,0.023072153329849243
KIF20B,0.7760178,0.4533279,-0.4655431,0.21568628,0.0013776945,0.023072153329849243
SLAMF7,2.6764743,1.8282858,-1.2236774,0.21568628,0.0013776945,0.023072153329849243
COX6B1,2.4663718,1.7978288,-0.96450365,0.21568628,0.0013776945,0.023072153329849243
IFI16,3.7030976,2.8765216,-1.1924971,0.21568628,0.0013776945,0.023072153329849243
MT1E,0.7094203,0.27884725,-0.62118566,0.21764706,0.0014868631,0.023305002599954605
TREX1,0.69569415,0.39472538,-0.43420616,0.21764706,0.0014873351,0.023305002599954605
PSMB6,2.4849691,1.8301312,-0.9447315,0.21764706,0.0014873351,0.023305002599954605
AC007318.5,0.84153146,0.62820345,-0.30776724,0.21764706,0.0014873351,0.023305002599954605
IFIH1,0.53996086,0.33225274,-0.29965946,0.21764706,0.0014873351,0.023305002599954605
AKIRIN2,1.4551374,1.0719951,-0.5527574,0.21764706,0.0014873351,0.023305002599954605
IGFLR1,2.0229325,1.272799,-1.0822139,0.21764706,0.0014873351,0.023305002599954605
RP4-785G19.2,0.36751387,0.24701172,-0.17384784,0.21764706,0.0014873351,0.023305002599954605
HMGN1,3.7597206,2.9559047,-1.1596612,0.21764706,0.0014873351,0.023305002599954605
PHPT1,1.3147391,0.90385175,-0.5927852,0.21764706,0.0014873351,0.023305002599954605
CTSS,1.9903008,1.487126,-0.72592777,0.21764706,0.0014873351,0.023305002599954605
TCEA1P2,1.3852732,1.1031256,-0.407053,0.21764706,0.0014873351,0.023305002599954605
SEC61B,2.3487525,1.6923096,-0.9470469,0.21764706,0.0014873351,0.023305002599954605
CTNNBL1,1.2560755,0.94689685,-0.4460505,0.21764706,0.0014873351,0.023305002599954605
SUMO3,1.3745258,1.017232,-0.51546603,0.21764706,0.0014873351,0.023305002599954605
HLA-B,8.144812,7.919033,-0.32572964,0.21764706,0.0014873351,0.023305002599954605
GUSB,1.1509804,0.7731633,-0.54507476,0.21764706,0.0014873351,0.023305002599954605
NME1,1.0279852,0.5620573,-0.67219186,0.21764706,0.0014873351,0.023305002599954605
AC017002.1,0.98392415,0.5320536,-0.65191144,0.21764706,0.0014873351,0.023305002599954605
PGM1,0.5163976,0.31639606,-0.28854123,0.21764706,0.0014873351,0.023305002599954605
LSM5,0.9177847,0.5324579,-0.55590904,0.21764706,0.0014873351,0.023305002599954605
CD63,2.479644,1.5922288,-1.2802696,0.21764706,0.0014873351,0.023305002599954605
VIM,5.0473714,4.088991,-1.3826504,0.21764706,0.0014873351,0.023305002599954605
WBP2,1.8879182,1.5193882,-0.5316765,0.21764706,0.0014873351,0.023305002599954605
ECH1,2.7345884,2.1356924,-0.86402434,0.21764706,0.0014873351,0.023305002599954605
MCOLN2,1.1987243,0.8123798,-0.5573773,0.21764706,0.0014873351,0.023305002599954605
SNRNP25,0.6564928,0.35706306,-0.43198586,0.21764706,0.0014873351,0.023305002599954605
C11orf48,1.7297121,1.1709138,-0.80617553,0.21764706,0.0014873351,0.023305002599954605
PPT1,1.3523115,0.9376549,-0.598223,0.21960784,0.0016049641,0.02398999035358429
DNAJC9,1.0233369,0.6910442,-0.479397,0.21960784,0.0016049641,0.02398999035358429
CCL3,2.2607765,1.1230841,-1.6413432,0.21960784,0.0016049641,0.02398999035358429
SNRNP27,1.4011544,1.0028898,-0.5745744,0.21960784,0.0016049641,0.02398999035358429
SNRPA,1.2551504,0.8070633,-0.64645314,0.21960784,0.0016049641,0.02398999035358429
CCDC115,1.0892571,0.81248915,-0.39929178,0.21960784,0.0016049641,0.02398999035358429
XCL2,1.2745887,0.6775275,-0.86137724,0.21960784,0.0016049641,0.02398999035358429
PSMA7,4.541542,3.7343068,-1.1645943,0.21960784,0.0016049641,0.02398999035358429
TMEM50A,2.6387172,2.0872958,-0.79553294,0.21960784,0.0016049641,0.02398999035358429
ATP5C1,2.7421396,1.9091184,-1.2017955,0.21960784,0.0016049641,0.02398999035358429
ADH5,1.0446169,0.6499489,-0.56938565,0.21960784,0.0016049641,0.02398999035358429
RP11-867G23.4,1.176168,0.807325,-0.5321279,0.21960784,0.0016049641,0.02398999035358429
ANXA2P2,1.3665681,0.94486374,-0.60839075,0.21960784,0.0016049641,0.02398999035358429
TMEM59,3.2597473,2.7346933,-0.7574928,0.21960784,0.0016049641,0.02398999035358429
RP11-667K14.4,1.0671618,0.76184833,-0.4404742,0.21960784,0.0016049641,0.02398999035358429
YEATS2,0.84326434,0.5541545,-0.4170973,0.21960784,0.0016049641,0.02398999035358429
HMGB1,5.0440044,4.4437532,-0.86597943,0.21960784,0.0016049641,0.02398999035358429
MTMR12,0.50775397,0.34978166,-0.22790585,0.21960784,0.0016049641,0.02398999035358429
IL32,6.666246,5.756741,-1.3121382,0.21960784,0.0016049641,0.02398999035358429
AC007229.3,0.57288796,0.38469616,-0.2715034,0.21960784,0.0016049641,0.02398999035358429
KCNQ1OT1,0.16946581,0.27539033,0.15281677,0.78039217,0.0016049641,0.02398999035358429
SLA2,2.221787,1.697703,-0.7560933,0.22156863,0.0017311048,0.024840442463755608
PLEKHG2,1.15508,0.784456,-0.53469735,0.22156863,0.0017311048,0.024840442463755608
NDUFB8,2.8176908,2.133565,-0.986985,0.22156863,0.0017311048,0.024840442463755608
SPCS3,2.080904,1.6050956,-0.68644637,0.22156863,0.0017311048,0.024840442463755608
DRG1,1.0644841,0.7135961,-0.5062244,0.22156863,0.0017311048,0.024840442463755608
ZCCHC17,1.0074289,0.65322644,-0.5110061,0.22156863,0.0017311048,0.024840442463755608
PCK2,0.59052,0.31275156,-0.40073517,0.22156863,0.0017311048,0.024840442463755608
AP2B1,1.928387,1.5034679,-0.6130287,0.22156863,0.0017311048,0.024840442463755608
VDAC1,2.0971572,1.474383,-0.8984733,0.22156863,0.0017311048,0.024840442463755608
DNAJB11,2.0519762,1.6010581,-0.65053725,0.22156863,0.0017311048,0.024840442463755608
HMGB1P5,3.219162,2.5863154,-0.91300464,0.22156863,0.0017311048,0.024840442463755608
PARK7,3.8954709,2.9623199,-1.3462523,0.22156863,0.0017311048,0.024840442463755608
FIBP,1.3401958,0.86217886,-0.68963265,0.22156863,0.0017311048,0.024840442463755608
RFC4,0.67939496,0.33566508,-0.49589738,0.22156863,0.0017311048,0.024840442463755608
ECHS1,1.124934,0.73681414,-0.55993855,0.22156863,0.0017311048,0.024840442463755608
MVP,2.342864,1.7489974,-0.85676837,0.22156863,0.0017311048,0.024840442463755608
FRG1,1.4268578,1.0953391,-0.47828048,0.22156863,0.0017311048,0.024840442463755608
ITGB1BP1,1.4724877,0.9780233,-0.7133613,0.22156863,0.0017311048,0.024840442463755608
TMEM63A,0.5485168,0.8020028,0.36570296,0.77843136,0.0017311048,0.024840442463755608
PARP9,2.0828454,1.2808557,-1.1570266,0.22352941,0.0018663036,0.02554362453520298
TANK,2.7134671,1.9456164,-1.1077745,0.22352941,0.0018663036,0.02554362453520298
SGPL1,1.0866987,0.8480264,-0.3443313,0.22352941,0.0018663036,0.02554362453520298
GPR171,1.9324565,1.2414416,-0.99692374,0.22352941,0.0018663036,0.02554362453520298
LMAN2,2.6808197,2.00098,-0.9808016,0.22352941,0.0018663036,0.02554362453520298
MIEN1,1.1572794,0.7121591,-0.6421728,0.22352941,0.0018663036,0.02554362453520298
PCCB,0.6297146,0.39826924,-0.3339051,0.22352941,0.0018663036,0.02554362453520298
RIC8A,1.2853005,0.9409827,-0.4967456,0.22352941,0.0018663036,0.02554362453520298
TRAPPC1,2.0510023,1.4840801,-0.8178958,0.22352941,0.0018663036,0.02554362453520298
GBP1,1.9821624,1.2074623,-1.1176559,0.22352941,0.0018663036,0.02554362453520298
IER3IP1,0.8997311,0.58264416,-0.45745975,0.22352941,0.0018663036,0.02554362453520298
NFE2L1,0.3085985,0.20545909,-0.1487987,0.22352941,0.0018663036,0.02554362453520298
LMF2,1.3167241,0.972666,-0.49637082,0.22352941,0.0018663036,0.02554362453520298
SLC25A6,3.828752,3.3509855,-0.6892714,0.22352941,0.0018663036,0.02554362453520298
UBE2V1,2.9189577,2.2564843,-0.9557471,0.22352941,0.0018663036,0.02554362453520298
SCD,0.43129104,0.20545445,-0.32581332,0.22352941,0.0018663036,0.02554362453520298
ENSA,2.0879488,1.5761379,-0.73838705,0.22352941,0.0018663036,0.02554362453520298
MFSD10,1.8635205,1.4278364,-0.6285593,0.22352941,0.0018663036,0.02554362453520298
NELFE,1.414621,1.0066887,-0.5885219,0.22352941,0.0018663036,0.02554362453520298
C14orf166,2.2358131,1.5882083,-0.93429625,0.22352941,0.0018663036,0.02554362453520298
CSRP1,1.1001393,0.8128334,-0.4144947,0.22352941,0.0018663036,0.02554362453520298
PSMD4,2.1242754,1.4734691,-0.938915,0.22352941,0.0018663036,0.02554362453520298
SDHAF2,1.3905762,1.0264114,-0.52537876,0.22352941,0.0018663036,0.02554362453520298
YEATS4,0.746276,0.40240487,-0.4961012,0.2254902,0.0020105366,0.02596200816333294
MTHFD1,1.1697315,0.68704396,-0.6963709,0.2254902,0.0020111415,0.02596200816333294
RNF40,0.84784204,0.61012906,-0.34294733,0.2254902,0.0020111415,0.02596200816333294
RRAGA,0.8833161,0.56676203,-0.456691,0.2254902,0.0020111415,0.02596200816333294
PCMT1,1.797405,1.3309565,-0.672943,0.2254902,0.0020111415,0.02596200816333294
FASLG,1.4399358,0.87939364,-0.8086914,0.2254902,0.0020111415,0.02596200816333294
MCM7,1.2508411,0.77617973,-0.6847917,0.2254902,0.0020111415,0.02596200816333294
SMPD4,0.9809802,0.72387236,-0.37092823,0.2254902,0.0020111415,0.02596200816333294
RIOK3,1.4212681,1.1043948,-0.45715156,0.2254902,0.0020111415,0.02596200816333294
FAM53B,1.1937984,0.8467217,-0.50072587,0.2254902,0.0020111415,0.02596200816333294
RAPGEF1,1.3006867,1.0222521,-0.40169626,0.2254902,0.0020111415,0.02596200816333294
PSMG3,0.94849336,0.6284115,-0.46178055,0.2254902,0.0020111415,0.02596200816333294
HNRNPF,3.3180907,2.4842744,-1.2029426,0.2254902,0.0020111415,0.02596200816333294
RANBP1,1.5775089,1.0142455,-0.81261736,0.2254902,0.0020111415,0.02596200816333294
DR1,2.3381352,1.8502588,-0.7038569,0.2254902,0.0020111415,0.02596200816333294
TYMP,0.93707275,0.521567,-0.5994481,0.2254902,0.0020111415,0.02596200816333294
LAP3P2,0.16519251,0.10407403,-0.088175334,0.2254902,0.0020111415,0.02596200816333294
SYNGR2,2.4944804,1.9125714,-0.8395171,0.2254902,0.0020111415,0.02596200816333294
ZDHHC12,1.0240481,0.58108276,-0.6390639,0.2254902,0.0020111415,0.02596200816333294
HIST1H1C,0.8139706,0.3916994,-0.6092086,0.2254902,0.0020111415,0.02596200816333294
RBCK1,2.318641,1.63357,-0.98834854,0.2254902,0.0020111415,0.02596200816333294
EZH2,1.5031472,0.94112724,-0.81082344,0.2254902,0.0020111415,0.02596200816333294
NHP2,1.5307757,0.95187277,-0.83518034,0.2254902,0.0020111415,0.02596200816333294
C7orf50,1.1771921,0.82781154,-0.5040496,0.2254902,0.0020111415,0.02596200816333294
CCDC109B,0.72329515,1.0230466,0.43244994,0.7745098,0.0020111415,0.02596200816333294
SIT1,2.4614458,1.6849153,-1.1202967,0.2254902,0.0020111415,0.02596200816333294
PLEK,1.12818,0.6614556,-0.67334104,0.2254902,0.0020111415,0.02596200816333294
PGK1,5.0723004,4.3171325,-1.0894771,0.2254902,0.0020111415,0.02596200816333294
ACP5,1.5803016,0.95381075,-0.9038353,0.2254902,0.0020111415,0.02596200816333294
RANGRF,0.9075083,0.6458246,-0.37752977,0.2254902,0.0020111415,0.02596200816333294
IRF9,2.9461772,2.1835752,-1.1002022,0.22745098,0.0021662316,0.02613280527293682
PRPSAP1,0.8237528,0.517088,-0.44242382,0.22745098,0.0021662316,0.02613280527293682
HADH,0.6209902,0.3217075,-0.43177372,0.22745098,0.0021662316,0.02613280527293682
UQCRQ,2.548022,1.849556,-1.0076735,0.22745098,0.0021662316,0.02613280527293682
UBE2N,2.1039128,1.5863597,-0.74667126,0.22745098,0.0021662316,0.02613280527293682
NUSAP1,1.144431,0.5619358,-0.84036297,0.22745098,0.0021662316,0.02613280527293682
CORO1A,6.329263,5.5552993,-1.116594,0.22745098,0.0021662316,0.02613280527293682
GYS1,0.566322,0.37217638,-0.28009295,0.22745098,0.0021662316,0.02613280527293682
EIF4E,1.661121,1.1982142,-0.6678334,0.22745098,0.0021662316,0.02613280527293682
LRIF1,0.7100824,0.5329362,-0.25556794,0.22745098,0.0021662316,0.02613280527293682
MTMR2,0.8005969,0.50472975,-0.42684606,0.22745098,0.0021662316,0.02613280527293682
SHKBP1,2.0442936,1.4909983,-0.7982365,0.22745098,0.0021662316,0.02613280527293682
VAMP8,2.2003903,1.6185402,-0.83943236,0.22745098,0.0021662316,0.02613280527293682
SNRPB,3.146956,2.4203157,-1.0483203,0.22745098,0.0021662316,0.02613280527293682
RP11-887P2.3,1.0739123,0.74237424,-0.47830826,0.22745098,0.0021662316,0.02613280527293682
EIF3F,3.5551949,3.0081544,-0.7892126,0.22745098,0.0021662316,0.02613280527293682
LAMTOR3,0.8217543,0.59894705,-0.32144287,0.22745098,0.0021662316,0.02613280527293682
DDT,1.097288,0.7422499,-0.51221174,0.22745098,0.0021662316,0.02613280527293682
SMC2,0.6378705,0.30888975,-0.47461888,0.22745098,0.0021662316,0.02613280527293682
ASNA1,1.0798832,0.7137244,-0.5282555,0.22745098,0.0021662316,0.02613280527293682
WASF2,2.5177963,2.1388,-0.5467762,0.22745098,0.0021662316,0.02613280527293682
IDH2,2.5543802,1.6801996,-1.261176,0.22745098,0.0021662316,0.02613280527293682
MRPL41,0.86300385,0.57393116,-0.41704375,0.22745098,0.0021662316,0.02613280527293682
SP100,3.994943,3.3887558,-0.87454313,0.22745098,0.0021662316,0.02613280527293682
VCP,2.6045458,2.0023994,-0.8687136,0.22745098,0.0021662316,0.02613280527293682
MCM3,1.0569812,0.61469144,-0.63808924,0.22745098,0.0021662316,0.02613280527293682
RAB11A,1.376965,0.96606153,-0.5928085,0.22745098,0.0021662316,0.02613280527293682
CYC1,1.5371029,1.0782189,-0.6620297,0.22745098,0.0021662316,0.02613280527293682
PSMC2,1.1341355,0.80160034,-0.47974682,0.22745098,0.0021662316,0.02613280527293682
BCAP31,2.3297057,1.7785522,-0.79514647,0.22745098,0.0021662316,0.02613280527293682
CTC-479C5.12,0.9136345,0.64897764,-0.3818191,0.22745098,0.0021662316,0.02613280527293682
CDK6,1.56638,1.0734943,-0.71108377,0.22745098,0.0021662316,0.02613280527293682
RRM1,1.0088968,0.6437509,-0.5267942,0.22745098,0.0021662316,0.02613280527293682
SERPINB9,4.04094,3.1412897,-1.2979207,0.22745098,0.0021662316,0.02613280527293682
CCT7,2.358308,1.838813,-0.74947304,0.22745098,0.0021662316,0.02613280527293682
DYNC1LI1,0.6860079,0.47600096,-0.30297598,0.22745098,0.0021662316,0.02613280527293682
ANP32B,2.3567843,1.7318763,-0.9015518,0.22745098,0.0021662316,0.02613280527293682
TNFSF4,0.5889387,0.21739063,-0.5360306,0.22941177,0.0023315307,0.026671767234802246
COX6A1,2.8227282,2.1166902,-1.0185975,0.22941177,0.0023322145,0.026671767234802246
ALG5,1.0213051,0.6565404,-0.5262442,0.22941177,0.0023322145,0.026671767234802246
PLEKHO2,0.7618549,0.4828336,-0.40254262,0.22941177,0.0023322145,0.026671767234802246
XRN1,2.06943,1.6606966,-0.58967775,0.22941177,0.0023322145,0.026671767234802246
RARS2,0.78541505,0.59608006,-0.27315265,0.22941177,0.0023322145,0.026671767234802246
MTHFD2,2.0344357,1.3496414,-0.9879494,0.22941177,0.0023322145,0.026671767234802246
IL2RB,3.758692,2.8722918,-1.2788053,0.22941177,0.0023322145,0.026671767234802246
SELT,2.6559842,2.138868,-0.74604076,0.22941177,0.0023322145,0.026671767234802246
CTSD,3.5753746,2.8219562,-1.086953,0.22941177,0.0023322145,0.026671767234802246
RP11-550F7.1,0.38350707,0.2793699,-0.1502382,0.22941177,0.0023322145,0.026671767234802246
MRPS18B,0.888447,0.52827775,-0.51961434,0.22941177,0.0023322145,0.026671767234802246
HIGD1A,1.273894,0.8169681,-0.65920466,0.22941177,0.0023322145,0.026671767234802246
VAMP5,1.5078242,0.9452104,-0.81168014,0.22941177,0.0023322145,0.026671767234802246
DDX39A,2.4052744,1.9013735,-0.7269753,0.22941177,0.0023322145,0.026671767234802246
LSM1,1.0346406,0.73148966,-0.4373543,0.22941177,0.0023322145,0.026671767234802246
METTL5,0.95492566,0.577242,-0.5448823,0.22941177,0.0023322145,0.026671767234802246
LINC00674,0.41014713,0.5968157,0.26930583,0.7705882,0.0023322145,0.026671767234802246
APEX1,1.244766,0.86792684,-0.543664,0.22941177,0.0023322145,0.026671767234802246
HINT1,3.5960968,2.8328867,-1.1010793,0.22941177,0.0023322145,0.026671767234802246
IGBP1,1.2509228,0.9768651,-0.39538166,0.22941177,0.0023322145,0.026671767234802246
SLC25A5,3.9596503,3.0996907,-1.2406595,0.22941177,0.0023322145,0.026671767234802246
CLIC3,1.0152179,0.6098491,-0.58482355,0.22941177,0.0023322145,0.026671767234802246
ATP5L,3.7271795,2.9727838,-1.0883629,0.22941177,0.0023322145,0.026671767234802246
TMEM70,0.8128254,0.51238203,-0.43344814,0.22941177,0.0023322145,0.026671767234802246
AIP,2.4050086,1.7922429,-0.884034,0.22941177,0.0023322145,0.026671767234802246
BAX,0.7291868,0.4833728,-0.35463458,0.22941177,0.0023322145,0.026671767234802246
VMA21,0.78371996,0.5002522,-0.40895754,0.22941177,0.0023322145,0.026671767234802246
DDX23,0.9630379,0.66759306,-0.4262368,0.22941177,0.0023322145,0.026671767234802246
CHMP5,1.2681154,0.8153722,-0.65317035,0.22941177,0.0023322145,0.026671767234802246
ARPC1A,0.99113667,0.7235893,-0.38598925,0.22941177,0.0023322145,0.026671767234802246
RFXANK,0.87535024,0.5331215,-0.49373165,0.23137255,0.002509772,0.02750258333981037
COTL1,4.9578648,4.0164804,-1.3581305,0.23137255,0.002509772,0.02750258333981037
EIF3H,3.333719,2.736063,-0.86223537,0.23137255,0.002509772,0.02750258333981037
AK3,0.86928254,0.5955161,-0.3949615,0.23137255,0.002509772,0.02750258333981037
SHISA5,3.2053502,2.4413276,-1.1022516,0.23137255,0.002509772,0.02750258333981037
NDUFA10,1.796507,1.4121273,-0.5545427,0.23137255,0.002509772,0.02750258333981037
C17orf49,2.3541834,1.5881823,-1.105106,0.23137255,0.002509772,0.02750258333981037
TCEA1,2.2352304,1.7830007,-0.6524296,0.23137255,0.002509772,0.02750258333981037
HMGN4,1.9653691,1.5051742,-0.66392094,0.23137255,0.002509772,0.02750258333981037
FKBP1C,0.55246574,0.362611,-0.2739025,0.23137255,0.002509772,0.02750258333981037
MAEA,1.1389593,0.8664541,-0.39314184,0.23137255,0.002509772,0.02750258333981037
SAT1,5.242753,4.318928,-1.3327981,0.23137255,0.002509772,0.02750258333981037
ACLY,1.5114039,1.095846,-0.59952325,0.23137255,0.002509772,0.02750258333981037
CCDC107,1.6277804,1.1881542,-0.6342466,0.23137255,0.002509772,0.02750258333981037
LAMTOR2,1.0480969,0.66185445,-0.55723006,0.23137255,0.002509772,0.02750258333981037
ANAPC15,0.80961245,0.49841633,-0.4489611,0.23137255,0.002509772,0.02750258333981037
SRP19,1.4573581,1.0201309,-0.6307856,0.23137255,0.002509772,0.02750258333981037
MPC2,1.3488675,0.98034006,-0.5316728,0.23137255,0.002509772,0.02750258333981037
CAPZB,4.0652237,3.358521,-1.0195565,0.23137255,0.002509772,0.02750258333981037
C9orf114,0.81001365,0.53388065,-0.39837572,0.23137255,0.002509772,0.02750258333981037
CRELD2,0.6178646,0.38433924,-0.3369059,0.23137255,0.002509772,0.02750258333981037
MRPL33,1.2113419,0.85864615,-0.50883234,0.23137255,0.002509772,0.02750258333981037
CLTA,1.7040077,1.1127496,-0.85300523,0.23137255,0.002509772,0.02750258333981037
WAS,0.51018333,0.36420125,-0.21060763,0.23137255,0.002509772,0.02750258333981037
GARS,1.3102856,0.8827618,-0.6167865,0.23137255,0.002509772,0.02750258333981037
UQCR11,2.3528125,1.8263569,-0.7595149,0.23137255,0.002509772,0.02750258333981037
COPB2,1.187699,0.84219474,-0.49845722,0.23333333,0.0026996143,0.0280496496707201
AC006011.4,0.6291987,0.37998056,-0.35954574,0.23333333,0.0026996143,0.0280496496707201
RPA3,1.106804,0.64666665,-0.6638379,0.23333333,0.0026996143,0.0280496496707201
MAZ,1.2407651,0.87762135,-0.5239057,0.23333333,0.0026996143,0.0280496496707201
DSCR3,1.1094366,0.81566304,-0.4238257,0.23333333,0.0026996143,0.0280496496707201
CD2,5.352406,4.6784067,-0.97237545,0.23333333,0.0026996143,0.0280496496707201
AC040977.1,1.8814486,1.4607675,-0.6069146,0.23333333,0.0026996143,0.0280496496707201
LAG3,1.9378562,1.2348658,-1.0142008,0.23333333,0.0026996143,0.0280496496707201
CUEDC2,1.0939151,0.7447504,-0.5037382,0.23333333,0.0026996143,0.0280496496707201
MRPL55,1.0015283,0.680389,-0.46330604,0.23333333,0.0026996143,0.0280496496707201
PET100,1.5698466,1.1541395,-0.5997386,0.23333333,0.0026996143,0.0280496496707201
TYMS,0.84592634,0.34242928,-0.7263927,0.23333333,0.0026996143,0.0280496496707201
TMCO1,1.9223124,1.4070996,-0.7432949,0.23333333,0.0026996143,0.0280496496707201
ITCH,1.3440791,1.0295514,-0.45376763,0.23333333,0.0026996143,0.0280496496707201
HAT1,1.0715157,0.7114537,-0.51945966,0.23333333,0.0026996143,0.0280496496707201
RFX7,0.81292194,0.56279105,-0.36086258,0.23333333,0.0026996143,0.0280496496707201
RGPD6,1.0989922,1.456017,0.5150779,0.76666665,0.0026996143,0.0280496496707201
UBE2F,1.5751778,0.98357886,-0.85349685,0.23333333,0.0026996143,0.0280496496707201
EIF2S2,1.4837106,1.1219487,-0.52191216,0.23333333,0.0026996143,0.0280496496707201
APOBEC3G,4.4803295,3.2491105,-1.7762736,0.23333333,0.0026996143,0.0280496496707201
SLC25A11,1.2543796,0.82163584,-0.6243173,0.23333333,0.0026996143,0.0280496496707201
TRIM25,0.93616253,0.5833854,-0.5089498,0.23333333,0.0026996143,0.0280496496707201
PSMA1,2.725802,2.1930225,-0.76863825,0.23333333,0.0026996143,0.0280496496707201
PKM,3.74206,2.9235327,-1.1808852,0.23333333,0.0026996143,0.0280496496707201
CMTM6,1.7006911,1.3146396,-0.5569546,0.23333333,0.0026996143,0.0280496496707201
FIP1L1,1.4319842,1.0972149,-0.48296994,0.23333333,0.0026996143,0.0280496496707201
TBC1D2B,1.097647,0.832453,-0.382594,0.23333333,0.0026996143,0.0280496496707201
WARS,1.9916103,1.0230352,-1.3973585,0.23333333,0.0026996143,0.0280496496707201
NCBP1,1.0772308,0.77802324,-0.43166527,0.23333333,0.0026996143,0.0280496496707201
ABI3,1.753633,1.2453578,-0.7332862,0.23333333,0.0026996143,0.0280496496707201
RP11-680H20.1,0.61725503,0.4156551,-0.2908472,0.23333333,0.0026996143,0.0280496496707201
EIF3M,2.5441785,1.9071162,-0.91908664,0.23333333,0.0026996143,0.0280496496707201
ARPC4-TTLL3,1.1734569,0.83252734,-0.4918574,0.23333333,0.0026996143,0.0280496496707201
PLSCR1,1.2960246,0.8295482,-0.67298317,0.23333333,0.0026996143,0.0280496496707201
PMVK,0.8703216,0.5573272,-0.4515554,0.23529412,0.002902496,0.028796814382076263
CD99,4.0764537,3.5611436,-0.74343526,0.23529412,0.002902496,0.028796814382076263
CTSW,4.284874,2.9246557,-1.9623802,0.23529412,0.002902496,0.028796814382076263
PA2G4,2.1653485,1.6073589,-0.8050088,0.23529412,0.002902496,0.028796814382076263
UQCRH,2.3338602,1.6525414,-0.9829352,0.23529412,0.002902496,0.028796814382076263
EMC4,1.8164486,1.3439652,-0.68164945,0.23529412,0.002902496,0.028796814382076263
PAIP2,3.5151262,2.9379413,-0.8327018,0.23529412,0.002902496,0.028796814382076263
NDUFS6,1.1950264,0.798866,-0.5715387,0.23529412,0.002902496,0.028796814382076263
PAICS,0.5848665,0.26838416,-0.45658752,0.23529412,0.002902496,0.028796814382076263
TOMM5,1.5373775,1.0669975,-0.6786148,0.23529412,0.002902496,0.028796814382076263
HAUS4,0.57145923,0.31395075,-0.3715062,0.23529412,0.002902496,0.028796814382076263
CHCHD5,0.60069716,0.39837754,-0.29188552,0.23529412,0.002902496,0.028796814382076263
AP1B1,0.9604162,0.6533559,-0.4429944,0.23529412,0.002902496,0.028796814382076263
ARPC1B,4.5608163,3.6299908,-1.3428973,0.23529412,0.002902496,0.028796814382076263
HINT2,0.8428099,0.46137425,-0.55029535,0.23529412,0.002902496,0.028796814382076263
ATM,1.3315622,1.7465614,0.59871733,0.7647059,0.002902496,0.028796814382076263
MRPL10,1.5183723,1.1396422,-0.54639196,0.23529412,0.002902496,0.028796814382076263
MT1F,0.8809443,0.5070675,-0.5393902,0.23529412,0.002902496,0.028796814382076263
PSMD11,1.9414469,1.5054791,-0.6289686,0.23529412,0.002902496,0.028796814382076263
ANAPC10,0.5797239,0.40152413,-0.25708792,0.23529412,0.002902496,0.028796814382076263
MPDU1,0.9176597,0.6205835,-0.4285904,0.23529412,0.002902496,0.028796814382076263
RECQL,1.0382407,0.7712338,-0.3852095,0.23529412,0.002902496,0.028796814382076263
RPL12P38,0.70318836,0.5115755,-0.2764389,0.23529412,0.002902496,0.028796814382076263
MRPL12,0.71387327,0.4191816,-0.42515022,0.23529412,0.002902496,0.028796814382076263
NOP10,1.6824971,1.0940038,-0.8490164,0.23529412,0.002902496,0.028796814382076263
ROMO1,1.3329934,0.92545366,-0.58795553,0.23529412,0.002902496,0.028796814382076263
NCAPH2,1.0729871,0.73594534,-0.48624843,0.23529412,0.002902496,0.028796814382076263
MEA1,1.3804822,0.90559995,-0.6851103,0.23529412,0.002902496,0.028796814382076263
MAPRE1,1.8282622,1.4102695,-0.603036,0.23529412,0.002902496,0.028796814382076263
GMPS,0.98332566,0.6378802,-0.49837244,0.23529412,0.002902496,0.028796814382076263
OAS3,1.300843,0.68746597,-0.884916,0.23529412,0.002902496,0.028796814382076263
S100A4,4.1601887,3.1452904,-1.4641887,0.2372549,0.0031192019,0.030071400105953217
CAMLG,1.4179562,1.1063218,-0.44959342,0.2372549,0.0031192019,0.030071400105953217
ELOVL5,2.4425588,1.9180087,-0.7567658,0.2372549,0.0031192019,0.030071400105953217
NABP2,0.757892,0.44180825,-0.45601246,0.2372549,0.0031192019,0.030071400105953217
DECR1,1.6033772,1.1044626,-0.71978164,0.2372549,0.0031192019,0.030071400105953217
STMN1,1.3544917,0.73950183,-0.88724285,0.2372549,0.0031192019,0.030071400105953217
CDK2,0.64095175,0.37073034,-0.3898471,0.2372549,0.0031192019,0.030071400105953217
DBNL,1.941735,1.4353565,-0.7305498,0.2372549,0.0031192019,0.030071400105953217
HLA-DMB,0.7991086,0.5133334,-0.41228652,0.2372549,0.0031192019,0.030071400105953217
APOPT1,0.66266644,0.41564783,-0.3563725,0.2372549,0.0031192019,0.030071400105953217
C9orf16,2.188309,1.5585535,-0.90854514,0.2372549,0.0031192019,0.030071400105953217
KIAA0368,0.70880646,0.5004076,-0.30065602,0.2372549,0.0031192019,0.030071400105953217
FANCD2,0.89530367,0.56429386,-0.47754622,0.2372549,0.0031192019,0.030071400105953217
MLF2,2.106595,1.698977,-0.58806854,0.2372549,0.0031192019,0.030071400105953217
PTTG1,1.4294232,0.8662181,-0.81253326,0.2372549,0.0031192019,0.030071400105953217
NDUFA8,0.68566126,0.42669168,-0.37361413,0.2372549,0.0031192019,0.030071400105953217
NEAT1,3.5040867,3.0184987,-0.7005555,0.2372549,0.0031192019,0.030071400105953217
ETFA,1.6351123,1.1136934,-0.7522485,0.2372549,0.0031192019,0.030071400105953217
UQCRFS1P1,1.0282624,0.77935433,-0.3590984,0.2372549,0.0031192019,0.030071400105953217
CENPN,0.5589069,0.3477818,-0.30458915,0.2372549,0.0031192019,0.030071400105953217
CYB5B,1.4553127,0.99000627,-0.67129534,0.23921569,0.0033505652,0.0313701257109642
BOLA2B,1.2691132,0.85487545,-0.5976187,0.23921569,0.0033505652,0.0313701257109642
IDH3G,1.209873,0.85625106,-0.51016855,0.23921569,0.0033505652,0.0313701257109642
METTL2B,0.5546498,0.3768307,-0.2565387,0.23921569,0.0033505652,0.0313701257109642
HIGD2A,2.5494487,1.8948741,-0.94435155,0.23921569,0.0033505652,0.0313701257109642
TECRP1,0.55590695,0.40693724,-0.21491787,0.23921569,0.0033505652,0.0313701257109642
RP11-345J4.6,4.5882893,3.7713754,-1.1785575,0.23921569,0.0033505652,0.0313701257109642
ZC3H3,0.46678993,0.31895265,-0.2132841,0.23921569,0.0033505652,0.0313701257109642
MED13L,0.3462062,0.47097054,0.17999691,0.7607843,0.0033505652,0.0313701257109642
CCDC167,0.9527513,0.57676876,-0.54242814,0.23921569,0.0033505652,0.0313701257109642
NDUFA4,2.2368178,1.7812089,-0.65730476,0.23921569,0.0033505652,0.0313701257109642
SERBP1P5,0.38472736,0.27563488,-0.15738717,0.23921569,0.0033505652,0.0313701257109642
ERI1,0.71107423,0.44379526,-0.38560206,0.23921569,0.0033505652,0.0313701257109642
NDUFB2,1.9463267,1.3415184,-0.872554,0.23921569,0.0033505652,0.0313701257109642
RCC2,0.64399207,0.39386186,-0.3608616,0.23921569,0.0033505652,0.0313701257109642
YIPF3,1.3494251,0.9544588,-0.56981593,0.23921569,0.0033505652,0.0313701257109642
ITGB2,4.7574224,4.1167803,-0.92425126,0.23921569,0.0033505652,0.0313701257109642
HDAC1,2.3155143,1.6879749,-0.90534794,0.23921569,0.0033505652,0.0313701257109642
LRPAP1,1.5023423,1.2061627,-0.4272969,0.23921569,0.0033505652,0.0313701257109642
COPS3,1.2696316,0.9203085,-0.5039668,0.23921569,0.0033505652,0.0313701257109642
SRGAP2,1.4720999,1.0843982,-0.5593354,0.23921569,0.0033505652,0.0313701257109642
RP11-343N15.5,0.6805327,0.47230834,-0.30040425,0.24117647,0.0035974516,0.03209454193711281
TP53,1.0564373,0.7076026,-0.503262,0.24117647,0.0035974516,0.03209454193711281
DCTN2,1.539307,1.0898334,-0.64845335,0.24117647,0.0035974516,0.03209454193711281
REXO2,0.9180058,0.6463945,-0.39185232,0.24117647,0.0035974516,0.03209454193711281
C12orf75,1.6639043,1.0187931,-0.93069875,0.24117647,0.0035974516,0.03209454193711281
BANF1,1.9445208,1.4075611,-0.7746692,0.24117647,0.0035974516,0.03209454193711281
CCR7,0.5999373,1.3446321,1.0743675,0.7588235,0.0035974516,0.03209454193711281
GSDMD,1.9268965,1.4223204,-0.72794944,0.24117647,0.0035974516,0.03209454193711281
SETD8,0.3888786,0.26141036,-0.18389782,0.24117647,0.0035974516,0.03209454193711281
MRPL28,1.1497539,0.72506696,-0.6126938,0.24117647,0.0035974516,0.03209454193711281
MAP4K1,3.1392176,2.5008423,-0.9209809,0.24117647,0.0035974516,0.03209454193711281
TNFSF10,0.96087927,0.58440936,-0.5431313,0.24117647,0.0035974516,0.03209454193711281
ASL,0.6848039,0.42567164,-0.37384883,0.24117647,0.0035974516,0.03209454193711281
C11orf73,0.9909899,0.7161301,-0.39653894,0.24117647,0.0035974516,0.03209454193711281
B4GALT3,1.1625308,0.836388,-0.47052458,0.24117647,0.0035974516,0.03209454193711281
RHBDF2,1.0178107,0.6946594,-0.46620876,0.24117647,0.0035974516,0.03209454193711281
ATP5B,3.9287076,3.2984881,-0.9092145,0.24117647,0.0035974516,0.03209454193711281
ARL6IP6,1.0584618,0.72494453,-0.48116368,0.24117647,0.0035974516,0.03209454193711281
FANCL,0.69994086,0.34009835,-0.519143,0.24117647,0.0035974516,0.03209454193711281
SSR1,2.2565804,1.8068947,-0.6487593,0.24117647,0.0035974516,0.03209454193711281
CCNK,1.5954455,1.2916439,-0.43829313,0.24117647,0.0035974516,0.03209454193711281
MAP1LC3A,0.58737725,0.37415794,-0.30761045,0.24117647,0.0035974516,0.03209454193711281
UTP11L,0.602799,0.44364333,-0.2296131,0.24117647,0.0035974516,0.03209454193711281
IL7R,1.360336,2.433376,1.5480697,0.7588235,0.0035974516,0.03209454193711281
CRIP1,3.9043958,3.1237981,-1.1261644,0.24117647,0.0035974516,0.03209454193711281
RAD23A,1.8817515,1.4989103,-0.55232316,0.24117647,0.0035974516,0.03209454193711281
RAB27A,2.70186,1.9575604,-1.0737972,0.24117647,0.0035974516,0.03209454193711281
VPS37A,0.81029314,0.62115014,-0.27287567,0.24117647,0.0035974516,0.03209454193711281
GTF2A2,1.3849831,1.0023088,-0.5520822,0.24117647,0.0035974516,0.03209454193711281
VDAC2,2.142578,1.7055314,-0.6305249,0.24117647,0.0035974516,0.03209454193711281
SSH2,1.103398,1.3744019,0.39097607,0.7588235,0.0035974516,0.03209454193711281
SRP68,0.7320983,0.5210727,-0.30444556,0.24117647,0.0035974516,0.03209454193711281
EIF4E2,1.1573098,0.8365973,-0.46269026,0.24117647,0.0035974516,0.03209454193711281
RNF181,1.3372619,0.9407253,-0.5720814,0.24117647,0.0035974516,0.03209454193711281
BTN3A3,1.5864235,1.2360274,-0.5055148,0.24117647,0.0035974516,0.03209454193711281
PHF1,0.649163,0.8525419,0.29341376,0.7588235,0.0035974516,0.03209454193711281
SYNE3,0.46880576,0.26289093,-0.2970723,0.24313726,0.0038597481,0.03273018077015877
DDX19B,0.8244148,0.5870909,-0.34238598,0.24313726,0.0038607784,0.03273018077015877
PSMA6P1,0.44647372,0.31105724,-0.19536468,0.24313726,0.0038607784,0.03273018077015877
TUBB,2.7893636,2.030252,-1.0951666,0.24313726,0.0038607784,0.03273018077015877
SF3B14,1.498138,1.0324471,-0.6718499,0.24313726,0.0038607784,0.03273018077015877
ACTB,8.608581,8.269987,-0.48848712,0.24313726,0.0038607784,0.03273018077015877
ARHGAP18,0.6357258,0.4358759,-0.28832248,0.24313726,0.0038607784,0.03273018077015877
UQCR10,1.8752024,1.3969643,-0.6899517,0.24313726,0.0038607784,0.03273018077015877
NDUFC2,2.0657468,1.4598846,-0.8740743,0.24313726,0.0038607784,0.03273018077015877
ZNF384,0.88181424,0.673806,-0.30009243,0.24313726,0.0038607784,0.03273018077015877
DUSP23,0.8871297,0.56067413,-0.47097588,0.24313726,0.0038607784,0.03273018077015877
CNPPD1,1.2686827,0.94949776,-0.46048656,0.24313726,0.0038607784,0.03273018077015877
DCXR,1.9374769,1.3760735,-0.8099339,0.24313726,0.0038607784,0.03273018077015877
HIST1H2BK,1.203525,0.7801381,-0.61081815,0.24313726,0.0038607784,0.03273018077015877
SPCS2,2.3704731,1.8614656,-0.7343427,0.24313726,0.0038607784,0.03273018077015877
ERLEC1,1.22115,0.9061266,-0.45448273,0.24313726,0.0038607784,0.03273018077015877
NDUFS8,1.7698573,1.2880945,-0.69503677,0.24313726,0.0038607784,0.03273018077015877
LRRFIP1,3.04732,2.467927,-0.83588725,0.24313726,0.0038607784,0.03273018077015877
DCTN3,1.5739017,1.0510432,-0.7543254,0.24313726,0.0038607784,0.03273018077015877
NDUFS3,1.3221939,0.99212694,-0.47618592,0.24313726,0.0038607784,0.03273018077015877
CD37,4.03787,3.5892322,-0.64724743,0.24313726,0.0038607784,0.03273018077015877
ADSS,1.4618107,1.1214513,-0.4910349,0.24313726,0.0038607784,0.03273018077015877
TMEM160,1.0010308,0.64424646,-0.514731,0.24313726,0.0038607784,0.03273018077015877
TSPAN17,0.75711906,0.42361057,-0.48115104,0.24313726,0.0038607784,0.03273018077015877
UIMC1,0.7211654,0.5741797,-0.21205555,0.24313726,0.0038607784,0.03273018077015877
RP11-25K19.1,0.50972635,0.285034,-0.32416254,0.24313726,0.0038607784,0.03273018077015877
CNIH1,1.4115933,0.9294031,-0.6956534,0.24313726,0.0038607784,0.03273018077015877
HMOX2,1.9077392,1.416049,-0.70935893,0.24313726,0.0038607784,0.03273018077015877
PCGF5,1.1654785,0.89108664,-0.39586374,0.24313726,0.0038607784,0.03273018077015877
RAN,4.0871797,3.2566807,-1.1981567,0.24313726,0.0038607784,0.03273018077015877
ETHE1,0.92304516,0.5279432,-0.5700116,0.24313726,0.0038607784,0.03273018077015877
TADA3,1.0803331,0.72232664,-0.51649415,0.24313726,0.0038607784,0.03273018077015877
RUVBL2,0.9055754,0.5262544,-0.5472445,0.24313726,0.0038607784,0.03273018077015877
POLR2E,2.0730815,1.569808,-0.72607017,0.24313726,0.0038607784,0.03273018077015877
GPKOW,0.764391,0.4885714,-0.39792356,0.24313726,0.0038607784,0.03273018077015877
EXOSC9,1.1289685,0.7822474,-0.5002127,0.24313726,0.0038607784,0.03273018077015877
MRPL13,0.83692735,0.51523745,-0.46410042,0.24313726,0.0038607784,0.03273018077015877
GLIPR2,1.5917567,1.070662,-0.7517807,0.24313726,0.0038607784,0.03273018077015877
SURF4,2.8665502,2.1726913,-1.0010267,0.24313726,0.0038607784,0.03273018077015877
VKORC1,1.1587405,0.8695366,-0.41723308,0.24313726,0.0038607784,0.03273018077015877
TLK1,2.0306609,1.7361317,-0.42491582,0.24509804,0.0041414974,0.03380652144551277
SF3B2,2.305284,1.9289403,-0.5429492,0.24509804,0.0041414974,0.03380652144551277
TMEM167A,1.0389532,0.679846,-0.51808214,0.24509804,0.0041414974,0.03380652144551277
YY1AP1,1.3061316,0.9988828,-0.44326636,0.24509804,0.0041414974,0.03380652144551277
CLPP,1.3761312,0.96938795,-0.5868064,0.24509804,0.0041414974,0.03380652144551277
RAB7L1,1.6414263,1.2441425,-0.57315934,0.24509804,0.0041414974,0.03380652144551277
HIST2H2AA3,0.90248454,0.63981134,-0.37895733,0.24509804,0.0041414974,0.03380652144551277
COMMD3,1.1743348,0.7917811,-0.55190825,0.24509804,0.0041414974,0.03380652144551277
METAP2,1.2781444,0.9469452,-0.47781938,0.24509804,0.0041414974,0.03380652144551277
CCDC82,0.8056393,0.6290859,-0.25471276,0.24509804,0.0041414974,0.03380652144551277
AASDHPPT,0.9300463,0.6781235,-0.36344784,0.24509804,0.0041414974,0.03380652144551277
SLX1B,1.2675701,0.93365496,-0.48173776,0.24509804,0.0041414974,0.03380652144551277
PDCD6,1.7904048,1.3147432,-0.68623465,0.24509804,0.0041414974,0.03380652144551277
ARL6IP4,2.3954294,1.8892878,-0.7302079,0.24509804,0.0041414974,0.03380652144551277
AK2,1.5751275,1.085455,-0.70644814,0.24509804,0.0041414974,0.03380652144551277
USP5,0.68668365,0.42577147,-0.3764167,0.24509804,0.0041414974,0.03380652144551277
XCL1,0.95287716,0.5463579,-0.5864833,0.24509804,0.0041414974,0.03380652144551277
NUDT19,1.1919422,0.8888041,-0.43733588,0.24509804,0.0041414974,0.03380652144551277
PIPSL,0.27382994,0.18991446,-0.12106443,0.24509804,0.0041414974,0.03380652144551277
SLMO2,2.1484952,1.5952246,-0.7982007,0.24509804,0.0041414974,0.03380652144551277
HLA-DQA1,1.9518706,1.0628264,-1.2826196,0.24509804,0.0041414974,0.03380652144551277
ASNSD1,0.6668365,0.49460292,-0.24848053,0.24509804,0.0041414974,0.03380652144551277
CIB1,2.968042,2.3908927,-0.83265024,0.24509804,0.0041414974,0.03380652144551277
SREBF2,0.87002194,0.57266855,-0.42899024,0.24509804,0.0041414974,0.03380652144551277
KCNAB2,2.3360631,1.9254882,-0.5923344,0.24509804,0.0041414974,0.03380652144551277
RP11-64K7.1,0.16254778,0.11437961,-0.06949199,0.24509804,0.0041414974,0.03380652144551277
SNRNP35,0.72883636,0.51538867,-0.30793992,0.24509804,0.0041414974,0.03380652144551277
TRAPPC2L,1.1061764,0.7610728,-0.4978792,0.24509804,0.0041414974,0.03380652144551277
DDX12P,0.51121324,0.24154755,-0.38904536,0.24509804,0.0041414974,0.03380652144551277
STAMBP,0.9929281,0.65621287,-0.48577738,0.24509804,0.0041414974,0.03380652144551277
NDUFA3,1.9438721,1.5435282,-0.57757413,0.24509804,0.0041414974,0.03380652144551277
PFN1,6.797464,6.3177733,-0.6920472,0.24705882,0.0044406136,0.034991007298231125
SH3GLB1,1.593304,1.1715256,-0.6084977,0.24705882,0.0044406136,0.034991007298231125
PRDX1,2.9111536,2.2026646,-1.0221335,0.24705882,0.0044406136,0.034991007298231125
MBD2,0.6072937,0.36852753,-0.3444668,0.24705882,0.0044406136,0.034991007298231125
SUCLG1,1.2179929,0.8307489,-0.558675,0.24705882,0.0044406136,0.034991007298231125
ZBTB17,0.74055684,0.51144445,-0.33053932,0.24705882,0.0044406136,0.034991007298231125
GLB1,0.73379654,0.5202205,-0.30812505,0.24705882,0.0044406136,0.034991007298231125
NUTF2,1.5779338,1.0773362,-0.7222097,0.24705882,0.0044406136,0.034991007298231125
AP003419.11,1.2560463,0.92081344,-0.48363876,0.24705882,0.0044406136,0.034991007298231125
SRSF4,1.75158,1.3027322,-0.64755046,0.24705882,0.0044406136,0.034991007298231125
SDF2,0.9840704,0.7147393,-0.38856265,0.24705882,0.0044406136,0.034991007298231125
ADAM8,1.2280757,0.9476842,-0.40451944,0.24705882,0.0044406136,0.034991007298231125
SF3B4,1.3832289,1.032741,-0.50564724,0.24705882,0.0044406136,0.034991007298231125
SOD1,4.204852,3.4390073,-1.1048806,0.24705882,0.0044406136,0.034991007298231125
S100A6,3.8496852,3.018716,-1.198835,0.24705882,0.0044406136,0.034991007298231125
CNPY3,1.782504,1.3791701,-0.58188784,0.24705882,0.0044406136,0.034991007298231125
LSM2,1.4316493,0.89917845,-0.7681931,0.24705882,0.0044406136,0.034991007298231125
TMSB4X,9.223606,9.0164,-0.29893473,0.24705882,0.0044406136,0.034991007298231125
FAM179A,0.6067769,0.36377814,-0.3505731,0.24705882,0.0044406136,0.034991007298231125
BCL2L11,1.8246634,1.1661183,-0.9500798,0.24705882,0.0044406136,0.034991007298231125
ERH,1.5581504,1.0946733,-0.6686562,0.24705882,0.0044406136,0.034991007298231125
CCL4L1,3.4364936,2.468974,-1.3958356,0.24705882,0.0044406136,0.034991007298231125
EIF4G1,1.9067992,1.4491179,-0.66029453,0.24705882,0.0044406136,0.034991007298231125
NDUFV2,2.4817336,1.8730683,-0.8781183,0.24705882,0.0044406136,0.034991007298231125
ZBTB20,0.79221076,1.1080657,0.4556824,0.7529412,0.0044406136,0.034991007298231125
SDF2L1,1.0347173,0.6710334,-0.524685,0.24705882,0.0044406136,0.034991007298231125
APOBEC3F,1.0371513,0.6776367,-0.51867,0.24705882,0.0044406136,0.034991007298231125
RPS26P3,0.7871239,0.5800884,-0.29868916,0.24705882,0.0044406136,0.034991007298231125
PPP5C,1.1075274,0.79015017,-0.45787853,0.24705882,0.0044406136,0.034991007298231125
WDR1,3.230221,2.5473144,-0.985226,0.24705882,0.0044406136,0.034991007298231125
MKI67,0.58151686,0.20895465,-0.5374937,0.24901961,0.0047543366,0.03624420985579491
YWHAG,0.53160375,0.32558998,-0.29721504,0.24901961,0.0047591794,0.03624420985579491
TSPO,2.7355998,2.081088,-0.9442608,0.24901961,0.0047591794,0.03624420985579491
EIF2B1,0.96520764,0.7202592,-0.3533859,0.24901961,0.0047591794,0.03624420985579491
NDUFS7,2.1197512,1.5513144,-0.82008106,0.24901961,0.0047591794,0.03624420985579491
LAMTOR1,1.3132325,0.9093909,-0.5826203,0.24901961,0.0047591794,0.03624420985579491
ADPRHL2,0.5850672,0.39281055,-0.27736774,0.24901961,0.0047591794,0.03624420985579491
UCKL1,0.87438136,0.63361704,-0.3473495,0.24901961,0.0047591794,0.03624420985579491
CDK2AP2,2.542006,1.9475479,-0.8576217,0.24901961,0.0047591794,0.03624420985579491
ATP6V1A,0.716556,0.47436035,-0.3494145,0.24901961,0.0047591794,0.03624420985579491
MCM6,1.0543996,0.71294165,-0.49261972,0.24901961,0.0047591794,0.03624420985579491
C2orf69,0.5632872,0.3868765,-0.25450686,0.24901961,0.0047591794,0.03624420985579491
MRPL36,0.69373125,0.42034978,-0.39440608,0.24901961,0.0047591794,0.03624420985579491
SNW1,1.3474528,1.0335442,-0.45287433,0.24901961,0.0047591794,0.03624420985579491
FAM49B,2.8730175,2.2485714,-0.90088534,0.24901961,0.0047591794,0.03624420985579491
NDUFB1,1.1378448,0.7254561,-0.5949511,0.24901961,0.0047591794,0.03624420985579491
PDZD11,0.7513274,0.48594737,-0.38286245,0.24901961,0.0047591794,0.03624420985579491
CCL4,4.8132577,3.5730383,-1.7892584,0.24901961,0.0047591794,0.03624420985579491
CYB5R3,1.311011,1.0078026,-0.43743718,0.24901961,0.0047591794,0.03624420985579491
PSMB4,3.0166025,2.5483575,-0.6755348,0.24901961,0.0047591794,0.03624420985579491
RP11-498C9.2,1.1803505,0.9605054,-0.31716946,0.24901961,0.0047591794,0.03624420985579491
STX8,0.9840088,0.7337975,-0.3609786,0.24901961,0.0047591794,0.03624420985579491
GART,0.9289793,0.60630673,-0.4655181,0.24901961,0.0047591794,0.03624420985579491
NUP62,0.85542566,0.512905,-0.49415284,0.24901961,0.0047591794,0.03624420985579491
CAB39,1.0021385,0.6949848,-0.44312912,0.24901961,0.0047591794,0.03624420985579491
MRPS7,1.1665947,0.7845454,-0.55118066,0.24901961,0.0047591794,0.03624420985579491
TRIM5,0.5791462,0.40396577,-0.25273195,0.24901961,0.0047591794,0.03624420985579491
VCAM1,1.8412336,0.82947916,-1.4596533,0.24901961,0.0047591794,0.03624420985579491
LAMTOR5,1.7207506,1.2538086,-0.67365485,0.24901961,0.0047591794,0.03624420985579491
TSSC1,0.7161427,0.48155677,-0.33843598,0.24901961,0.0047591794,0.03624420985579491
TAPSAR1,2.689679,2.191128,-0.7192569,0.2509804,0.0050982866,0.03768971934914589
XRCC5,2.650518,2.0705318,-0.83674306,0.2509804,0.0050982866,0.03768971934914589
OAZ1,6.7539625,6.2176704,-0.7737059,0.2509804,0.0050982866,0.03768971934914589
AKR1B1,1.4637238,1.075897,-0.5595158,0.2509804,0.0050982866,0.03768971934914589
CDCA4,0.6618745,0.37028274,-0.42067796,0.2509804,0.0050982866,0.03768971934914589
PSMD2,1.4569324,1.1761649,-0.40506196,0.2509804,0.0050982866,0.03768971934914589
PTPLAD1,0.70742494,0.49637341,-0.304483,0.2509804,0.0050982866,0.03768971934914589
ATP5SL,0.68145883,0.4311178,-0.36116576,0.2509804,0.0050982866,0.03768971934914589
EIF3CL,1.725645,1.2896534,-0.6290028,0.2509804,0.0050982866,0.03768971934914589
CARD16,1.5172989,1.0535133,-0.66910124,0.2509804,0.0050982866,0.03768971934914589
KIF22,1.3483195,0.8882418,-0.66375184,0.2509804,0.0050982866,0.03768971934914589
TAPBPL,0.87973255,0.6631159,-0.31251174,0.2509804,0.0050982866,0.03768971934914589
ARPP19,1.9693415,1.5340408,-0.62800616,0.2509804,0.0050982866,0.03768971934914589
HSPA14,0.87961197,0.60389304,-0.39777833,0.2509804,0.0050982866,0.03768971934914589
USP7,1.1815256,0.94515926,-0.34100452,0.2509804,0.0050982866,0.03768971934914589
TNIP3,0.96718514,0.62378263,-0.49542508,0.2509804,0.0050982866,0.03768971934914589
SEC11A,1.9049968,1.334383,-0.8232216,0.2509804,0.0050982866,0.03768971934914589
MRPS36,0.7790509,0.50904185,-0.3895407,0.2509804,0.0050982866,0.03768971934914589
HNRNPR,2.4512823,1.866065,-0.84429,0.2509804,0.0050982866,0.03768971934914589
CAPZA2,1.9436482,1.471033,-0.68183964,0.2509804,0.0050982866,0.03768971934914589
COA3,0.8317273,0.5008857,-0.47730353,0.2509804,0.0050982866,0.03768971934914589
SNRPB2,1.8096288,1.3481263,-0.6658074,0.2509804,0.0050982866,0.03768971934914589
C20orf24,1.1073865,0.8789867,-0.3295112,0.2509804,0.0050982866,0.03768971934914589
COMMD3-BMI1,0.86398536,0.57181174,-0.42151743,0.2509804,0.0050982866,0.03768971934914589
TIPRL,0.9129501,0.63635725,-0.39903912,0.2509804,0.0050982866,0.03768971934914589
ARMC1,0.5689203,0.36661372,-0.29186672,0.2509804,0.0050982866,0.03768971934914589
SHMT2,0.95049274,0.57734203,-0.53834265,0.2509804,0.0050982866,0.03768971934914589
CENPF,0.5405865,0.29055944,-0.36071277,0.2529412,0.0054577366,0.038678962737321854
NAA60,1.0564526,0.75741756,-0.43141642,0.2529412,0.0054590907,0.038678962737321854
PGAM4,0.18759824,0.10773763,-0.11521451,0.2529412,0.0054590907,0.038678962737321854
TPP1,2.6191008,2.2033026,-0.59986997,0.2529412,0.0054590907,0.038678962737321854
TMEM209,0.8618959,0.5907719,-0.39114925,0.2529412,0.0054590907,0.038678962737321854
HPS1,1.6213275,1.2268014,-0.5691809,0.2529412,0.0054590907,0.038678962737321854
SCAND1,1.8203168,1.438824,-0.55037767,0.2529412,0.0054590907,0.038678962737321854
BLOC1S1,1.8196132,1.2701535,-0.7927028,0.2529412,0.0054590907,0.038678962737321854
DUSP12,0.6335257,0.41748562,-0.31168,0.2529412,0.0054590907,0.038678962737321854
SUMO2P1,1.1141372,0.82589,-0.41585276,0.2529412,0.0054590907,0.038678962737321854
AC092580.4,1.922618,1.2810346,-0.92560923,0.2529412,0.0054590907,0.038678962737321854
NDUFS4,0.7089496,0.44581026,-0.37962985,0.2529412,0.0054590907,0.038678962737321854
STOML2,1.2739509,0.84612375,-0.61722416,0.2529412,0.0054590907,0.038678962737321854
FZR1,0.55353475,0.4049353,-0.21438368,0.2529412,0.0054590907,0.038678962737321854
SARNP,1.6479776,1.1544375,-0.7120278,0.2529412,0.0054590907,0.038678962737321854
C4orf27,0.71254855,0.44541985,-0.38538525,0.2529412,0.0054590907,0.038678962737321854
GDI2,2.5142813,1.9471525,-0.81819385,0.2529412,0.0054590907,0.038678962737321854
CSNK2B,2.7122056,2.0934834,-0.8926274,0.2529412,0.0054590907,0.038678962737321854
BNIP2,1.6943425,1.3870499,-0.44332948,0.2529412,0.0054590907,0.038678962737321854
MYO1F,2.292586,1.7381258,-0.7999171,0.2529412,0.0054590907,0.038678962737321854
CNOT7,1.8576908,1.4608419,-0.57253194,0.2529412,0.0054590907,0.038678962737321854
NAGA,0.63628364,0.3625476,-0.3949176,0.2529412,0.0054590907,0.038678962737321854
SERBP1,2.6157014,2.110448,-0.7289268,0.2529412,0.0054590907,0.038678962737321854
SAMD9L,1.4257027,0.91667414,-0.734373,0.2529412,0.0054590907,0.038678962737321854
ZNF207,2.7632039,2.3463042,-0.6014591,0.2529412,0.0054590907,0.038678962737321854
VDAC1P1,0.21281761,0.14921425,-0.09176025,0.2529412,0.0054590907,0.038678962737321854
MIF,3.7256968,3.0793078,-0.9325422,0.2529412,0.0054590907,0.038678962737321854
SARS,1.9103733,1.5819459,-0.47382063,0.2529412,0.0054590907,0.038678962737321854
SQLE,0.50485003,0.2853184,-0.31671718,0.2529412,0.0054590907,0.038678962737321854
POLR1D,1.7802976,1.363731,-0.60097855,0.2529412,0.0054590907,0.038678962737321854
CKAP2,1.309479,0.8782175,-0.6221788,0.2529412,0.0054590907,0.038678962737321854
SNAP47,2.0013518,1.1113739,-1.2839668,0.2529412,0.0054590907,0.038678962737321854
EIF3G,3.3147237,2.8110332,-0.72667176,0.2529412,0.0054590907,0.038678962737321854
PYHIN1,2.7830923,2.2318256,-0.79530966,0.2529412,0.0054590907,0.038678962737321854
CTNNA1,0.64189565,0.35676754,-0.41135293,0.2529412,0.0054590907,0.038678962737321854
MRPL49,0.8659136,0.61648875,-0.35984403,0.2529412,0.0054590907,0.038678962737321854
RQCD1,2.7587433,2.3297417,-0.6189184,0.2529412,0.0054590907,0.038678962737321854
LSM3,0.754351,0.5111117,-0.3509202,0.2529412,0.0054590907,0.038678962737321854
B2M,10.388896,10.274507,-0.16502905,0.2529412,0.0054590907,0.038678962737321854
ARNT,1.1329068,0.7799756,-0.5091721,0.2529412,0.0054590907,0.038678962737321854
NCLN,0.77152807,0.58372074,-0.27094868,0.25490198,0.005842783,0.04038986563682556
IP6K2,1.5681039,1.2154721,-0.5087402,0.25490198,0.005842783,0.04038986563682556
GRIPAP1,1.1219823,0.9247946,-0.28448173,0.25490198,0.005842783,0.04038986563682556
FABP5P7,1.1919816,0.6909893,-0.72277904,0.25490198,0.005842783,0.04038986563682556
HPRT1,1.0540082,0.67796206,-0.54252,0.25490198,0.005842783,0.04038986563682556
MMS22L,0.65280616,0.4024488,-0.3611893,0.25490198,0.005842783,0.04038986563682556
TIGIT,3.387689,2.455871,-1.3443292,0.25490198,0.005842783,0.04038986563682556
OAS2,1.7163929,1.0893979,-0.90456253,0.25490198,0.005842783,0.04038986563682556
RER1,2.2049396,1.6546178,-0.79394656,0.25490198,0.005842783,0.04038986563682556
DLEU2,0.5538304,0.30983853,-0.35200584,0.25490198,0.005842783,0.04038986563682556
MCTS1,0.7558726,0.47574806,-0.4041343,0.25490198,0.005842783,0.04038986563682556
THRAP3,3.2297213,2.7998607,-0.6201577,0.25490198,0.005842783,0.04038986563682556
MAP4,2.1547098,1.6931648,-0.66586864,0.25490198,0.005842783,0.04038986563682556
STX10,0.8522223,0.52969694,-0.46530578,0.25490198,0.005842783,0.04038986563682556
KLHDC3,1.0748947,0.7244579,-0.50557333,0.25490198,0.005842783,0.04038986563682556
ATP6V1B2,1.0550689,0.7541529,-0.43412995,0.25490198,0.005842783,0.04038986563682556
SLC43A3,0.73742205,0.4209137,-0.45662504,0.25490198,0.005842783,0.04038986563682556
NDUFB9,1.7057598,1.2872722,-0.60374993,0.25490198,0.005842783,0.04038986563682556
TRAF7,0.6533563,0.45706022,-0.2831954,0.25490198,0.005842783,0.04038986563682556
NOP16,0.9591685,0.7234774,-0.34003034,0.25490198,0.005842783,0.04038986563682556
GLRX,1.1974024,0.8652272,-0.47922742,0.25490198,0.005842783,0.04038986563682556
ATP6V1E1,1.262342,0.80643004,-0.6577419,0.25490198,0.005842783,0.04038986563682556
HNRNPK,5.4546247,4.980815,-0.68356293,0.25490198,0.005842783,0.04038986563682556
UBR7,0.7359498,0.4733865,-0.37879878,0.25490198,0.005842783,0.04038986563682556
ASXL2,1.3489693,1.0327337,-0.45623162,0.25686276,0.0062506245,0.041974637657403946
ARHGDIA,1.897752,1.5944222,-0.43761244,0.25686276,0.0062506245,0.041974637657403946
EIF3C,2.6968088,2.0651162,-0.9113398,0.25686276,0.0062506245,0.041974637657403946
UBXN1,3.0111291,2.4697022,-0.7811139,0.25686276,0.0062506245,0.041974637657403946
FUT11,0.5451069,0.4027183,-0.2054233,0.25686276,0.0062506245,0.041974637657403946
CHMP1A,1.399419,1.0159827,-0.5531815,0.25686276,0.0062506245,0.041974637657403946
ACOT9,0.9213964,0.61283857,-0.44515482,0.25686276,0.0062506245,0.041974637657403946
COX6C,2.6368382,1.9497083,-0.9913188,0.25686276,0.0062506245,0.041974637657403946
ARL3,0.49330264,0.27298146,-0.31785628,0.25686276,0.0062506245,0.041974637657403946
ACTR2,1.9859867,1.5677766,-0.6033497,0.25686276,0.0062506245,0.041974637657403946
AURKAIP1,1.7390741,1.238458,-0.72223634,0.25686276,0.0062506245,0.041974637657403946
MCTP2,1.4459473,0.9422161,-0.72673047,0.25686276,0.0062506245,0.041974637657403946
GNAI3,1.3224856,0.9704318,-0.5079062,0.25686276,0.0062506245,0.041974637657403946
BOLA2,0.57136446,0.38132846,-0.274164,0.25686276,0.0062506245,0.041974637657403946
SSNA1,1.2111077,0.81073046,-0.5776223,0.25686276,0.0062506245,0.041974637657403946
SLC35B1,1.003231,0.736986,-0.38411045,0.25686276,0.0062506245,0.041974637657403946
SLBP,1.252857,0.9569948,-0.42683893,0.25686276,0.0062506245,0.041974637657403946
VIMP,1.3596698,1.0037781,-0.5134432,0.25686276,0.0062506245,0.041974637657403946
UBL5,2.7147803,2.1974735,-0.74631596,0.25686276,0.0062506245,0.041974637657403946
VRK2,0.7776213,0.56754225,-0.30308005,0.25686276,0.0062506245,0.041974637657403946
NCDN,0.58426917,0.38916168,-0.2814806,0.25686276,0.0062506245,0.041974637657403946
AP2M1,2.0821757,1.6502132,-0.62319016,0.25686276,0.0062506245,0.041974637657403946
CTB-43P18.1,1.5198193,1.2743809,-0.35409266,0.25686276,0.0062506245,0.041974637657403946
RP11-289I10.2,0.8860062,0.59677076,-0.4172785,0.25686276,0.0062506245,0.041974637657403946
PDIA3,3.7291057,3.1700082,-0.80660725,0.25686276,0.0062506245,0.041974637657403946
POLR2C,0.683378,0.4736002,-0.30264536,0.25686276,0.0062506245,0.041974637657403946
RP11-469M7.1,0.77792335,0.56942004,-0.30080667,0.25686276,0.0062506245,0.041974637657403946
CCDC12,1.6581386,1.2398994,-0.60339165,0.25686276,0.0062506245,0.041974637657403946
NUB1,1.3284239,1.0728241,-0.36875248,0.25686276,0.0062506245,0.041974637657403946
ATP5J,1.844519,1.3012975,-0.7837029,0.25882354,0.006683913,0.04326453059911728
PDIA3P,1.0601313,0.8916636,-0.24304752,0.25882354,0.006683913,0.04326453059911728
ACTR3,3.808934,3.0096157,-1.1531726,0.25882354,0.006683913,0.04326453059911728
RP11-297L17.6,0.7112113,0.54083776,-0.24579708,0.25882354,0.006683913,0.04326453059911728
RP11-169K16.7,0.60506386,0.41317827,-0.2768324,0.25882354,0.006683913,0.04326453059911728
DESI1,0.8993873,0.6070032,-0.42182106,0.25882354,0.006683913,0.04326453059911728
SORL1,0.75664777,1.1822468,0.6140096,0.7411765,0.006683913,0.04326453059911728
LINC00116,0.72761875,0.43536645,-0.42163095,0.25882354,0.006683913,0.04326453059911728
HNRNPCP2,2.5297613,2.1539125,-0.54223514,0.25882354,0.006683913,0.04326453059911728
TRAC,6.590717,6.0269547,-0.8133369,0.25882354,0.006683913,0.04326453059911728
ARPC5L,1.6903921,1.1352586,-0.8008885,0.25882354,0.006683913,0.04326453059911728
P2RX4,0.50293475,0.36480284,-0.19928223,0.25882354,0.006683913,0.04326453059911728
APBA3,0.6483274,0.49519926,-0.22091722,0.25882354,0.006683913,0.04326453059911728
DCPS,0.71634084,0.44474024,-0.39183685,0.25882354,0.006683913,0.04326453059911728
HAPLN3,1.0230218,0.57324564,-0.64888984,0.25882354,0.006683913,0.04326453059911728
RILPL2,1.2126571,0.9324229,-0.40429252,0.25882354,0.006683913,0.04326453059911728
GTDC1,1.0540099,0.813744,-0.34663042,0.25882354,0.006683913,0.04326453059911728
AC069363.1,1.1838315,0.68482906,-0.7199083,0.25882354,0.006683913,0.04326453059911728
SNRPD1,1.6310556,1.0874219,-0.78429765,0.25882354,0.006683913,0.04326453059911728
TROVE2,2.0636356,1.6414645,-0.60906416,0.25882354,0.006683913,0.04326453059911728
NFKBIB,0.76444995,0.5382377,-0.3263553,0.25882354,0.006683913,0.04326453059911728
MRPL37,1.034423,0.6895286,-0.49757746,0.25882354,0.006683913,0.04326453059911728
DPYSL2,0.5763337,0.3467469,-0.33122376,0.25882354,0.006683913,0.04326453059911728
C19orf24,1.2492429,0.9256089,-0.4669052,0.25882354,0.006683913,0.04326453059911728
NAA20,0.9677229,0.65148336,-0.4562372,0.25882354,0.006683913,0.04326453059911728
GSTK1,3.7246523,3.186591,-0.77625847,0.25882354,0.006683913,0.04326453059911728
TAF12,0.8519095,0.58327407,-0.38755903,0.25882354,0.006683913,0.04326453059911728
MRPL4,0.9663028,0.66695756,-0.4318639,0.25882354,0.006683913,0.04326453059911728
IFI35,1.3043137,0.8109914,-0.71171355,0.25882354,0.006683913,0.04326453059911728
PSMC1,1.703059,1.2197752,-0.69723105,0.25882354,0.006683913,0.04326453059911728
TRIM69,1.2428333,0.86728686,-0.54179895,0.25882354,0.006683913,0.04326453059911728
LARP4B,1.4776474,1.1811554,-0.42774752,0.25882354,0.006683913,0.04326453059911728
BATF,1.9109343,1.2740407,-0.91884327,0.25882354,0.006683913,0.04326453059911728
TMBIM1,1.2974942,0.9284978,-0.5323492,0.25882354,0.006683913,0.04326453059911728
GIPR,0.4923962,0.33562198,-0.2261774,0.25882354,0.006683913,0.04326453059911728
POLR2J,1.5122136,1.1129199,-0.576059,0.25882354,0.006683913,0.04326453059911728
ARF5,2.4490976,1.856761,-0.85456115,0.25882354,0.006683913,0.04326453059911728
LAP3,1.7168252,1.1993843,-0.74650943,0.25882354,0.006683913,0.04326453059911728
PRKAG1,0.9031946,0.61488646,-0.41594073,0.26078433,0.0071440213,0.04504500702023506
EFHD2,0.5872542,0.41632116,-0.2466043,0.26078433,0.0071440213,0.04504500702023506
C8orf76,0.6371909,0.43411463,-0.2929771,0.26078433,0.0071440213,0.04504500702023506
MRP63,0.9824499,0.7299199,-0.36432374,0.26078433,0.0071440213,0.04504500702023506
SAP30BP,1.6371505,1.3250104,-0.450323,0.26078433,0.0071440213,0.04504500702023506
TXNL1,1.2562518,0.9649785,-0.42021853,0.26078433,0.0071440213,0.04504500702023506
COMT,1.0390528,0.714227,-0.4686246,0.26078433,0.0071440213,0.04504500702023506
HIST2H2AA4,1.5527606,1.1098442,-0.63899326,0.26078433,0.0071440213,0.04504500702023506
CYB561D2,1.1030128,0.79983073,-0.43739927,0.26078433,0.0071440213,0.04504500702023506
C8orf59,1.1456455,0.8607542,-0.41101128,0.26078433,0.0071440213,0.04504500702023506
DNAJC1,1.2859168,0.99399287,-0.4211572,0.26078433,0.0071440213,0.04504500702023506
PPP1R7,1.2702864,0.93917453,-0.4776935,0.26078433,0.0071440213,0.04504500702023506
CNN2,4.066526,3.4962776,-0.8226945,0.26078433,0.0071440213,0.04504500702023506
SSR3,2.1604955,1.6859016,-0.68469423,0.26078433,0.0071440213,0.04504500702023506
SRGAP2B,1.0080373,0.6803656,-0.47273034,0.26078433,0.0071440213,0.04504500702023506
LA16c-3G11.7,0.82351404,0.59128374,-0.3350375,0.26078433,0.0071440213,0.04504500702023506
MTPN,0.96618736,0.72325134,-0.35048258,0.26078433,0.0071440213,0.04504500702023506
GGA3,1.1812253,0.8785254,-0.43670368,0.26078433,0.0071440213,0.04504500702023506
HNRNPDL,4.345818,3.9182816,-0.6168048,0.26078433,0.0071440213,0.04504500702023506
JMJD4,0.7532281,0.464988,-0.41584262,0.26078433,0.0071440213,0.04504500702023506
CD97,4.2405815,3.556554,-0.986843,0.26078433,0.0071440213,0.04504500702023506
FAM120A,0.7395082,0.55842054,-0.26125428,0.26078433,0.0071440213,0.04504500702023506
SNRNP40,1.3530624,0.94268024,-0.5920563,0.26078433,0.0071440213,0.04504500702023506
OSBPL3,1.6355249,1.177734,-0.6604526,0.26078433,0.0071440213,0.04504500702023506
UQCRC1,2.1445434,1.6269039,-0.74679595,0.26078433,0.0071440213,0.04504500702023506
GTF3C6,1.3661793,0.95054805,-0.5996292,0.26078433,0.0071440213,0.04504500702023506
NAPRT1,1.1058632,0.6840538,-0.6085424,0.26078433,0.0071440213,0.04504500702023506
GGCT,0.606584,0.35693914,-0.36016142,0.26078433,0.0071440213,0.04504500702023506
PITPNM1,0.8050104,0.63901937,-0.2394744,0.2627451,0.0076323594,0.04712152108550072
CALR,5.2751117,4.8759475,-0.5758722,0.2627451,0.0076323594,0.04712152108550072
RPA2,1.4693907,1.0408877,-0.6181992,0.2627451,0.0076323594,0.04712152108550072
DCAKD,0.49576777,0.35534167,-0.20259203,0.2627451,0.0076323594,0.04712152108550072
RAB4B,1.194985,0.8273632,-0.5303662,0.2627451,0.0076323594,0.04712152108550072
DNAJC8,2.1454575,1.6520103,-0.7118938,0.2627451,0.0076323594,0.04712152108550072
EIF3I,1.9468455,1.4747086,-0.68114966,0.2627451,0.0076323594,0.04712152108550072
BZW1,2.701869,2.1514215,-0.7941278,0.2627451,0.0076323594,0.04712152108550072
PCBP1,2.5951793,2.1374915,-0.660304,0.2627451,0.0076323594,0.04712152108550072
PXK,0.53771496,0.35999572,-0.25639465,0.2627451,0.0076323594,0.04712152108550072
ISOC1,0.68886095,0.4652232,-0.32264107,0.2627451,0.0076323594,0.04712152108550072
FABP5,2.1325023,1.319692,-1.1726373,0.2627451,0.0076323594,0.04712152108550072
STRA13,1.1865743,0.80862725,-0.5452624,0.2627451,0.0076323594,0.04712152108550072
TXN2,1.301974,0.8924636,-0.5907987,0.2627451,0.0076323594,0.04712152108550072
SNX17,1.996247,1.5065515,-0.70648134,0.2627451,0.0076323594,0.04712152108550072
PDCD1,2.7926683,1.8755513,-1.3231201,0.2627451,0.0076323594,0.04712152108550072
DGUOK,1.7019142,1.2480533,-0.65478283,0.2627451,0.0076323594,0.04712152108550072
HSD17B10,1.2118893,0.84255034,-0.5328434,0.2627451,0.0076323594,0.04712152108550072
AD000671.6,0.64822334,0.43302432,-0.31046656,0.2627451,0.0076323594,0.04712152108550072
AC006129.2,1.2886205,0.94232774,-0.4995948,0.2627451,0.0076323594,0.04712152108550072
RP4-583P15.15,0.39249447,0.2950995,-0.14051124,0.2627451,0.0076323594,0.04712152108550072
MARS,1.7009904,1.4336371,-0.3857093,0.2627451,0.0076323594,0.04712152108550072
COX6A1P2,0.57565767,0.43409953,-0.20422523,0.2627451,0.0076323594,0.04712152108550072
OTUD7B,0.33381453,0.24374406,-0.12994422,0.2647059,0.008150416,0.048902496695518494
TMEM107,0.7367431,0.46488598,-0.3922069,0.2647059,0.008150416,0.048902496695518494
COX17,1.0695815,0.71766615,-0.5077065,0.2647059,0.008150416,0.048902496695518494
CLNS1A,1.8185551,1.3240459,-0.713426,0.2647059,0.008150416,0.048902496695518494
VOPP1,1.6626248,1.1778572,-0.69937193,0.2647059,0.008150416,0.048902496695518494
PSMD13,2.1301575,1.5988506,-0.76651376,0.2647059,0.008150416,0.048902496695518494
NCOA4,1.5463951,1.1781585,-0.53125304,0.2647059,0.008150416,0.048902496695518494
MRPS34,1.572036,1.1138942,-0.6609589,0.2647059,0.008150416,0.048902496695518494
HEG1,0.46088007,0.30642107,-0.22283724,0.2647059,0.008150416,0.048902496695518494
MYL6B,0.6142661,0.36010334,-0.36667934,0.2647059,0.008150416,0.048902496695518494
HSH2D,0.82123107,0.5400551,-0.40565118,0.2647059,0.008150416,0.048902496695518494
IRF7,1.5118239,1.0072463,-0.72795165,0.2647059,0.008150416,0.048902496695518494
EIF2S2P4,0.48354572,0.35022137,-0.19234638,0.2647059,0.008150416,0.048902496695518494
APOL6,1.3853344,1.0523742,-0.4803599,0.2647059,0.008150416,0.048902496695518494
YARS,1.8721887,1.3353426,-0.77450514,0.2647059,0.008150416,0.048902496695518494
TRMT2A,0.9386386,0.59874445,-0.49036363,0.2647059,0.008150416,0.048902496695518494
FAM195B,1.4364647,1.0567676,-0.5477871,0.2647059,0.008150416,0.048902496695518494
RTFDC1,1.8358804,1.4533856,-0.5518234,0.2647059,0.008150416,0.048902496695518494
POLR2D,0.7397955,0.48029843,-0.37437513,0.2647059,0.008150416,0.048902496695518494
NIPA2,1.1537602,0.90247893,-0.3625222,0.2647059,0.008150416,0.048902496695518494
CCT4,2.2315598,1.7847393,-0.6446257,0.2647059,0.008150416,0.048902496695518494
RFC1,1.2451206,0.94139683,-0.43818083,0.2647059,0.008150416,0.048902496695518494
PAK2,1.4310275,1.0987947,-0.47931066,0.2647059,0.008150416,0.048902496695518494
WDFY1,0.7742147,0.5249233,-0.35965142,0.2647059,0.008150416,0.048902496695518494
LPXN,2.5789344,2.1160126,-0.6678551,0.2647059,0.008150416,0.048902496695518494
HNRNPA3,2.6507676,2.1376228,-0.7403114,0.2647059,0.008150416,0.048902496695518494
HMGN2P5,1.8011769,1.3238602,-0.6886225,0.2647059,0.008150416,0.048902496695518494
TRABD,1.8087791,1.5000088,-0.4454614,0.2647059,0.008150416,0.048902496695518494
IFNG,2.775773,1.804823,-1.4007847,0.2647059,0.008150416,0.048902496695518494
GNS,0.6277205,0.45940855,-0.24282278,0.2647059,0.008150416,0.048902496695518494
FAM204A,0.9726372,0.76900035,-0.29378584,0.2647059,0.008150416,0.048902496695518494
FUNDC2,1.2195824,0.9309724,-0.41637626,0.2647059,0.008150416,0.048902496695518494
PDHB,1.2081784,0.9032088,-0.43997815,0.26666668,0.008699719,0.05107431858778
TMUB1,0.77829677,0.5030446,-0.39710492,0.26666668,0.008699719,0.05107431858778
DEK,2.3902712,1.8637763,-0.7595715,0.26666668,0.008699719,0.05107431858778
EMC3,1.213995,0.97275835,-0.3480309,0.26666668,0.008699719,0.05107431858778
DENR,1.3349355,0.95132303,-0.55343586,0.26666668,0.008699719,0.05107431858778
MMADHC,1.5402573,1.1823912,-0.51629174,0.26666668,0.008699719,0.05107431858778
COX7B,1.3704315,1.0489985,-0.4637299,0.26666668,0.008699719,0.05107431858778
DCTN1,1.4213586,1.0412238,-0.54841864,0.26666668,0.008699719,0.05107431858778
RAB24,0.95862347,0.6842586,-0.39582485,0.26666668,0.008699719,0.05107431858778
SMC4,1.7696621,1.2784327,-0.7086942,0.26666668,0.008699719,0.05107431858778
FANCA,1.0731056,0.78884864,-0.41009608,0.26666668,0.008699719,0.05107431858778
PGK1P2,0.36034018,0.26212975,-0.14168769,0.26666668,0.008699719,0.05107431858778
ARL6IP5,3.5402246,2.937334,-0.8697871,0.26666668,0.008699719,0.05107431858778
U2AF1,2.8936327,2.4953678,-0.57457477,0.26666668,0.008699719,0.05107431858778
TSR2,1.0112423,0.7136963,-0.4292681,0.26666668,0.008699719,0.05107431858778
MYD88,1.4584928,1.0722474,-0.5572343,0.26666668,0.008699719,0.05107431858778
HIVEP3,0.8118363,0.54768807,-0.38108534,0.26666668,0.008699719,0.05107431858778
PCNP,2.0598092,1.6891801,-0.53470474,0.26666668,0.008699719,0.05107431858778
OVCA2,1.1473534,0.8262855,-0.4632031,0.26666668,0.008699719,0.05107431858778
CXCR3,2.3416722,1.6327127,-1.0228122,0.26666668,0.008699719,0.05107431858778
VPS28,2.5529866,2.0989792,-0.6549942,0.26666668,0.008699719,0.05107431858778
MTND2P28,4.0530753,4.652715,0.8650975,0.73333335,0.008699719,0.05107431858778
RBMX2,0.7718807,0.5341929,-0.34291098,0.26666668,0.008699719,0.05107431858778
HCST,4.083462,3.2074738,-1.2637843,0.26666668,0.008699719,0.05107431858778
RNU2-2P,1.1684074,0.63656247,-0.7672901,0.26666668,0.008699719,0.05107431858778
WDR54,1.0332311,0.6885066,-0.49733236,0.26862746,0.009281874,0.052633319050073624
TKT,1.3634381,1.0424899,-0.46303043,0.26862746,0.009281874,0.052633319050073624
OSTF1,1.9005693,1.4486768,-0.6519431,0.26862746,0.009281874,0.052633319050073624
NUDCD2,1.0255152,0.74275607,-0.4079352,0.26862746,0.009281874,0.052633319050073624
DTX3L,1.3853683,0.95646703,-0.6187738,0.26862746,0.009281874,0.052633319050073624
URM1,0.8135417,0.54650223,-0.38525653,0.26862746,0.009281874,0.052633319050073624
MAP1S,0.639116,0.39775464,-0.3482108,0.26862746,0.009281874,0.052633319050073624
DDB2,1.1837976,0.95717216,-0.3269514,0.26862746,0.009281874,0.052633319050073624
ECI2,0.7045803,0.49242726,-0.30607215,0.26862746,0.009281874,0.052633319050073624
ATP5A1,3.1226876,2.4533527,-0.96564615,0.26862746,0.009281874,0.052633319050073624
MT-CYB,6.526948,6.957216,0.62074524,0.73137254,0.009281874,0.052633319050073624
BAG4,0.7559628,0.5808654,-0.25261214,0.26862746,0.009281874,0.052633319050073624
MOB1A,3.043567,2.5030875,-0.77974695,0.26862746,0.009281874,0.052633319050073624
RAB5A,0.8441151,0.71367663,-0.1881829,0.26862746,0.009281874,0.052633319050073624
TMEM109,1.8275661,1.4470912,-0.5489093,0.26862746,0.009281874,0.052633319050073624
PSMC5,2.6310327,2.2017725,-0.61929166,0.26862746,0.009281874,0.052633319050073624
LSM12P1,1.1405797,0.85600364,-0.41055647,0.26862746,0.009281874,0.052633319050073624
FOXK2,0.46541506,0.3483131,-0.16894242,0.26862746,0.009281874,0.052633319050073624
POLD4,2.0807545,1.5765988,-0.727343,0.26862746,0.009281874,0.052633319050073624
STX7,0.43761736,0.28640828,-0.2181486,0.26862746,0.009281874,0.052633319050073624
NAA50,1.6463915,1.2527971,-0.56783664,0.26862746,0.009281874,0.052633319050073624
NEDD8,2.2599847,1.7461047,-0.74137217,0.26862746,0.009281874,0.052633319050073624
CRNKL1,0.6432506,0.49044278,-0.22045505,0.26862746,0.009281874,0.052633319050073624
PRDM1,3.5489893,2.6402204,-1.3110764,0.26862746,0.009281874,0.052633319050073624
RNASEH2C,1.1491255,0.8484715,-0.43375194,0.26862746,0.009281874,0.052633319050073624
SIRT2,1.2181695,0.97505504,-0.35073996,0.26862746,0.009281874,0.052633319050073624
HIST1H1E,1.0200511,0.573137,-0.6447608,0.26862746,0.009281874,0.052633319050073624
PAFAH1B2,2.2484696,1.8785229,-0.5337203,0.26862746,0.009281874,0.052633319050073624
CASZ1,0.41683632,0.30626997,-0.15951352,0.26862746,0.009281874,0.052633319050073624
NDUFA7,0.7721544,0.47639683,-0.42668796,0.26862746,0.009281874,0.052633319050073624
PRDX2,2.2728307,1.7523487,-0.7508969,0.26862746,0.009281874,0.052633319050073624
ALAS1,0.61395085,0.43256426,-0.26168552,0.26862746,0.009281874,0.052633319050073624
C6orf1,0.8961705,0.6456158,-0.361474,0.26862746,0.009281874,0.052633319050073624
PRR5L,0.92947376,0.651104,-0.40160272,0.26862746,0.009281874,0.052633319050073624
IKZF3,2.9603293,2.3032162,-0.9480138,0.26862746,0.009281874,0.052633319050073624
FAM3C,0.8646743,0.43411866,-0.6211605,0.26862746,0.009281874,0.052633319050073624
KRTCAP2,2.4569435,1.9689033,-0.70409316,0.26862746,0.009281874,0.052633319050073624
NDUFB10,1.6200771,1.1392225,-0.6937266,0.26862746,0.009281874,0.052633319050073624
FLII,2.3776612,1.8767748,-0.7226264,0.26862746,0.009281874,0.052633319050073624
CD164,3.0299377,2.3774745,-0.9413054,0.26862746,0.009281874,0.052633319050073624
HLA-DQB1,2.244612,1.4651946,-1.1244617,0.26862746,0.009281874,0.052633319050073624
RBBP4,2.4237573,1.9492542,-0.68456334,0.27058825,0.009898548,0.0548524409532547
ACTR1B,0.9004045,0.65939116,-0.34770876,0.27058825,0.009898548,0.0548524409532547
NFU1,0.6963013,0.49850756,-0.28535601,0.27058825,0.009898548,0.0548524409532547
ZNF79,0.51446104,0.31391895,-0.2893211,0.27058825,0.009898548,0.0548524409532547
VPS16,0.89882064,0.6550987,-0.35161647,0.27058825,0.009898548,0.0548524409532547
STARD7,1.9373149,1.4482464,-0.7055767,0.27058825,0.009898548,0.0548524409532547
TAF1,0.3675942,0.47987092,0.16198105,0.7294118,0.009898548,0.0548524409532547
GOLGA8A,0.86618996,1.170799,0.43945798,0.7294118,0.009898548,0.0548524409532547
ATP2C1,0.63172245,0.4608811,-0.24647194,0.27058825,0.009898548,0.0548524409532547
MSMO1,0.5853575,0.41216922,-0.24985786,0.27058825,0.009898548,0.0548524409532547
RAC2,5.6567717,4.8795485,-1.1212959,0.27058825,0.009898548,0.0548524409532547
RP4-592A1.2,0.34947148,0.22910193,-0.17365655,0.27058825,0.009898548,0.0548524409532547
EMC6,0.8591893,0.5779658,-0.40571973,0.27058825,0.009898548,0.0548524409532547
MRPL11,0.8405939,0.53403044,-0.44227755,0.27058825,0.009898548,0.0548524409532547
RP11-498C9.3,0.65836716,0.53346455,-0.18019637,0.27058825,0.009898548,0.0548524409532547
POLD2,0.7484195,0.47708786,-0.39144886,0.27058825,0.009898548,0.0548524409532547
CAPN12,0.54842323,0.40865642,-0.20164089,0.27058825,0.009898548,0.0548524409532547
ETNK1,2.9857824,2.5794182,-0.5862596,0.27058825,0.009898548,0.0548524409532547
PASK,0.5751148,0.9046472,0.47541472,0.7294118,0.009898548,0.0548524409532547
ATP5D,2.4367764,1.8602588,-0.83173907,0.27058825,0.009898548,0.0548524409532547
C19orf53,2.147491,1.6514447,-0.7156435,0.27058825,0.009898548,0.0548524409532547
BCCIP,1.2036803,0.8875957,-0.45601362,0.27058825,0.009898548,0.0548524409532547
TMEM14A,0.7276204,0.50399065,-0.32262957,0.27058825,0.009898548,0.0548524409532547
SPDYE2B,0.22401462,0.30888915,0.12244806,0.7294118,0.009898548,0.0548524409532547
LAS1L,0.6724226,0.5168035,-0.22451088,0.27058825,0.009898548,0.0548524409532547
ARFRP1,0.93123883,0.6347244,-0.4277799,0.27058825,0.009898548,0.0548524409532547
TLN1,1.7597408,1.3795167,-0.54854745,0.27058825,0.009898548,0.0548524409532547
NUDC,2.2688673,1.8995415,-0.53282446,0.27058825,0.009898548,0.0548524409532547
SEC13,1.5024245,1.164386,-0.4876864,0.27254903,0.010551456,0.056539878249168396
PPM1G,1.894554,1.4589593,-0.6284303,0.27254903,0.010551456,0.056539878249168396
NOB1,0.6845952,0.4827799,-0.291158,0.27254903,0.010551456,0.056539878249168396
UBE2D3,4.403315,3.9149215,-0.70460296,0.27254903,0.010551456,0.056539878249168396
AZI2,1.1545827,0.83286124,-0.464146,0.27254903,0.010551456,0.056539878249168396
LCP1,5.645562,4.952961,-0.9992123,0.27254903,0.010551456,0.056539878249168396
SEPW1,2.3430743,1.8984019,-0.64152676,0.27254903,0.010551456,0.056539878249168396
C11orf31,1.837201,1.3438431,-0.711765,0.27254903,0.010551456,0.056539878249168396
HCLS1,4.1173453,3.4853668,-0.9117523,0.27254903,0.010551456,0.056539878249168396
ATF6B,1.6787065,1.2743735,-0.5833292,0.27254903,0.010551456,0.056539878249168396
PRPF40A,1.6989248,1.4500192,-0.3590948,0.27254903,0.010551456,0.056539878249168396
TBCB,2.347741,1.8011478,-0.7885671,0.27254903,0.010551456,0.056539878249168396
SLC35A4,0.9759057,0.72303504,-0.36481526,0.27254903,0.010551456,0.056539878249168396
HCFC1,1.4991242,1.1018939,-0.57308215,0.27254903,0.010551456,0.056539878249168396
TIMM23,1.1571604,0.85642564,-0.43386856,0.27254903,0.010551456,0.056539878249168396
PDIA4,1.2793565,0.9377537,-0.49282867,0.27254903,0.010551456,0.056539878249168396
FAM149B1,0.4131049,0.28269774,-0.18813775,0.27254903,0.010551456,0.056539878249168396
PARP14,1.8734248,1.491938,-0.5503691,0.27254903,0.010551456,0.056539878249168396
MPC1,1.0331235,0.78108966,-0.36360794,0.27254903,0.010551456,0.056539878249168396
HADHB,1.804123,1.410271,-0.56820834,0.27254903,0.010551456,0.056539878249168396
FARSA,1.1187425,0.74210495,-0.5433731,0.27254903,0.010551456,0.056539878249168396
RNGTT,0.6929811,0.5187097,-0.2514205,0.27254903,0.010551456,0.056539878249168396
TDP1,0.69413584,0.47848287,-0.31112146,0.27254903,0.010551456,0.056539878249168396
SPRYD3,0.709852,0.5155709,-0.28028837,0.27254903,0.010551456,0.056539878249168396
ABRACL,1.8381007,1.3544958,-0.6976944,0.27254903,0.010551456,0.056539878249168396
KIAA0247,1.8783377,1.5242723,-0.5108084,0.27254903,0.010551456,0.056539878249168396
FBXO21,0.72388333,0.89091516,0.24097599,0.72745097,0.010551456,0.056539878249168396
DYNLT1,1.890403,1.3818797,-0.7336441,0.27254903,0.010551456,0.056539878249168396
CTNNB1,2.9354537,2.5555973,-0.54801685,0.27254903,0.010551456,0.056539878249168396
COX7C,3.4990695,2.836766,-0.9555019,0.27254903,0.010551456,0.056539878249168396
DAXX,1.3580831,0.9888512,-0.5326891,0.27254903,0.010551456,0.056539878249168396
TRIM26,1.1820958,0.8813638,-0.4338645,0.27254903,0.010551456,0.056539878249168396
RBM22,0.9635231,0.79926676,-0.2369718,0.27254903,0.010551456,0.056539878249168396
BNIP3L,1.1321892,0.864599,-0.386051,0.27254903,0.010551456,0.056539878249168396
ATAD2,0.7685462,0.47160804,-0.42839125,0.27254903,0.010551456,0.056539878249168396
FAM127A,0.77687037,0.5856844,-0.27582303,0.27254903,0.010551456,0.056539878249168396
SNRPG,1.8961508,1.4000598,-0.715708,0.27254903,0.010551456,0.056539878249168396
RP11-138C9.1,1.0945065,0.8457345,-0.35890216,0.27254903,0.010551456,0.056539878249168396
CLTC,1.4463903,1.0468786,-0.5763735,0.27254903,0.010551456,0.056539878249168396
BHLHE40,2.3825,1.6278996,-1.0886581,0.27254903,0.010551456,0.056539878249168396
MCPH1,0.6880999,0.4581653,-0.33172557,0.27254903,0.010551456,0.056539878249168396
GRB2,2.5461051,2.1795034,-0.5288945,0.27254903,0.010551456,0.056539878249168396
FAM3C2,0.46996778,0.21583717,-0.36663297,0.2735294,0.01086911,0.05819627270102501
HLA-C,7.5924864,7.3777895,-0.30974212,0.27450982,0.011242404,0.0588090717792511
ABT1,0.8793437,0.6580802,-0.31921571,0.27450982,0.011242404,0.0588090717792511
C3orf17,0.8265265,0.58831155,-0.34367156,0.27450982,0.011242404,0.0588090717792511
PI4K2B,0.40367126,0.27269328,-0.1889613,0.27450982,0.011242404,0.0588090717792511
PSMG2,1.5363272,1.0797764,-0.65866363,0.27450982,0.011242404,0.0588090717792511
NDUFA2,1.2307011,0.91187346,-0.45997104,0.27450982,0.011242404,0.0588090717792511
SHOC2,0.85416156,0.7087518,-0.20978194,0.27450982,0.011242404,0.0588090717792511
RP11-121L10.3,0.29533997,0.20619643,-0.12860695,0.27450982,0.011242404,0.0588090717792511
TNFRSF1B,2.9165285,2.292805,-0.8998428,0.27450982,0.011242404,0.0588090717792511
SSRP1,0.4912143,0.33822358,-0.22071896,0.27450982,0.011242404,0.0588090717792511
ORMDL2,1.0920045,0.6730494,-0.60442454,0.27450982,0.011242404,0.0588090717792511
PPID,0.88527334,0.6460776,-0.34508654,0.27450982,0.011242404,0.0588090717792511
GSS,0.752093,0.535759,-0.31210405,0.27450982,0.011242404,0.0588090717792511
AMZ2,1.1460015,0.8313773,-0.4539067,0.27450982,0.011242404,0.0588090717792511
SLC25A39,1.3821877,1.0363071,-0.49900025,0.27450982,0.011242404,0.0588090717792511
SEC61G,1.5399635,1.1646252,-0.5414987,0.27450982,0.011242404,0.0588090717792511
SIPA1L1,1.0596896,0.7880672,-0.39186832,0.27450982,0.011242404,0.0588090717792511
PSAP,2.6633658,2.2815027,-0.550912,0.27450982,0.011242404,0.0588090717792511
VWA9,0.71769166,0.51966023,-0.28569895,0.27450982,0.011242404,0.0588090717792511
RAP2C,1.1768478,0.9696116,-0.2989787,0.27450982,0.011242404,0.0588090717792511
BCAS4,1.1650673,0.75596017,-0.5902169,0.27450982,0.011242404,0.0588090717792511
NFAT5,1.3831474,1.1071175,-0.39822686,0.27450982,0.011242404,0.0588090717792511
WDR18,0.74101746,0.50103873,-0.3462161,0.27450982,0.011242404,0.0588090717792511
CNP,1.23499,0.8898974,-0.49786338,0.27450982,0.011242404,0.0588090717792511
OAS1,0.88091433,0.45683974,-0.6118103,0.27450982,0.011242404,0.0588090717792511
AC017002.2,0.4604886,0.3105099,-0.21637352,0.27450982,0.011242404,0.0588090717792511
ATP6V0D1,1.5233493,1.1942834,-0.47474176,0.27450982,0.011242404,0.0588090717792511
PNKD,0.9604917,0.683603,-0.399466,0.27450982,0.011242404,0.0588090717792511
TMEM156,0.49107262,0.35303092,-0.19915208,0.27450982,0.011242404,0.0588090717792511
JAKMIP1,1.2532103,0.90035933,-0.5090563,0.27450982,0.011242404,0.0588090717792511
FBXW5,1.3356282,0.9665208,-0.5325094,0.2764706,0.011973231,0.06076660007238388
ANP32E,2.7165403,2.1804514,-0.7734129,0.2764706,0.011973231,0.06076660007238388
PHF6,0.49657488,0.35036698,-0.21093342,0.2764706,0.011973231,0.06076660007238388
GBP3,0.8367754,0.595225,-0.34848362,0.2764706,0.011973231,0.06076660007238388
DPM2,1.0004202,0.73859763,-0.37773013,0.2764706,0.011973231,0.06076660007238388
THOC7,1.1254724,0.74367344,-0.5508195,0.2764706,0.011973231,0.06076660007238388
PPM1A,1.0194272,0.7635214,-0.36919403,0.2764706,0.011973231,0.06076660007238388
SLC50A1,0.5684312,0.35676444,-0.3053706,0.2764706,0.011973231,0.06076660007238388
GDE1,0.74386775,0.56267065,-0.26141217,0.2764706,0.011973231,0.06076660007238388
MYO19,0.77132815,0.5392138,-0.33487025,0.2764706,0.011973231,0.06076660007238388
NHP2L1,2.6008618,2.136426,-0.67003924,0.2764706,0.011973231,0.06076660007238388
XAF1,2.2180398,1.5058863,-1.0274203,0.2764706,0.011973231,0.06076660007238388
WIBG,0.8024047,0.52630866,-0.3983224,0.2764706,0.011973231,0.06076660007238388
SGMS1,0.94571567,0.6737797,-0.39232063,0.2764706,0.011973231,0.06076660007238388
GOLGA7,1.5562452,1.1897616,-0.528724,0.2764706,0.011973231,0.06076660007238388
PPP4C,1.0167987,0.74225277,-0.3960861,0.2764706,0.011973231,0.06076660007238388
MT1X,0.8191608,0.5694568,-0.36024672,0.2764706,0.011973231,0.06076660007238388
XPNPEP1,0.88440955,0.6413697,-0.35063237,0.2764706,0.011973231,0.06076660007238388
CHMP2A,1.7028579,1.1642964,-0.7769799,0.2764706,0.011973231,0.06076660007238388
SAP18,2.8277018,2.3343184,-0.71180177,0.2764706,0.011973231,0.06076660007238388
GLYR1,0.9673971,0.714856,-0.36433974,0.2764706,0.011973231,0.06076660007238388
ILF2,2.116152,1.7959843,-0.46190447,0.2764706,0.011973231,0.06076660007238388
UNC45A,0.73137516,0.49738973,-0.33756962,0.2764706,0.011973231,0.06076660007238388
PFN1P1,0.90058297,0.6058875,-0.42515573,0.2764706,0.011973231,0.06076660007238388
LCK,4.857608,4.1976805,-0.95207393,0.2764706,0.011973231,0.06076660007238388
KDELR2,1.509816,1.0698595,-0.6347231,0.2764706,0.011973231,0.06076660007238388
COX7A2,2.8185306,2.211781,-0.8753545,0.2764706,0.011973231,0.06076660007238388
ITPK1,0.57985526,0.4099668,-0.24509725,0.2764706,0.011973231,0.06076660007238388
YIF1A,1.0581689,0.7904595,-0.386223,0.2764706,0.011973231,0.06076660007238388
CIITA,0.63622874,0.4235313,-0.30685756,0.2764706,0.011973231,0.06076660007238388
PROSER1,0.92730147,0.6305942,-0.42805812,0.2764706,0.011973231,0.06076660007238388
BABAM1,1.5493907,1.1946168,-0.5118305,0.2764706,0.011973231,0.06076660007238388
TYK2,1.5114738,1.1862147,-0.46924967,0.2764706,0.011973231,0.06076660007238388
ENO1P1,0.321469,0.22338012,-0.14151235,0.2764706,0.011973231,0.06076660007238388
GNG2,3.4667163,2.9082913,-0.8056369,0.2764706,0.011973231,0.06076660007238388
CCNG1,1.3327235,1.0719043,-0.37628257,0.2764706,0.011973231,0.06076660007238388
ATP6AP1,1.390592,1.0864704,-0.43875474,0.2764706,0.011973231,0.06076660007238388
NBPF2P,0.2059937,0.27712867,0.10262607,0.7235294,0.011973231,0.06076660007238388
RP11-265N6.1,0.5893382,0.46872148,-0.17401312,0.2764706,0.011973231,0.06076660007238388
RNH1,1.5838549,1.252546,-0.47797778,0.2764706,0.011973231,0.06076660007238388
EVI2B,2.7566752,2.3271751,-0.61963767,0.2784314,0.012745879,0.06304492801427841
DCTN5,0.7673188,0.539429,-0.32877544,0.2784314,0.012745879,0.06304492801427841
PSMB7,1.8927094,1.3919516,-0.72244084,0.2784314,0.012745879,0.06304492801427841
ATP5G1,1.1583894,0.81191283,-0.49986008,0.2784314,0.012745879,0.06304492801427841
WRAP73,0.73783326,0.4943611,-0.35125607,0.2784314,0.012745879,0.06304492801427841
UBE2A,1.5689865,1.2544253,-0.45381594,0.2784314,0.012745879,0.06304492801427841
ATG7,1.0151526,0.8049376,-0.3032761,0.2784314,0.012745879,0.06304492801427841
CHCHD3P3,0.37333784,0.27680022,-0.13927434,0.2784314,0.012745879,0.06304492801427841
COPS4,0.7817808,0.58159745,-0.2888035,0.2784314,0.012745879,0.06304492801427841
TRIM38,1.2613502,1.0360166,-0.32508764,0.2784314,0.012745879,0.06304492801427841
KXD1,1.5117286,1.2279389,-0.40942207,0.2784314,0.012745879,0.06304492801427841
DCTD,0.95297694,0.6834349,-0.38886696,0.2784314,0.012745879,0.06304492801427841
MAP2K3,1.8380344,1.3814594,-0.65869856,0.2784314,0.012745879,0.06304492801427841
FUBP1,2.360328,2.0039535,-0.5141397,0.2784314,0.012745879,0.06304492801427841
NF2,1.1716706,0.90361136,-0.38672766,0.2784314,0.012745879,0.06304492801427841
AC021593.1,0.37848416,0.5533796,0.25232077,0.72156864,0.012745879,0.06304492801427841
MRPS26,0.67722327,0.46089587,-0.31209448,0.2784314,0.012745879,0.06304492801427841
CCT5,1.8864057,1.5497887,-0.48563567,0.2784314,0.012745879,0.06304492801427841
C9orf72,0.4410313,0.5871332,0.21078052,0.72156864,0.012745879,0.06304492801427841
RAP1B,3.00204,2.5647438,-0.630885,0.2784314,0.012745879,0.06304492801427841
EHD1,1.9522218,1.5827932,-0.5329727,0.2784314,0.012745879,0.06304492801427841
FAHD2A,0.585553,0.40005994,-0.2676099,0.2784314,0.012745879,0.06304492801427841
HLA-DRB6,2.1184812,1.5520296,-0.8172168,0.2784314,0.012745879,0.06304492801427841
PHB,1.3736743,0.96421367,-0.5907268,0.2784314,0.012745879,0.06304492801427841
PANK4,0.5805909,0.39491922,-0.26786762,0.2784314,0.012745879,0.06304492801427841
MTCH2,1.0199867,0.7105435,-0.44643223,0.2784314,0.012745879,0.06304492801427841
PHF12,0.96416074,1.1013918,0.19798256,0.72156864,0.012745879,0.06304492801427841
ARF1,4.300822,3.809915,-0.7082287,0.2784314,0.012745879,0.06304492801427841
MIF4GD,0.87546253,0.54854596,-0.4716409,0.2784314,0.012745879,0.06304492801427841
CCAR2,1.2104914,0.9467319,-0.38052452,0.2784314,0.012745879,0.06304492801427841
MAT2B,3.065469,2.5863106,-0.6912795,0.2784314,0.012745879,0.06304492801427841
UBE2V2,1.2665955,0.9163543,-0.5052912,0.2784314,0.012745879,0.06304492801427841
APRT,3.0240886,2.5317447,-0.7103021,0.2784314,0.012745879,0.06304492801427841
SMARCB1,1.1789757,0.9122021,-0.3848729,0.2784314,0.012745879,0.06304492801427841
DNPEP,0.61937064,0.45394057,-0.23866513,0.2784314,0.012745879,0.06304492801427841
HLA-DPB2,0.43654194,0.22386447,-0.30682874,0.28039217,0.013508288,0.06519096344709396
GPD2,0.47129092,0.23156945,-0.34584495,0.28039217,0.013551511,0.06519096344709396
CFLAR,3.7834458,3.2205694,-0.8120591,0.28039217,0.013562322,0.06519096344709396
C14orf2,1.7545077,1.307653,-0.6446751,0.28039217,0.013562322,0.06519096344709396
ATP5G2,4.4415483,3.8395584,-0.86848795,0.28039217,0.013562322,0.06519096344709396
PSMD7,1.6103847,1.2498279,-0.52017355,0.28039217,0.013562322,0.06519096344709396
RABGGTB,1.3748155,1.0605603,-0.4533743,0.28039217,0.013562322,0.06519096344709396
C22orf39,0.9550867,0.73164046,-0.3223648,0.28039217,0.013562322,0.06519096344709396
RP11-622K12.1,1.2399628,0.9301216,-0.44700637,0.28039217,0.013562322,0.06519096344709396
YIF1B,0.8688703,0.619039,-0.3604304,0.28039217,0.013562322,0.06519096344709396
TSPAN14,2.528266,2.0071855,-0.75176024,0.28039217,0.013562322,0.06519096344709396
ZDHHC18,0.49577644,0.38919282,-0.15376766,0.28039217,0.013562322,0.06519096344709396
ARHGAP30,2.203372,1.69408,-0.7347531,0.28039217,0.013562322,0.06519096344709396
RNPS1P1,0.21642667,0.14510994,-0.1028883,0.28039217,0.013562322,0.06519096344709396
RPL23AP79,0.4832672,0.38301495,-0.14463341,0.28039217,0.013562322,0.06519096344709396
CPNE1,3.7841709,3.33568,-0.64703554,0.28039217,0.013562322,0.06519096344709396
GABARAPL2,2.0869632,1.7126703,-0.5399904,0.28039217,0.013562322,0.06519096344709396
ARFGAP2,1.3753148,1.0694975,-0.4412012,0.28039217,0.013562322,0.06519096344709396
TMEM170A,0.8386266,0.6357284,-0.29272023,0.28039217,0.013562322,0.06519096344709396
NDUFC1,1.203228,0.86161405,-0.49284476,0.28039217,0.013562322,0.06519096344709396
ETFB,1.3179955,0.9170821,-0.5783959,0.28039217,0.013562322,0.06519096344709396
DHRSX,0.46750963,0.33624825,-0.18937014,0.28039217,0.013562322,0.06519096344709396
TBK1,1.0583261,0.7937568,-0.3816929,0.28039217,0.013562322,0.06519096344709396
CSDE1,3.036407,2.6055775,-0.6215556,0.28039217,0.013562322,0.06519096344709396
IPO5,0.6380825,0.44120806,-0.28402978,0.28039217,0.013562322,0.06519096344709396
TCEB3,0.61720663,0.5153258,-0.146983,0.28039217,0.013562322,0.06519096344709396
MRPS6,2.1023872,1.6809283,-0.6080366,0.28039217,0.013562322,0.06519096344709396
ANKRD10,3.707055,3.228142,-0.6909255,0.28039217,0.013562322,0.06519096344709396
FERMT3,2.2635803,1.7647083,-0.71972024,0.28039217,0.013562322,0.06519096344709396
FANCI,0.6574039,0.30055526,-0.51482373,0.28039217,0.013562322,0.06519096344709396
AC009120.6,0.50477666,0.39215577,-0.1624776,0.28039217,0.013562322,0.06519096344709396
DDX47,1.0300424,0.8274881,-0.29222405,0.28039217,0.013562322,0.06519096344709396
SUMO1,2.4783452,1.9921747,-0.70139563,0.28039217,0.013562322,0.06519096344709396
MBD4,0.9490066,0.7173203,-0.33425266,0.28039217,0.013562322,0.06519096344709396
SLC3A2,2.329759,1.9465426,-0.5528642,0.28039217,0.013562322,0.06519096344709396
FLNA,3.8780425,3.1656246,-1.0278016,0.28039217,0.013562322,0.06519096344709396
FKBP3,1.0370145,0.77613026,-0.3763764,0.28039217,0.013562322,0.06519096344709396
TAF6,0.6636907,0.519483,-0.20804776,0.28039217,0.013562322,0.06519096344709396
ANKRD52,0.7132421,0.532016,-0.26145405,0.28039217,0.013562322,0.06519096344709396
MED8,0.7214224,0.45208442,-0.3885725,0.28039217,0.013562322,0.06519096344709396
EAPP,0.9117784,0.7055305,-0.29755276,0.28235295,0.014424639,0.06724920123815536
PSMD1,1.138376,0.82680136,-0.44950718,0.28235295,0.014424639,0.06724920123815536
CTPS1,0.75342125,0.5077319,-0.3544548,0.28235295,0.014424639,0.06724920123815536
VBP1,0.9048382,0.66607374,-0.3444643,0.28235295,0.014424639,0.06724920123815536
PIN1,1.8058746,1.3254042,-0.6931723,0.28235295,0.014424639,0.06724920123815536
FPGS,1.3057368,1.009563,-0.42728847,0.28235295,0.014424639,0.06724920123815536
UQCRB,2.618579,2.2333755,-0.555731,0.28235295,0.014424639,0.06724920123815536
SAMD9,1.0064547,0.71139437,-0.4256821,0.28235295,0.014424639,0.06724920123815536
SZRD1,1.496262,1.1400723,-0.513873,0.28235295,0.014424639,0.06724920123815536
HNRNPD,2.3011663,1.7674401,-0.77000415,0.28235295,0.014424639,0.06724920123815536
ZNF672,0.55495715,0.371343,-0.26489925,0.28235295,0.014424639,0.06724920123815536
RAB14,0.92445296,0.7408366,-0.26490238,0.28235295,0.014424639,0.06724920123815536
PSENEN,0.82457554,0.5502383,-0.39578497,0.28235295,0.014424639,0.06724920123815536
TFPT,0.64619076,0.4531585,-0.2784867,0.28235295,0.014424639,0.06724920123815536
PFDN1,1.1038206,0.839583,-0.38121426,0.28235295,0.014424639,0.06724920123815536
NDUFA1,2.07298,1.6211962,-0.6517862,0.28235295,0.014424639,0.06724920123815536
APOL3,1.1452214,0.86302435,-0.40712422,0.28235295,0.014424639,0.06724920123815536
ACTBP2,0.914693,0.69839436,-0.31205297,0.28235295,0.014424639,0.06724920123815536
LITAF,3.9875464,3.318604,-0.96507996,0.28235295,0.014424639,0.06724920123815536
EED,1.2159716,0.90264887,-0.45202914,0.28235295,0.014424639,0.06724920123815536
ADA,0.9216119,0.5976852,-0.46732742,0.28235295,0.014424639,0.06724920123815536
ALDH9A1,1.0433452,0.8206207,-0.3213235,0.28235295,0.014424639,0.06724920123815536
DYNLL1,2.2886147,1.8368776,-0.651719,0.28235295,0.014424639,0.06724920123815536
HMGN2,4.9071064,4.2139406,-1.0000268,0.28235295,0.014424639,0.06724920123815536
IL10RB,1.0206454,0.7372493,-0.4088541,0.28235295,0.014424639,0.06724920123815536
MAPK13,0.5497656,0.32946515,-0.31782636,0.28235295,0.014424639,0.06724920123815536
NFYC,1.1938881,0.9137339,-0.40417704,0.28235295,0.014424639,0.06724920123815536
IDH3A,0.7706961,0.58515084,-0.26768523,0.28235295,0.014424639,0.06724920123815536
MSN,4.372985,3.7791789,-0.856681,0.28235295,0.014424639,0.06724920123815536
NDUFV3,0.61313736,0.44946694,-0.2361265,0.28235295,0.014424639,0.06724920123815536
GPR114,0.80400985,0.5573843,-0.35580546,0.28235295,0.014424639,0.06724920123815536
GPS2,1.8479027,1.531531,-0.45642784,0.28235295,0.014424639,0.06724920123815536
PRPF38A,1.0941161,0.79023856,-0.4384026,0.28235295,0.014424639,0.06724920123815536
SYT11,1.2474072,0.92271066,-0.4684381,0.28235295,0.014424639,0.06724920123815536
PPIF,0.7588472,0.50905263,-0.36037734,0.28235295,0.014424639,0.06724920123815536
ARRB2,1.0657178,0.9085369,-0.22676411,0.28235295,0.014424639,0.06724920123815536
NPEPPS,2.007446,1.665569,-0.4932244,0.28235295,0.014424639,0.06724920123815536
NDUFAB1,1.2999295,0.88825226,-0.5939247,0.28235295,0.014424639,0.06724920123815536
PPA1,1.719046,1.2396352,-0.69164354,0.28235295,0.014424639,0.06724920123815536
EIF6,1.4045662,1.0434128,-0.5210342,0.28235295,0.014424639,0.06724920123815536
ANXA11,2.0857837,1.597443,-0.7045268,0.28235295,0.014424639,0.06724920123815536
MEAF6,1.6421674,1.2935898,-0.5028912,0.28235295,0.014424639,0.06724920123815536
CAPRIN1,1.6030521,1.2069687,-0.57142764,0.28235295,0.014424639,0.06724920123815536
SLC39A1,0.7189812,0.43612415,-0.40807647,0.28235295,0.014424639,0.06724920123815536
MRPL16,0.9023306,0.6407426,-0.37739167,0.28431374,0.0153349405,0.06917469203472137
BTBD10,0.57118917,0.42252406,-0.2144784,0.28431374,0.0153349405,0.06917469203472137
ANAPC5,2.1138673,1.7461914,-0.5304442,0.28431374,0.0153349405,0.06917469203472137
PIH1D1,1.3318846,1.0435055,-0.41604304,0.28431374,0.0153349405,0.06917469203472137
MRPL20,1.4041029,1.0509677,-0.50946647,0.28431374,0.0153349405,0.06917469203472137
GSR,0.6385327,0.45828307,-0.26004526,0.28431374,0.0153349405,0.06917469203472137
FBXO32,0.37922895,0.52336967,0.2079511,0.71568626,0.0153349405,0.06917469203472137
SLC25A26,0.58309144,0.44885933,-0.19365598,0.28431374,0.0153349405,0.06917469203472137
HIST2H4B,0.7490215,0.5621465,-0.2696036,0.28431374,0.0153349405,0.06917469203472137
STAT2,1.6637233,1.2435899,-0.60612446,0.28431374,0.0153349405,0.06917469203472137
CDC42SE2,4.8362355,4.2763076,-0.80780524,0.28431374,0.0153349405,0.06917469203472137
ATP5J2,1.7119931,1.2186911,-0.71168435,0.28431374,0.0153349405,0.06917469203472137
SRPRB,1.0258319,0.7915436,-0.33800662,0.28431374,0.0153349405,0.06917469203472137
CREB3L2,0.93516165,0.70794636,-0.32780236,0.28431374,0.0153349405,0.06917469203472137
ATXN1L,0.49868107,0.37715024,-0.17533192,0.28431374,0.0153349405,0.06917469203472137
TPM4,2.6838608,2.071324,-0.8837036,0.28431374,0.0153349405,0.06917469203472137
GID8,0.70422876,0.51950395,-0.26650158,0.28431374,0.0153349405,0.06917469203472137
SASH3,2.9224913,2.2373953,-0.98838466,0.28431374,0.0153349405,0.06917469203472137
NUDT22,1.2987376,0.9553159,-0.49545285,0.28431374,0.0153349405,0.06917469203472137
CSNK2A1,0.98566765,0.7033308,-0.40732595,0.28431374,0.0153349405,0.06917469203472137
ANKRD36BP1,1.5503979,1.1407744,-0.5909618,0.28431374,0.0153349405,0.06917469203472137
R3HDM2,2.2476437,2.0585027,-0.27287284,0.28431374,0.0153349405,0.06917469203472137
SMC3,1.5424182,1.2138989,-0.47395322,0.28431374,0.0153349405,0.06917469203472137
ARIH2,2.1134768,1.7163125,-0.57298684,0.28431374,0.0153349405,0.06917469203472137
HSP90B1,3.177839,2.76536,-0.59508127,0.28431374,0.0153349405,0.06917469203472137
CAMK2D,0.86752605,0.6627375,-0.29544744,0.28431374,0.0153349405,0.06917469203472137
LSM10,0.81082183,0.58964205,-0.319095,0.28431374,0.0153349405,0.06917469203472137
MAGOHB,0.68441314,0.448483,-0.34037524,0.28431374,0.0153349405,0.06917469203472137
VPS29,2.0095003,1.6332102,-0.54287183,0.28431374,0.0153349405,0.06917469203472137
LDHA,5.2841372,4.5903435,-1.0009328,0.28431374,0.0153349405,0.06917469203472137
STARD3,1.3218962,1.049659,-0.39275524,0.28431374,0.0153349405,0.06917469203472137
MAP1LC3B2,1.5986048,1.3201054,-0.40178967,0.28431374,0.0153349405,0.06917469203472137
ZCRB1,1.1495957,0.84765977,-0.43560153,0.28431374,0.0153349405,0.06917469203472137
HAVCR2,2.6396675,1.6454208,-1.4343948,0.28431374,0.0153349405,0.06917469203472137
PLGRKT,0.8061369,0.562966,-0.35082147,0.28431374,0.0153349405,0.06917469203472137
PPDPF,0.91750365,0.66499674,-0.36429048,0.28431374,0.0153349405,0.06917469203472137
SET,4.5972652,4.327109,-0.38975328,0.28431374,0.0153349405,0.06917469203472137
PPP6C,1.5431483,1.2631793,-0.40390986,0.28431374,0.0153349405,0.06917469203472137
AC011558.5,2.7712598,2.352779,-0.6037403,0.28431374,0.0153349405,0.06917469203472137
FLCN,0.82425433,0.6297794,-0.28056803,0.28431374,0.0153349405,0.06917469203472137
TIA1,1.806038,1.4508767,-0.5123895,0.28431374,0.0153349405,0.06917469203472137
SCNM1,0.90776795,0.6469717,-0.37624946,0.28431374,0.0153349405,0.06917469203472137
EGLN2,1.6376284,1.3523391,-0.41158545,0.28431374,0.0153349405,0.06917469203472137
ERCC1,1.1943741,0.8761616,-0.45908362,0.28431374,0.0153349405,0.06917469203472137
UBE2W,0.94200844,0.7532259,-0.2723556,0.28431374,0.0153349405,0.06917469203472137
PSMC4,1.3713294,1.0203416,-0.50636834,0.28431374,0.0153349405,0.06917469203472137
SLC12A2,0.5125181,0.37838185,-0.19351771,0.28431374,0.0153349405,0.06917469203472137
LINC00094,0.40695116,0.2991631,-0.1555053,0.28431374,0.0153349405,0.06917469203472137
FOCAD,0.4170582,0.26120496,-0.2248487,0.28431374,0.0153349405,0.06917469203472137
FCGR3A,0.6713788,0.40131116,-0.38962522,0.28627452,0.016283067,0.07151944190263748
RPL9P7,2.3395658,2.80985,0.6784767,0.7137255,0.016295437,0.07151944190263748
SRP9P1,0.82637125,0.68139815,-0.20915197,0.28627452,0.016295437,0.07151944190263748
HM13,2.021899,1.571383,-0.6499572,0.28627452,0.016295437,0.07151944190263748
C1orf43,1.7510388,1.4385078,-0.4508869,0.28627452,0.016295437,0.07151944190263748
PHAX,0.69914395,0.53072345,-0.2429794,0.28627452,0.016295437,0.07151944190263748
CMTM3,1.3156947,0.96344423,-0.50819,0.28627452,0.016295437,0.07151944190263748
THUMPD3,0.5438431,0.4129645,-0.1888179,0.28627452,0.016295437,0.07151944190263748
ALOX5AP,3.0815551,2.3358064,-1.075888,0.28627452,0.016295437,0.07151944190263748
SRPK1,1.1172999,0.8177629,-0.43214056,0.28627452,0.016295437,0.07151944190263748
GPR56,1.6488391,1.1346533,-0.7418133,0.28627452,0.016295437,0.07151944190263748
TRERF1,1.2265133,0.9389163,-0.41491467,0.28627452,0.016295437,0.07151944190263748
PTBP1,2.4694536,1.9530103,-0.7450701,0.28627452,0.016295437,0.07151944190263748
TBL3,0.6798032,0.4252496,-0.3672432,0.28627452,0.016295437,0.07151944190263748
TOR3A,0.6777452,0.5030162,-0.25208074,0.28627452,0.016295437,0.07151944190263748
NRDE2,0.47024804,0.33400816,-0.1965526,0.28627452,0.016295437,0.07151944190263748
ICAM3,2.6039817,2.2218533,-0.55129486,0.28627452,0.016295437,0.07151944190263748
CANT1,0.38493192,0.24486443,-0.20207468,0.28627452,0.016295437,0.07151944190263748
SAE1,1.3754545,0.97604704,-0.57622325,0.28627452,0.016295437,0.07151944190263748
EIF4H,2.9667504,2.5469265,-0.60567784,0.28627452,0.016295437,0.07151944190263748
ANP32BP1,0.20983243,0.14956701,-0.086944625,0.28627452,0.016295437,0.07151944190263748
MYH9,4.042204,3.6639028,-0.5457732,0.28627452,0.016295437,0.07151944190263748
SEC63,0.65317667,0.51149756,-0.20439975,0.28627452,0.016295437,0.07151944190263748
UBE2I,2.4671829,2.0274994,-0.63432914,0.28627452,0.016295437,0.07151944190263748
ARL8B,1.4821428,1.0877421,-0.56899995,0.28627452,0.016295437,0.07151944190263748
C21orf33,1.518577,1.2539012,-0.38184637,0.28627452,0.016295437,0.07151944190263748
NONO,3.7675726,3.2511747,-0.7450048,0.28627452,0.016295437,0.07151944190263748
LLPH,0.6897751,0.51107645,-0.25780767,0.28627452,0.016295437,0.07151944190263748
TCF7,1.1471508,1.8325423,0.98881096,0.7137255,0.016295437,0.07151944190263748
EXOSC7,0.76202166,0.52387136,-0.34357825,0.28627452,0.016295437,0.07151944190263748
TMEM126B,0.815594,0.5372176,-0.40161225,0.28627452,0.016295437,0.07151944190263748
HMGN1P36,0.52124447,0.38947573,-0.1901021,0.28627452,0.016295437,0.07151944190263748
COX14,1.2081686,0.9558098,-0.36407685,0.28627452,0.016295437,0.07151944190263748
RP11-463J10.3,0.5510413,0.4230378,-0.18467003,0.28627452,0.016295437,0.07151944190263748
GMPR2,0.8477191,0.63278294,-0.3100873,0.28627452,0.016295437,0.07151944190263748
HOPX,1.6538944,0.99981856,-0.943632,0.28627452,0.016295437,0.07151944190263748
UTP6,0.96878916,0.68801653,-0.40506926,0.28627452,0.016295437,0.07151944190263748
ARF3,0.80089575,0.5831586,-0.31412828,0.28627452,0.016295437,0.07151944190263748
TCEB1,1.307854,1.0119753,-0.42686284,0.28627452,0.016295437,0.07151944190263748
PKN1,1.2808391,1.0217102,-0.37384403,0.28627452,0.016295437,0.07151944190263748
POLR2M,0.90132225,0.70123494,-0.28866497,0.28627452,0.016295437,0.07151944190263748
KDELR1,0.8823832,0.615543,-0.38496906,0.28627452,0.016295437,0.07151944190263748
VAMP7,0.715708,0.5069323,-0.30119967,0.2882353,0.01730841,0.07429101318120956
M6PR,2.4825475,1.9249018,-0.8045127,0.2882353,0.01730841,0.07429101318120956
TNFRSF14,2.3768,2.0269282,-0.5047584,0.2882353,0.01730841,0.07429101318120956
PSME3,1.0919436,0.8325239,-0.37426358,0.2882353,0.01730841,0.07429101318120956
KLRD1,2.8515756,1.9371138,-1.3192896,0.2882353,0.01730841,0.07429101318120956
TRIM11,0.4718857,0.35765865,-0.1647948,0.2882353,0.01730841,0.07429101318120956
GOT2,0.7853849,0.5495024,-0.34030655,0.2882353,0.01730841,0.07429101318120956
POLR2L,1.5656677,1.2620023,-0.43809655,0.2882353,0.01730841,0.07429101318120956
NOA1,0.53195846,0.41876078,-0.16330974,0.2882353,0.01730841,0.07429101318120956
TARS,1.1338379,0.8992505,-0.33843812,0.2882353,0.01730841,0.07429101318120956
HDLBP,1.5911782,1.221817,-0.53287554,0.2882353,0.01730841,0.07429101318120956
STARD4,0.73802376,0.4584018,-0.4034092,0.2882353,0.01730841,0.07429101318120956
SPATA13,2.0523643,1.6218383,-0.6211178,0.2882353,0.01730841,0.07429101318120956
CCDC90B,0.9179397,0.71589065,-0.2914952,0.2882353,0.01730841,0.07429101318120956
VPS35,1.0925484,0.86035514,-0.33498403,0.2882353,0.01730841,0.07429101318120956
DNAJA2,1.6184585,1.3119454,-0.4422049,0.2882353,0.01730841,0.07429101318120956
PDCD5,1.2043968,0.8126592,-0.56515795,0.2882353,0.01730841,0.07429101318120956
SMS,0.8707519,0.6090262,-0.3775904,0.2882353,0.01730841,0.07429101318120956
UBB,6.379705,5.72284,-0.94765604,0.2882353,0.01730841,0.07429101318120956
C1orf174,1.0600255,0.7900615,-0.3894757,0.2882353,0.01730841,0.07429101318120956
TAF8,0.57574946,0.43632808,-0.20114252,0.2882353,0.01730841,0.07429101318120956
NDUFB6,1.3513004,1.0054759,-0.49891925,0.2882353,0.01730841,0.07429101318120956
MRPL22,0.9597152,0.7042451,-0.36856544,0.2882353,0.01730841,0.07429101318120956
USP15,2.211234,1.8689376,-0.49382943,0.2882353,0.01730841,0.07429101318120956
DGCR14,0.5278631,0.389109,-0.20017985,0.2882353,0.01730841,0.07429101318120956
SMIM15,0.74203783,0.5401685,-0.29123586,0.2882353,0.01730841,0.07429101318120956
GUCD1,0.6545157,0.47584793,-0.2577631,0.2882353,0.01730841,0.07429101318120956
ATP6V1H,0.91193044,0.66651356,-0.35406172,0.2882353,0.01730841,0.07429101318120956
PDAP1,1.4859761,1.1536641,-0.47942486,0.2882353,0.01730841,0.07429101318120956
NDUFS5,2.2926545,1.8031974,-0.70613736,0.2882353,0.01730841,0.07429101318120956
BRMS1,0.98246485,0.80589247,-0.2547401,0.2882353,0.01730841,0.07429101318120956
GHITM,2.4134707,2.0199268,-0.5677639,0.2882353,0.01730841,0.07429101318120956
CPSF2,0.6641442,0.43675333,-0.3280557,0.2882353,0.01730841,0.07429101318120956
HNRNPA1L2,1.0671761,0.92856437,-0.19997446,0.2882353,0.01730841,0.07429101318120956
HLA-A,7.8599997,7.711024,-0.21492672,0.2882353,0.01730841,0.07429101318120956
RAD1,0.5797941,0.41934016,-0.23148611,0.28921568,0.01783199,0.07649014890193939
NCALD,0.8724997,0.5804758,-0.42130142,0.2901961,0.01837618,0.07703078538179398
RDX,0.5198266,0.39965525,-0.1733706,0.2901961,0.01837618,0.07703078538179398
GPR68,0.5091885,0.3263777,-0.2637402,0.2901961,0.01837618,0.07703078538179398
SCCPDH,0.579995,0.3605916,-0.31653216,0.2901961,0.01837618,0.07703078538179398
RP11-9L18.2,0.24973756,0.193322,-0.08139045,0.2901961,0.01837618,0.07703078538179398
MRPL18,1.0303116,0.93453884,-0.13817087,0.2901961,0.01837618,0.07703078538179398
ATP6V0E2,1.2989105,1.0555165,-0.35114333,0.2901961,0.01837618,0.07703078538179398
ZNF22,0.6956373,0.47554994,-0.31751892,0.2901961,0.01837618,0.07703078538179398
CYBA,1.821253,1.5534766,-0.38631964,0.2901961,0.01837618,0.07703078538179398
METTL17,1.5505222,1.2793404,-0.39123267,0.2901961,0.01837618,0.07703078538179398
TXNDC11,0.6857169,0.51761955,-0.24251325,0.2901961,0.01837618,0.07703078538179398
NSL1,0.65740174,0.44858083,-0.30126488,0.2901961,0.01837618,0.07703078538179398
SLC25A20,0.43972257,0.3023431,-0.19819668,0.2901961,0.01837618,0.07703078538179398
PSTPIP1,2.9817152,2.294056,-0.9920826,0.2901961,0.01837618,0.07703078538179398
NCKAP1L,1.3187222,1.0267274,-0.42125946,0.2901961,0.01837618,0.07703078538179398
UCP2,4.068606,3.3654137,-1.0144919,0.2901961,0.01837618,0.07703078538179398
JAK3,3.6893501,3.1117573,-0.83329034,0.2901961,0.01837618,0.07703078538179398
ADORA2A,1.176263,0.84745216,-0.47437373,0.2901961,0.01837618,0.07703078538179398
AL590762.1,2.8639123,2.33853,-0.7579664,0.2901961,0.01837618,0.07703078538179398
DERL1,1.7307775,1.3640621,-0.5290585,0.2901961,0.01837618,0.07703078538179398
ZC3H7A,1.5213723,1.09904,-0.6092967,0.2901961,0.01837618,0.07703078538179398
CDC40,0.72071135,0.5585019,-0.23401877,0.2901961,0.01837618,0.07703078538179398
RAB1A,1.6493039,1.3658036,-0.4090045,0.2901961,0.01837618,0.07703078538179398
MTND1P23,1.3594998,1.609576,0.36078367,0.70980394,0.01837618,0.07703078538179398
ATXN1,2.7341173,2.239041,-0.71424395,0.2901961,0.01837618,0.07703078538179398
CRIM1,0.7360343,0.51468116,-0.31934503,0.2901961,0.01837618,0.07703078538179398
C19orf66,1.7587636,1.3871359,-0.53614545,0.2901961,0.01837618,0.07703078538179398
TMED4,2.7612865,2.5278046,-0.33684316,0.2901961,0.01837618,0.07703078538179398
SLFN5,2.1134694,1.6473342,-0.67249084,0.2901961,0.01837618,0.07703078538179398
CDK5RAP1,0.77486575,0.5858798,-0.27264908,0.2901961,0.01837618,0.07703078538179398
NACA,6.149957,5.5700774,-0.83658963,0.2901961,0.01837618,0.07703078538179398
HDGF,0.5306933,0.35216555,-0.2575611,0.2901961,0.01837618,0.07703078538179398
NCL,3.9810452,3.5560372,-0.61315703,0.2901961,0.01837618,0.07703078538179398
KRAS,0.99175274,0.7740997,-0.31400695,0.2901961,0.01837618,0.07703078538179398
PRIMPOL,0.5562612,0.38094413,-0.25292903,0.2901961,0.01837618,0.07703078538179398
WDR46,0.75552404,0.59676486,-0.22904107,0.2901961,0.01837618,0.07703078538179398
MTA2,0.7479311,0.5502639,-0.28517354,0.2901961,0.01837618,0.07703078538179398
TTC1,0.97269434,0.7569509,-0.31125197,0.29215688,0.019501187,0.07968830317258835
FDPS,1.4315917,1.0173457,-0.59763074,0.29215688,0.019501187,0.07968830317258835
DDRGK1,0.7332345,0.5526626,-0.2605102,0.29215688,0.019501187,0.07968830317258835
TSSC4,0.7417008,0.584958,-0.22613208,0.29215688,0.019501187,0.07968830317258835
SIGMAR1,0.8807665,0.6398699,-0.34754032,0.29215688,0.019501187,0.07968830317258835
HADHA,1.7377117,1.3878541,-0.5047378,0.29215688,0.019501187,0.07968830317258835
HMGN2P17,0.25643003,0.16344969,-0.13414228,0.29215688,0.019501187,0.07968830317258835
MDH1,2.1614332,1.6252282,-0.7735804,0.29215688,0.019501187,0.07968830317258835
COX15,0.53534305,0.42521408,-0.15888251,0.29215688,0.019501187,0.07968830317258835
RUVBL1,0.8513678,0.6423916,-0.30148885,0.29215688,0.019501187,0.07968830317258835
PAM,1.7660972,1.2323178,-0.77008086,0.29215688,0.019501187,0.07968830317258835
TDG,1.0287018,0.7661852,-0.37873134,0.29215688,0.019501187,0.07968830317258835
CENPK,0.81816566,0.46433556,-0.5104689,0.29215688,0.019501187,0.07968830317258835
POLR2K,1.5430759,1.2159846,-0.47189304,0.29215688,0.019501187,0.07968830317258835
VPS26A,1.300669,1.0524048,-0.35816953,0.29215688,0.019501187,0.07968830317258835
RAB7A,2.8605378,2.4426076,-0.60294574,0.29215688,0.019501187,0.07968830317258835
COPS2,0.8039185,0.60827386,-0.28225553,0.29215688,0.019501187,0.07968830317258835
PGD,0.8131647,0.58946794,-0.32272622,0.29215688,0.019501187,0.07968830317258835
ATN1,0.38630047,0.2700331,-0.16773838,0.29215688,0.019501187,0.07968830317258835
CHKB,0.86115324,0.6397674,-0.31939223,0.29215688,0.019501187,0.07968830317258835
CTC-425F1.4,4.1129775,3.737214,-0.542112,0.29215688,0.019501187,0.07968830317258835
TMED9,1.3049473,1.0106128,-0.42463478,0.29215688,0.019501187,0.07968830317258835
EMP3,2.989492,2.382597,-0.87556434,0.29215688,0.019501187,0.07968830317258835
COG4,0.89946353,0.6469328,-0.36432487,0.29215688,0.019501187,0.07968830317258835
SENP5,1.4586426,1.2384112,-0.31772676,0.29215688,0.019501187,0.07968830317258835
HTRA2,0.7744544,0.602411,-0.24820623,0.29215688,0.019501187,0.07968830317258835
MED4,1.5516385,1.2084326,-0.49514148,0.29215688,0.019501187,0.07968830317258835
AFAP1L2,0.82141316,0.41000202,-0.5935408,0.29215688,0.019501187,0.07968830317258835
TMEM189,0.65306884,0.46470183,-0.27175614,0.29215688,0.019501187,0.07968830317258835
MRPL52,0.9892172,0.6808349,-0.44490167,0.29215688,0.019501187,0.07968830317258835
WBP1,0.8627966,0.64246815,-0.31786677,0.29215688,0.019501187,0.07968830317258835
RNASEH1,0.580735,0.3745509,-0.2974608,0.29215688,0.019501187,0.07968830317258835
PPHLN1,1.5361345,1.2025099,-0.48131856,0.29215688,0.019501187,0.07968830317258835
UPF3A,0.9417877,0.765945,-0.25368738,0.29215688,0.019501187,0.07968830317258835
ATPIF1,2.2747874,1.7816515,-0.71144474,0.29215688,0.019501187,0.07968830317258835
RBBP7,1.6649303,1.2597241,-0.584589,0.29215688,0.019501187,0.07968830317258835
ADAM19,1.3324054,0.80663073,-0.7585326,0.29215688,0.019501187,0.07968830317258835
TFG,0.9788634,0.7435704,-0.33945608,0.29215688,0.019501187,0.07968830317258835
SEC24A,0.4688282,0.3361621,-0.19139674,0.29215688,0.019501187,0.07968830317258835
ARHGAP11B,0.5582912,0.33618546,-0.32043085,0.29215688,0.019501187,0.07968830317258835
AL353354.2,1.5700994,1.1512294,-0.60430163,0.29215688,0.019501187,0.07968830317258835
APOBEC3D,1.8963478,1.4450635,-0.6510656,0.29215688,0.019501187,0.07968830317258835
ZBTB43,0.52853215,0.407331,-0.1748563,0.29411766,0.020685887,0.08192621171474457
TOR1A,0.95585346,0.67554283,-0.40440276,0.29411766,0.020685887,0.08192621171474457
OSBPL7,0.56724954,0.41185006,-0.22419405,0.29411766,0.020685887,0.08192621171474457
DNMT1,2.0734453,1.614602,-0.66197103,0.29411766,0.020685887,0.08192621171474457
MLXIP,0.65791595,0.7952801,0.19817458,0.7058824,0.020685887,0.08192621171474457
CECR1,1.2697103,1.0652266,-0.29500768,0.29411766,0.020685887,0.08192621171474457
PTDSS1,1.1878242,0.94605356,-0.34880137,0.29411766,0.020685887,0.08192621171474457
IFI44,0.927357,0.47921002,-0.64653945,0.29411766,0.020685887,0.08192621171474457
SNX27,1.0131176,0.8361625,-0.25529218,0.29411766,0.020685887,0.08192621171474457
MT-ND2,6.6348834,6.951087,0.45618537,0.7058824,0.020685887,0.08192621171474457
PDCD10,1.3510973,1.0085609,-0.49417564,0.29411766,0.020685887,0.08192621171474457
NUCKS1,1.6454899,1.3609545,-0.4104978,0.29411766,0.020685887,0.08192621171474457
ATRAID,1.6017009,1.2795343,-0.4647881,0.29411766,0.020685887,0.08192621171474457
RFX5,1.0762603,0.72382736,-0.5084533,0.29411766,0.020685887,0.08192621171474457
EWSR1,3.2850304,2.8151624,-0.6778762,0.29411766,0.020685887,0.08192621171474457
PRKAR1A,2.7596588,2.2886212,-0.67956364,0.29411766,0.020685887,0.08192621171474457
PTPN1,1.3116394,1.0803932,-0.3336178,0.29411766,0.020685887,0.08192621171474457
RHEBP1,0.4657178,0.34960544,-0.16751471,0.29411766,0.020685887,0.08192621171474457
ZMPSTE24,0.599898,0.4336755,-0.23980835,0.29411766,0.020685887,0.08192621171474457
TRIM22,3.190439,2.6850374,-0.7291404,0.29411766,0.020685887,0.08192621171474457
ULK3,0.75050163,0.54818034,-0.2918879,0.29411766,0.020685887,0.08192621171474457
GBF1,1.0801562,0.8613923,-0.31560957,0.29411766,0.020685887,0.08192621171474457
TRPV2,1.4502697,1.1221404,-0.4733905,0.29411766,0.020685887,0.08192621171474457
UTP23,0.74469304,0.57668316,-0.24238701,0.29411766,0.020685887,0.08192621171474457
MAPK1IP1L,3.4821713,3.0248466,-0.65978014,0.29411766,0.020685887,0.08192621171474457
SNAP29,0.6842487,0.4963798,-0.27103752,0.29411766,0.020685887,0.08192621171474457
SMNDC1,0.8787933,0.7023082,-0.2546142,0.29411766,0.020685887,0.08192621171474457
ERAP1,1.5407761,1.2183816,-0.46511692,0.29411766,0.020685887,0.08192621171474457
RAB5C,2.0500968,1.6944158,-0.5131391,0.29411766,0.020685887,0.08192621171474457
SSU72,1.3101957,1.0299747,-0.40427342,0.29411766,0.020685887,0.08192621171474457
DGCR8,0.6005998,0.41321623,-0.27033737,0.29411766,0.020685887,0.08192621171474457
HSPA13,0.52046657,0.43462592,-0.12384187,0.29411766,0.020685887,0.08192621171474457
ERP44,1.4178246,1.2083634,-0.30218866,0.29411766,0.020685887,0.08192621171474457
NEK5,0.08644888,0.11126054,0.035795663,0.7058824,0.020685887,0.08192621171474457
PGLS,1.0329646,0.73678714,-0.42729372,0.29411766,0.020685887,0.08192621171474457
ATG13,1.1479856,0.9495668,-0.2862578,0.29411766,0.020685887,0.08192621171474457
MCM5,1.3738694,0.87581944,-0.71853423,0.29411766,0.020685887,0.08192621171474457
BMS1P5,0.19414663,0.2550046,0.087799504,0.7058824,0.020685887,0.08192621171474457
HDDC2,0.89713305,0.6859551,-0.3046654,0.29411766,0.020685887,0.08192621171474457
RPL36AL,3.783208,3.351265,-0.6231619,0.29411766,0.020685887,0.08192621171474457
UBE2K,1.3914214,1.0727116,-0.4598011,0.29411766,0.020685887,0.08192621171474457
MRPL47,0.8931352,0.6722894,-0.31861317,0.29411766,0.020685887,0.08192621171474457
EIF5A,3.5195644,3.0403008,-0.69143116,0.29411766,0.020685887,0.08192621171474457
ATP2A2,0.4687329,0.34581882,-0.17732753,0.29411766,0.020685887,0.08192621171474457
APOA1BP,0.98407453,0.7147361,-0.38857323,0.29411766,0.020685887,0.08192621171474457
ACP1,1.7213062,1.340592,-0.5492545,0.29411766,0.020685887,0.08192621171474457
RP11-22B23.1,0.43463668,0.21296513,-0.31980446,0.29411766,0.020685887,0.08192621171474457
CNIH4,1.171824,0.8953216,-0.3989086,0.29411766,0.020685887,0.08192621171474457
RBM15,0.7386204,0.562568,-0.2539899,0.29411766,0.020685887,0.08192621171474457
ATP6AP2,1.8605574,1.5257114,-0.4830807,0.29411766,0.020685887,0.08192621171474457
WDR83OS,2.0532897,1.576653,-0.6876413,0.29411766,0.020685887,0.08192621171474457
SLC4A2,0.7051227,0.4467739,-0.37271857,0.29411766,0.020685887,0.08192621171474457
LPIN2,1.0891029,0.8538084,-0.33945814,0.29411766,0.020685887,0.08192621171474457
CCL3L1,0.65502656,0.27857834,-0.5431,0.29509804,0.021297673,0.0842696875333786
C1orf131,0.661003,0.45310557,-0.29993257,0.29607844,0.021932868,0.0842696875333786
PVRIG,2.3086395,1.783355,-0.7578254,0.29607844,0.021932868,0.0842696875333786
RPUSD3,0.91146785,0.64363366,-0.38640305,0.29607844,0.021932868,0.0842696875333786
MOB3A,1.6849622,1.3603141,-0.46836808,0.29607844,0.021932868,0.0842696875333786
RNF167,2.012388,1.6963382,-0.4559635,0.29607844,0.021932868,0.0842696875333786
RP11-746M1.1,1.2350308,0.99851644,-0.34121805,0.29607844,0.021932868,0.0842696875333786
PSMC1P1,0.8020877,0.5927648,-0.30198914,0.29607844,0.021932868,0.0842696875333786
ID2,4.675055,4.0435276,-0.91110146,0.29607844,0.021932868,0.0842696875333786
RBM42,1.137545,0.8957379,-0.34885392,0.29607844,0.021932868,0.0842696875333786
CNPY2,1.3945719,1.0760157,-0.45957944,0.29607844,0.021932868,0.0842696875333786
SPCS1,2.68489,2.230297,-0.65583897,0.29607844,0.021932868,0.0842696875333786
CDK4,0.9548241,0.61254597,-0.49380293,0.29607844,0.021932868,0.0842696875333786
RHOG,1.8149087,1.3991567,-0.59980345,0.29607844,0.021932868,0.0842696875333786
XRCC6,3.3786643,2.8852057,-0.7119101,0.29607844,0.021932868,0.0842696875333786
PPRC1,0.40394124,0.3008419,-0.14874092,0.29607844,0.021932868,0.0842696875333786
FAM32A,1.4715385,1.1862327,-0.41160935,0.29607844,0.021932868,0.0842696875333786
YBX1,1.2900808,1.0569468,-0.33634132,0.29607844,0.021932868,0.0842696875333786
ZC3H15,1.5800655,1.3035891,-0.3988711,0.29607844,0.021932868,0.0842696875333786
CTAGE5,1.0231503,0.8264699,-0.28374988,0.29607844,0.021932868,0.0842696875333786
ITPA,1.1543652,0.8212286,-0.48061445,0.29607844,0.021932868,0.0842696875333786
P4HB,2.6619697,2.1411688,-0.7513568,0.29607844,0.021932868,0.0842696875333786
TOR1AIP2,1.536853,1.2660031,-0.3907537,0.29607844,0.021932868,0.0842696875333786
CLIP1,0.96211374,0.7595789,-0.29219604,0.29607844,0.021932868,0.0842696875333786
LSM4,1.5586239,1.202994,-0.5130655,0.29607844,0.021932868,0.0842696875333786
CIZ1,0.6819113,0.5116307,-0.24566294,0.29607844,0.021932868,0.0842696875333786
THOC3,0.8965025,0.65115446,-0.3539624,0.29607844,0.021932868,0.0842696875333786
FKBP8,0.8226394,0.6443486,-0.25721923,0.29607844,0.021932868,0.0842696875333786
APH1A,0.8473871,0.63990384,-0.29933503,0.29607844,0.021932868,0.0842696875333786
LRP10,0.9037887,0.7124264,-0.2760774,0.29607844,0.021932868,0.0842696875333786
MLH1,0.7564303,0.5361192,-0.31784174,0.29607844,0.021932868,0.0842696875333786
HNRNPA1P7,0.9692264,0.75693035,-0.3062785,0.29607844,0.021932868,0.0842696875333786
TSTD1,1.6963999,1.2095001,-0.702448,0.29607844,0.021932868,0.0842696875333786
CCT6A,2.0986423,1.822594,-0.39825353,0.29607844,0.021932868,0.0842696875333786
REC8,0.93452275,0.68747663,-0.3564122,0.29607844,0.021932868,0.0842696875333786
C19orf10,1.3949369,1.0757041,-0.4605556,0.29607844,0.021932868,0.0842696875333786
TRGC1,1.2668941,0.99629796,-0.3903877,0.29607844,0.021932868,0.0842696875333786
NDUFV2P1,0.7862946,0.5722909,-0.30874205,0.29607844,0.021932868,0.0842696875333786
TRGV10,0.933696,0.79866856,-0.19480337,0.29607844,0.021932868,0.0842696875333786
NBN,0.7902061,0.55710125,-0.33629918,0.29607844,0.021932868,0.0842696875333786
TMEM14C,0.8090908,0.5243761,-0.41075647,0.29607844,0.021932868,0.0842696875333786
RNPEPL1,0.8896859,0.67648524,-0.30758357,0.29607844,0.021932868,0.0842696875333786
SLIRP,0.8752964,0.66073066,-0.30955294,0.29607844,0.021932868,0.0842696875333786
INPP5K,1.036934,0.82732236,-0.3024057,0.29607844,0.021932868,0.0842696875333786
NDRG3,0.75985473,0.6249476,-0.19462985,0.29607844,0.021932868,0.0842696875333786
ZNHIT3,1.0649776,0.8320581,-0.3360319,0.29607844,0.021932868,0.0842696875333786
MOV10,1.2261732,0.9569997,-0.3883352,0.29607844,0.021932868,0.0842696875333786
VRK1,0.7392484,0.49085763,-0.35835212,0.29607844,0.021932868,0.0842696875333786
MRPS18A,0.58620095,0.4080112,-0.25707346,0.29607844,0.021932868,0.0842696875333786
NT5C3A,1.3264681,1.0615176,-0.3822428,0.29607844,0.021932868,0.0842696875333786
HIAT1,1.4064496,1.1623521,-0.35215822,0.29607844,0.021932868,0.0842696875333786
MRPS12,0.85232174,0.5830052,-0.38854167,0.29607844,0.021932868,0.0842696875333786
BAK1P1,0.6309502,0.43335924,-0.28506353,0.29607844,0.021932868,0.0842696875333786
TIMM8B,0.6269895,0.41478834,-0.30614156,0.29803923,0.023228785,0.08714855462312698
USP24,1.0239652,0.8244077,-0.2879007,0.29803923,0.02324473,0.08714855462312698
CAP1P2,0.1387973,0.10307026,-0.05154322,0.29803923,0.02324473,0.08714855462312698
PSMC3,1.6522092,1.1979655,-0.65533507,0.29803923,0.02324473,0.08714855462312698
DAD1,2.3118353,1.8843,-0.61680305,0.29803923,0.02324473,0.08714855462312698
EMC2,0.6119319,0.4194841,-0.2776435,0.29803923,0.02324473,0.08714855462312698
RPL29,6.062136,5.536667,-0.7580919,0.29803923,0.02324473,0.08714855462312698
RP11-168J18.6,0.19184023,0.14249253,-0.07119368,0.29803923,0.02324473,0.08714855462312698
MKI67IP,0.8833424,0.62791675,-0.3685013,0.29803923,0.02324473,0.08714855462312698
PRMT7,0.69468224,0.52196157,-0.24918325,0.29803923,0.02324473,0.08714855462312698
PSMB5,0.7723661,0.54967624,-0.32127357,0.29803923,0.02324473,0.08714855462312698
PHF21A,1.2571176,1.00809,-0.3592709,0.29803923,0.02324473,0.08714855462312698
MPLKIP,0.42975894,0.3124596,-0.16922718,0.29803923,0.02324473,0.08714855462312698
PIM1,2.1224566,1.6147594,-0.7324521,0.29803923,0.02324473,0.08714855462312698
TAGLN2,4.080065,3.4219592,-0.9494457,0.29803923,0.02324473,0.08714855462312698
COMMD6,2.501464,2.1192036,-0.55148506,0.29803923,0.02324473,0.08714855462312698
NDUFB11,1.748856,1.369202,-0.54772484,0.29803923,0.02324473,0.08714855462312698
TRAF2,0.794302,0.5660427,-0.3293085,0.29803923,0.02324473,0.08714855462312698
UBE2D2,2.1308324,1.7921495,-0.48861614,0.29803923,0.02324473,0.08714855462312698
RPS6KA1,1.2843564,0.91698784,-0.53000075,0.29803923,0.02324473,0.08714855462312698
RP11-421N8.1,0.40220383,0.24506886,-0.22669783,0.29803923,0.02324473,0.08714855462312698
RP11-439A17.7,0.42290422,0.29247195,-0.188174,0.29803923,0.02324473,0.08714855462312698
CTD-2033A16.2,0.25395197,0.2038214,-0.07232311,0.29803923,0.02324473,0.08714855462312698
TUBA1C,1.3261701,1.0449545,-0.40570828,0.29803923,0.02324473,0.08714855462312698
CLSTN3,1.2126653,0.8920508,-0.46254897,0.29803923,0.02324473,0.08714855462312698
LINC00493,0.97646177,0.724757,-0.3631332,0.29803923,0.02324473,0.08714855462312698
NEDD9,1.8647113,1.4624809,-0.5802958,0.29803923,0.02324473,0.08714855462312698
CREB3,0.5876931,0.41723073,-0.24592522,0.29803923,0.02324473,0.08714855462312698
SLC39A11,0.6864969,0.51486224,-0.2476165,0.29803923,0.02324473,0.08714855462312698
BLOC1S2,1.2225306,0.94373274,-0.4022203,0.29803923,0.02324473,0.08714855462312698
TMEM222,0.78520733,0.57092875,-0.30913866,0.29803923,0.02324473,0.08714855462312698
CCT8,2.2654433,1.7716504,-0.71239257,0.29803923,0.02324473,0.08714855462312698
RP11-290L1.3,1.594902,1.1367197,-0.66101736,0.29803923,0.02324473,0.08714855462312698
NKAP,0.59721524,0.4533802,-0.2075101,0.29803923,0.02324473,0.08714855462312698
CHURC1-FNTB,0.694066,0.51568335,-0.25735176,0.29803923,0.02324473,0.08714855462312698
VPS36,0.9950965,0.7801962,-0.31003562,0.29803923,0.02324473,0.08714855462312698
NAA38,1.4307363,1.143453,-0.41446218,0.29803923,0.02324473,0.08714855462312698
DNAJC3,1.5971615,1.3581189,-0.34486562,0.29803923,0.02324473,0.08714855462312698
SRA1,1.0983773,0.84573925,-0.36447972,0.29803923,0.02324473,0.08714855462312698
TRAPPC5,1.1572257,0.8272988,-0.47598392,0.29803923,0.02324473,0.08714855462312698
PRMT1,1.351045,1.0976224,-0.36561155,0.29803923,0.02324473,0.08714855462312698
NRAS,0.96521384,0.7124007,-0.3647323,0.29803923,0.02324473,0.08714855462312698
AGA,0.6091138,0.41678587,-0.27747056,0.29803923,0.02324473,0.08714855462312698
PTPRJ,1.0917833,0.8887051,-0.29297993,0.29803923,0.02324473,0.08714855462312698
INTS7,0.49347708,0.3394341,-0.22223705,0.3,0.024620045,0.09047900885343552
YWHAZP4,2.069024,1.8865919,-0.263194,0.3,0.024624202,0.09047900885343552
SCAP,0.851199,0.6256893,-0.32534164,0.3,0.024624202,0.09047900885343552
C7orf73,1.2535746,0.9599229,-0.42364985,0.3,0.024624202,0.09047900885343552
TMEM179B,1.5062021,1.1301659,-0.5425055,0.3,0.024624202,0.09047900885343552
ASCC1,0.87173855,0.6260543,-0.35444748,0.3,0.024624202,0.09047900885343552
CYCS,2.6214097,2.0450191,-0.8315557,0.3,0.024624202,0.09047900885343552
RPE,0.5475914,0.3702407,-0.25586298,0.3,0.024624202,0.09047900885343552
THAP5,1.016764,0.779926,-0.34168506,0.3,0.024624202,0.09047900885343552
PPP3CC,0.93984187,0.7389193,-0.28986996,0.3,0.024624202,0.09047900885343552
ZBED5,0.6768543,0.49108618,-0.26800674,0.3,0.024624202,0.09047900885343552
MKRN2,0.51086885,0.3917503,-0.17185172,0.3,0.024624202,0.09047900885343552
ELK3,0.4683846,0.6351575,0.24060248,0.7,0.024624202,0.09047900885343552
TAPBP,5.0231204,4.739253,-0.40953404,0.3,0.024624202,0.09047900885343552
RP11-307L3.2,0.40129742,0.27946526,-0.17576666,0.3,0.024624202,0.09047900885343552
C14orf119,1.1000113,0.84499806,-0.3679064,0.3,0.024624202,0.09047900885343552
FCF1,0.45702097,0.36680394,-0.13015565,0.3,0.024624202,0.09047900885343552
MAP1LC3B,2.621422,2.2266028,-0.5696038,0.3,0.024624202,0.09047900885343552
MGAT1,1.7045422,1.3428583,-0.5217995,0.3,0.024624202,0.09047900885343552
C9orf142,3.24196,2.8482056,-0.5680676,0.3,0.024624202,0.09047900885343552
DYNLRB1,1.7881271,1.3548312,-0.6251138,0.3,0.024624202,0.09047900885343552
KPNB1,1.6690984,1.3923831,-0.39921576,0.3,0.024624202,0.09047900885343552
SCRN2,0.61033535,0.47960505,-0.18860395,0.3,0.024624202,0.09047900885343552
RPS19BP1,1.2851154,1.0105675,-0.39608878,0.3,0.024624202,0.09047900885343552
CD48,3.118244,2.5699177,-0.79106754,0.3,0.024624202,0.09047900885343552
ATG9A,0.77644825,0.59479433,-0.2620712,0.3,0.024624202,0.09047900885343552
SEC22B,2.3350663,1.9660586,-0.53236556,0.3,0.024624202,0.09047900885343552
CDYL2,0.41459578,0.2709707,-0.20720719,0.3,0.024624202,0.09047900885343552
KLHDC4,1.0791013,0.88043684,-0.28661227,0.3,0.024624202,0.09047900885343552
PTPN22,2.8236477,2.4025047,-0.607581,0.3,0.024624202,0.09047900885343552
RP11-1399P15.1,0.62866884,0.41033188,-0.31499365,0.3,0.024624202,0.09047900885343552
RGPD5,2.5084267,3.0536911,0.78665036,0.7,0.024624202,0.09047900885343552
FOPNL,0.73206884,0.53878576,-0.27884853,0.3,0.024624202,0.09047900885343552
RBM17,1.9695799,1.5957358,-0.5393431,0.3,0.024624202,0.09047900885343552
DENND3,0.57981664,0.39698222,-0.2637743,0.3,0.024624202,0.09047900885343552
GADD45GIP1,0.97409576,0.65323746,-0.46290067,0.3,0.024624202,0.09047900885343552
PHF11,1.9169372,1.4587612,-0.66100824,0.3,0.024624202,0.09047900885343552
ARPC3P5,0.22965606,0.1744194,-0.079689644,0.3019608,0.026069706,0.09378394484519958
CASC4,1.3755233,1.1054724,-0.38960108,0.3019608,0.026074028,0.09378394484519958
HUWE1,2.236408,1.9941671,-0.34947976,0.3019608,0.026074028,0.09378394484519958
DMXL1,0.599477,0.4769654,-0.17674688,0.3019608,0.026074028,0.09378394484519958
CTBS,0.60911626,0.4574234,-0.21884654,0.3019608,0.026074028,0.09378394484519958
U2SURP,1.9512395,1.6019194,-0.50396234,0.3019608,0.026074028,0.09378394484519958
SAR1B,1.2608088,1.0278666,-0.33606458,0.3019608,0.026074028,0.09378394484519958
CCDC25,0.685889,0.499363,-0.26910013,0.3019608,0.026074028,0.09378394484519958
SFT2D1,1.4287641,1.1000661,-0.47421104,0.3019608,0.026074028,0.09378394484519958
TOX4,1.7421775,1.5374813,-0.29531416,0.3019608,0.026074028,0.09378394484519958
LIMS1,1.1898357,0.8565768,-0.4807909,0.3019608,0.026074028,0.09378394484519958
AKAP10,0.76154304,0.5718599,-0.27365494,0.3019608,0.026074028,0.09378394484519958
AP2A1,0.50567305,0.37558648,-0.18767525,0.3019608,0.026074028,0.09378394484519958
TMEM30A,1.2605691,0.9922971,-0.38703465,0.3019608,0.026074028,0.09378394484519958
HNRNPKP1,0.9365924,0.82286054,-0.1640804,0.3019608,0.026074028,0.09378394484519958
ISY1,1.0670333,0.8901379,-0.25520608,0.3019608,0.026074028,0.09378394484519958
CASP1,1.3024963,1.0032637,-0.4317014,0.3019608,0.026074028,0.09378394484519958
C4orf29,0.6926703,0.5742387,-0.17086063,0.3019608,0.026074028,0.09378394484519958
RAB10,1.7002603,1.3363829,-0.52496415,0.3019608,0.026074028,0.09378394484519958
AC007238.1,0.45610064,0.3695791,-0.12482419,0.3019608,0.026074028,0.09378394484519958
ITM2A,3.6217036,2.917155,-1.0164487,0.3019608,0.026074028,0.09378394484519958
RPL12,6.6169963,6.115269,-0.7238392,0.3019608,0.026074028,0.09378394484519958
MGME1,0.52716273,0.39456505,-0.19129802,0.3019608,0.026074028,0.09378394484519958
COASY,0.7213026,0.5418666,-0.25887147,0.3019608,0.026074028,0.09378394484519958
IRF4,1.4589452,1.0512142,-0.5882314,0.3019608,0.026074028,0.09378394484519958
CSNK2A2,0.9902595,0.79839766,-0.27679816,0.3019608,0.026074028,0.09378394484519958
CALM2,5.0784802,4.4940042,-0.8432206,0.3019608,0.026074028,0.09378394484519958
EIF4E3,0.5075904,0.35223392,-0.22413205,0.3019608,0.026074028,0.09378394484519958
HSPB1,1.8752792,1.3911473,-0.69845474,0.3019608,0.026074028,0.09378394484519958
APOBEC3H,0.6943389,0.47114804,-0.32199636,0.3019608,0.026074028,0.09378394484519958
CD52,4.762395,3.977684,-1.1320986,0.3019608,0.026074028,0.09378394484519958
G3BP1,2.0798674,1.8389841,-0.34752104,0.3019608,0.026074028,0.09378394484519958
LIMK1,0.5310362,0.35829315,-0.24921554,0.3019608,0.026074028,0.09378394484519958
BID,0.694393,0.5419795,-0.21988618,0.3019608,0.026074028,0.09378394484519958
HECA,0.80580497,1.0483458,0.34991246,0.69803923,0.026074028,0.09378394484519958
POLR2I,0.85367024,0.62587416,-0.32864028,0.3019608,0.026074028,0.09378394484519958
POLDIP2,0.78864634,0.56892633,-0.31698897,0.3019608,0.026074028,0.09378394484519958
PIAS4,0.50836533,0.3714161,-0.19757599,0.3019608,0.026074028,0.09378394484519958
PTBP2,0.670308,0.514259,-0.22513114,0.3019608,0.026074028,0.09378394484519958
MGRN1,0.8718396,0.6935151,-0.2572678,0.3019608,0.026074028,0.09378394484519958
ETFDH,0.5053829,0.42744446,-0.1124414,0.30392158,0.027597079,0.09700963646173477
SRSF10,1.8232061,1.5430374,-0.40419793,0.30392158,0.027597079,0.09700963646173477
EXOSC1,0.98659503,0.76650363,-0.31752476,0.30392158,0.027597079,0.09700963646173477
RPL9P8,4.9285994,5.1700315,0.34831303,0.6960784,0.027597079,0.09700963646173477
UBC,7.3708415,6.9240146,-0.644635,0.30392158,0.027597079,0.09700963646173477
KIAA0141,0.95694375,0.750008,-0.2985452,0.30392158,0.027597079,0.09700963646173477
RRAGC,0.3357488,0.22547913,-0.1590855,0.30392158,0.027597079,0.09700963646173477
SDHB,1.467682,1.1348975,-0.4801066,0.30392158,0.027597079,0.09700963646173477
BAP1,0.86524785,0.70218086,-0.23525593,0.30392158,0.027597079,0.09700963646173477
KIAA1143,0.64137894,0.5069554,-0.19393219,0.30392158,0.027597079,0.09700963646173477
FLI1,0.85995144,0.7108149,-0.21515855,0.30392158,0.027597079,0.09700963646173477
PPP2R2B,0.9459475,0.6843999,-0.37733346,0.30392158,0.027597079,0.09700963646173477
HMGN3,1.6952535,1.3006221,-0.5693327,0.30392158,0.027597079,0.09700963646173477
DAZAP2,4.820903,4.3472376,-0.6833545,0.30392158,0.027597079,0.09700963646173477
NUP93,1.1701051,0.81982267,-0.5053507,0.30392158,0.027597079,0.09700963646173477
MFF,1.3525379,1.0507488,-0.43538955,0.30392158,0.027597079,0.09700963646173477
KIAA1715,0.64903945,0.49096006,-0.22806035,0.30392158,0.027597079,0.09700963646173477
CPSF3,0.7012408,0.44384927,-0.37133744,0.30392158,0.027597079,0.09700963646173477
TRBC2,7.673551,7.5108743,-0.23469304,0.30392158,0.027597079,0.09700963646173477
VPS72,0.7166585,0.5256205,-0.2756095,0.30392158,0.027597079,0.09700963646173477
SNX1,1.7862226,1.3779205,-0.58905536,0.30392158,0.027597079,0.09700963646173477
ST13,2.1697204,1.8850726,-0.41066,0.30392158,0.027597079,0.09700963646173477
PRRC2A,1.355587,1.1260065,-0.33121467,0.30392158,0.027597079,0.09700963646173477
PPP1R11,1.0883733,0.8836025,-0.2954218,0.30392158,0.027597079,0.09700963646173477
RCAN3,0.73785603,0.88191223,0.20782916,0.6960784,0.027597079,0.09700963646173477
CSTF1,0.5251427,0.3990729,-0.18188034,0.30392158,0.027597079,0.09700963646173477
SPTLC2,0.63020504,0.46949568,-0.23185459,0.30392158,0.027597079,0.09700963646173477
IRF2,1.9201118,1.4330518,-0.702679,0.30392158,0.027597079,0.09700963646173477
CDK7,0.58956885,0.45424888,-0.19522546,0.30392158,0.027597079,0.09700963646173477
RNPS1,2.2594087,1.8490598,-0.5920083,0.30392158,0.027597079,0.09700963646173477
NAA10,1.3957387,1.0502664,-0.49841124,0.30392158,0.027597079,0.09700963646173477
UBAP2,0.70122117,0.56214416,-0.20064571,0.30392158,0.027597079,0.09700963646173477
TNFRSF10B,0.44015652,0.6208321,0.26065975,0.6960784,0.027597079,0.09700963646173477
EID1,2.9784706,2.417765,-0.8089273,0.30392158,0.027597079,0.09700963646173477
H3F3AP4,4.4933133,3.966962,-0.7593643,0.30392158,0.027597079,0.09700963646173477
SLC25A3,4.1875515,3.547187,-0.92385054,0.30392158,0.027597079,0.09700963646173477
ASB8,0.75036055,0.5586866,-0.27652705,0.30392158,0.027597079,0.09700963646173477
AFF1,1.2431736,1.0114044,-0.33437228,0.30392158,0.027597079,0.09700963646173477
INTS1,0.5568597,0.40467924,-0.21954995,0.30392158,0.027597079,0.09700963646173477
QARS,1.5936546,1.2627298,-0.47742367,0.30392158,0.027597079,0.09700963646173477
NARG2,0.63662064,0.48910376,-0.21282187,0.30392158,0.027597079,0.09700963646173477
BPGM,0.91884446,0.6453661,-0.3945459,0.30392158,0.027597079,0.09700963646173477
DCTPP1,0.71620375,0.45501146,-0.37682083,0.30392158,0.027597079,0.09700963646173477
RAF1,1.499802,1.2965492,-0.2932318,0.30392158,0.027597079,0.09700963646173477
MITD1,1.1356605,0.83699703,-0.43088034,0.30588236,0.02919624,0.10070929676294327
ARMC8,1.3539582,1.1461062,-0.29986706,0.30588236,0.02919624,0.10070929676294327
ENTPD1,1.4795244,0.8772036,-0.8689652,0.30588236,0.02919624,0.10070929676294327
PDCL3,1.2273543,0.9666084,-0.3761768,0.30588236,0.02919624,0.10070929676294327
TRAFD1,1.4203229,0.99860585,-0.6084091,0.30588236,0.02919624,0.10070929676294327
IMMT,1.1334482,0.9141473,-0.31638435,0.30588236,0.02919624,0.10070929676294327
LBR,1.8393978,1.4437097,-0.57085717,0.30588236,0.02919624,0.10070929676294327
CD7,2.2792032,1.9084762,-0.53484595,0.30588236,0.02919624,0.10070929676294327
PCNXL2,0.9733095,1.2485541,0.397094,0.69411767,0.02919624,0.10070929676294327
VPS4B,1.044709,0.8916131,-0.22087061,0.30588236,0.02919624,0.10070929676294327
PARVG,2.3146627,1.980324,-0.48234874,0.30588236,0.02919624,0.10070929676294327
MFAP1,0.57830524,0.45915905,-0.17189163,0.30588236,0.02919624,0.10070929676294327
ARAF,0.99242383,0.76265085,-0.33149233,0.30588236,0.02919624,0.10070929676294327
LDHB,4.5444217,3.7779303,-1.1058134,0.30588236,0.02919624,0.10070929676294327
COMMD5,0.6626267,0.48107657,-0.26192144,0.30588236,0.02919624,0.10070929676294327
ACOT2,0.536425,0.40460667,-0.19017364,0.30588236,0.02919624,0.10070929676294327
NUPL2,0.69178987,0.4936722,-0.28582337,0.30588236,0.02919624,0.10070929676294327
COPS6,1.888918,1.5116144,-0.54433405,0.30588236,0.02919624,0.10070929676294327
SH3KBP1,2.9775186,2.581373,-0.5715173,0.30588236,0.02919624,0.10070929676294327
PSMD6,1.8121125,1.4630349,-0.5036125,0.30588236,0.02919624,0.10070929676294327
NT5C,1.1657017,0.8619776,-0.43818134,0.30588236,0.02919624,0.10070929676294327
RP11-264B17.3,0.097510315,0.17209499,0.10760293,0.69411767,0.02919624,0.10070929676294327
TM9SF2,1.8015707,1.4528121,-0.50315225,0.30588236,0.02919624,0.10070929676294327
MGST3,1.0851837,0.8451941,-0.34623185,0.30588236,0.02919624,0.10070929676294327
MAP4K5,0.6518527,0.50912786,-0.20590846,0.30588236,0.02919624,0.10070929676294327
MRPL9,1.23778,0.9674698,-0.38997513,0.30588236,0.02919624,0.10070929676294327
KIF3B,0.54501545,0.375913,-0.24396329,0.30588236,0.02919624,0.10070929676294327
UBA3,1.4439902,1.1085054,-0.48400235,0.30588236,0.02919624,0.10070929676294327
SRRT,2.3315778,1.8889229,-0.63861597,0.30588236,0.02919624,0.10070929676294327
C18orf8,0.9817845,0.8031683,-0.25768873,0.30588236,0.02919624,0.10070929676294327
ACTA2,0.6574701,0.4596782,-0.2853534,0.30588236,0.02919624,0.10070929676294327
FBXL12,0.6717541,0.5179127,-0.22194627,0.30588236,0.02919624,0.10070929676294327
SNRPE,1.3517742,0.9292051,-0.60963833,0.30588236,0.02919624,0.10070929676294327
WDR70,0.71093786,0.55221874,-0.22898328,0.30588236,0.02919624,0.10070929676294327
RP11-785H5.1,1.0662162,0.91824174,-0.21348207,0.30588236,0.02919624,0.10070929676294327
RFFL,1.0621566,0.84928656,-0.3071065,0.30588236,0.02919624,0.10070929676294327
FBXL15,0.5687625,0.4067454,-0.23374124,0.30588236,0.02919624,0.10070929676294327
TCERG1,1.7212209,1.4694768,-0.36318988,0.30784315,0.030874504,0.10480110347270966
PIK3AP1,0.5400056,0.3574451,-0.2633792,0.30784315,0.030874504,0.10480110347270966
ZBP1,1.1616946,0.81987166,-0.49314633,0.30784315,0.030874504,0.10480110347270966
WHSC1L1,1.978411,1.7093946,-0.3881086,0.30784315,0.030874504,0.10480110347270966
GLRX3,1.2701111,0.865757,-0.58335966,0.30784315,0.030874504,0.10480110347270966
ZNF622,0.9014059,0.72478956,-0.25480348,0.30784315,0.030874504,0.10480110347270966
IPO9,0.8062107,0.57308406,-0.33633065,0.30784315,0.030874504,0.10480110347270966
HSPA4,1.3071275,1.0599691,-0.3565742,0.30784315,0.030874504,0.10480110347270966
FAM115C,0.57925856,0.46316162,-0.16749248,0.30784315,0.030874504,0.10480110347270966
TMEM173,1.6545779,1.2786154,-0.5423992,0.30784315,0.030874504,0.10480110347270966
PATL2,1.4169197,1.0183613,-0.5749982,0.30784315,0.030874504,0.10480110347270966
CYLD,1.8308387,1.5939741,-0.34172332,0.30784315,0.030874504,0.10480110347270966
GPX1,1.1066062,0.901154,-0.29640496,0.30784315,0.030874504,0.10480110347270966
RPL9P9,4.924395,5.1609077,0.34121564,0.69215685,0.030874504,0.10480110347270966
ASH2L,0.5973241,0.43413344,-0.23543432,0.30784315,0.030874504,0.10480110347270966
TMEM261,0.7373649,0.51593995,-0.31944865,0.30784315,0.030874504,0.10480110347270966
HERC2P3,0.61180407,0.73958445,0.18434812,0.69215685,0.030874504,0.10480110347270966
ATF7IP,3.1883874,2.9399729,-0.3583864,0.30784315,0.030874504,0.10480110347270966
CHCHD2P6,0.28432593,0.19901308,-0.12308042,0.30784315,0.030874504,0.10480110347270966
DAP,0.69873625,0.50499666,-0.27950716,0.30784315,0.030874504,0.10480110347270966
TPST2,1.6340446,1.2946173,-0.48969015,0.30784315,0.030874504,0.10480110347270966
SUZ12,0.5109549,0.38156462,-0.18667074,0.30784315,0.030874504,0.10480110347270966
NSA2,1.1743783,0.9410333,-0.33664563,0.30784315,0.030874504,0.10480110347270966
ARSA,0.9960033,0.7242808,-0.39201277,0.30784315,0.030874504,0.10480110347270966
TLK2,0.37240222,0.4401443,0.097731166,0.69215685,0.030874504,0.10480110347270966
PSMA3,2.741326,2.3504007,-0.5639861,0.30784315,0.030874504,0.10480110347270966
ATP6V1D,0.79209656,0.58911544,-0.29283985,0.30784315,0.030874504,0.10480110347270966
OCIAD2,1.8390491,1.5171934,-0.46433958,0.30784315,0.030874504,0.10480110347270966
SUGP1,0.81263435,0.63508064,-0.25615585,0.30784315,0.030874504,0.10480110347270966
C14orf1,0.6525413,0.504322,-0.21383522,0.30784315,0.030874504,0.10480110347270966
LYRM1,0.59601814,0.3973114,-0.28667325,0.30784315,0.030874504,0.10480110347270966
CMC2,1.9741832,1.5810305,-0.56719947,0.30784315,0.030874504,0.10480110347270966
POLR2H,0.6082753,0.39574504,-0.30661634,0.30980393,0.032634944,0.10893230885267258
CORO7,1.881866,1.5917759,-0.4185115,0.30980393,0.032634944,0.10893230885267258
RP11-161H23.5,0.7613166,0.51018745,-0.36230278,0.30980393,0.032634944,0.10893230885267258
FKBP2,0.9880829,0.71883583,-0.38844138,0.30980393,0.032634944,0.10893230885267258
PCED1B-AS1,3.5023901,3.07111,-0.62220573,0.30980393,0.032634944,0.10893230885267258
ADIPOR1,1.5819018,1.3128407,-0.3881731,0.30980393,0.032634944,0.10893230885267258
MGAT4A,1.0274568,1.4327867,0.5847675,0.6901961,0.032634944,0.10893230885267258
MIS18BP1,1.3522195,1.0716668,-0.40475187,0.30980393,0.032634944,0.10893230885267258
COPG1,1.0587975,0.82986176,-0.33028442,0.30980393,0.032634944,0.10893230885267258
PSMD6-AS2,0.67625225,0.8903585,0.30889004,0.6901961,0.032634944,0.10893230885267258
CHID1,0.65148515,0.46870154,-0.263701,0.30980393,0.032634944,0.10893230885267258
INO80E,0.50434685,0.3798981,-0.17954159,0.30980393,0.032634944,0.10893230885267258
CCDC6,0.3952049,0.26115915,-0.19338714,0.30980393,0.032634944,0.10893230885267258
PML,1.0164022,0.78413576,-0.3350897,0.30980393,0.032634944,0.10893230885267258
SPN,2.057626,1.6432564,-0.59780896,0.30980393,0.032634944,0.10893230885267258
CCL4L2,2.3942566,1.7651644,-0.90758824,0.30980393,0.032634944,0.10893230885267258
MRPL24,0.7138838,0.5326093,-0.26152387,0.30980393,0.032634944,0.10893230885267258
TRIM14,1.1748688,0.94623643,-0.32984683,0.30980393,0.032634944,0.10893230885267258
DDX50,0.96737015,0.75760174,-0.30263186,0.30980393,0.032634944,0.10893230885267258
HDAC2,0.99390393,0.7803539,-0.30808756,0.30980393,0.032634944,0.10893230885267258
CD244,0.93030536,0.66059,-0.38911703,0.30980393,0.032634944,0.10893230885267258
CAT,0.9696031,0.72649795,-0.35072663,0.30980393,0.032634944,0.10893230885267258
CDC37,3.2738173,2.905595,-0.5312324,0.30980393,0.032634944,0.10893230885267258
PRKD2,0.7437513,0.57921857,-0.23737054,0.30980393,0.032634944,0.10893230885267258
SEC23B,1.0622293,0.8659958,-0.28310502,0.30980393,0.032634944,0.10893230885267258
FAM134A,1.0495528,0.8741809,-0.25300816,0.30980393,0.032634944,0.10893230885267258
SRP9,2.883639,2.31438,-0.82126737,0.30980393,0.032634944,0.10893230885267258
PARP1,1.6520408,1.2913809,-0.5203223,0.30980393,0.032634944,0.10893230885267258
PNPT1,0.62643635,0.45925307,-0.24119449,0.30980393,0.032634944,0.10893230885267258
WSB2,0.79071975,0.5669698,-0.32280293,0.30980393,0.032634944,0.10893230885267258
GPR107,0.3981351,0.29982436,-0.14183241,0.30980393,0.032634944,0.10893230885267258
HNRNPA1P48,2.912042,2.7197437,-0.2774276,0.30980393,0.032634944,0.10893230885267258
CWC22,0.81633455,0.6820092,-0.19379048,0.30980393,0.032634944,0.10893230885267258
ARRDC1,1.3402303,1.0399191,-0.4332575,0.30980393,0.032634944,0.10893230885267258
UBE2D3P2,0.5236891,0.42648903,-0.14023006,0.31176472,0.03448064,0.11299040168523788
COQ4,0.81165147,0.6563974,-0.22398427,0.31176472,0.03448064,0.11299040168523788
SEC11C,1.5438669,1.2166537,-0.47206882,0.31176472,0.03448064,0.11299040168523788
CD8A,6.643843,6.2048817,-0.6332876,0.31176472,0.03448064,0.11299040168523788
UROD,0.676045,0.47073,-0.29620692,0.31176472,0.03448064,0.11299040168523788
TAF9,1.4158268,1.0779593,-0.48743975,0.31176472,0.03448064,0.11299040168523788
LMAN1,1.0422646,0.8075301,-0.33865026,0.31176472,0.03448064,0.11299040168523788
NAA16,0.47559342,0.6676272,0.2770462,0.6882353,0.03448064,0.11299040168523788
USP33,1.6408435,1.3818746,-0.3736132,0.31176472,0.03448064,0.11299040168523788
PUF60,2.0809739,1.7105594,-0.53439516,0.31176472,0.03448064,0.11299040168523788
HMGB2,2.9072409,2.2959702,-0.8818772,0.31176472,0.03448064,0.11299040168523788
ZFAND2B,0.84828657,0.68696994,-0.2327307,0.31176472,0.03448064,0.11299040168523788
DDX1,0.68227464,0.52095646,-0.23273294,0.31176472,0.03448064,0.11299040168523788
DCUN1D5,0.882764,0.60372955,-0.4025616,0.31176472,0.03448064,0.11299040168523788
PTPN11,1.1841413,0.8746119,-0.44655648,0.31176472,0.03448064,0.11299040168523788
CLK3,1.5948062,1.3749945,-0.3171212,0.31176472,0.03448064,0.11299040168523788
AL161784.1,0.52871865,0.38875133,-0.20193017,0.31176472,0.03448064,0.11299040168523788
BROX,1.9122598,1.6511874,-0.37664786,0.31176472,0.03448064,0.11299040168523788
C19orf12,0.5391057,0.39472297,-0.20830026,0.31176472,0.03448064,0.11299040168523788
ERP29,2.221305,1.7931566,-0.6176874,0.31176472,0.03448064,0.11299040168523788
NUP50,1.5662812,1.2343236,-0.47891355,0.31176472,0.03448064,0.11299040168523788
PRELID1P1,0.5001314,0.39529407,-0.15124834,0.31176472,0.03448064,0.11299040168523788
HNRNPLL,2.3480363,1.8634946,-0.69904584,0.31176472,0.03448064,0.11299040168523788
RNF114,1.3920821,1.1428959,-0.35949963,0.31176472,0.03448064,0.11299040168523788
PREB,0.79513246,0.6313333,-0.23631224,0.31176472,0.03448064,0.11299040168523788
PFDN2,1.1217326,0.8496096,-0.39259046,0.31176472,0.03448064,0.11299040168523788
PMPCB,1.2566639,1.0172892,-0.34534478,0.31176472,0.03448064,0.11299040168523788
IAH1,2.0376909,1.6774911,-0.5196585,0.31176472,0.03448064,0.11299040168523788
PRAF2,0.76817507,0.5816226,-0.2691383,0.31176472,0.03448064,0.11299040168523788
VMP1,3.6265037,3.03047,-0.85989505,0.31176472,0.03448064,0.11299040168523788
ARHGAP1,1.3671731,1.093661,-0.39459458,0.31176472,0.03448064,0.11299040168523788
HTATIP2,0.6920663,0.52037466,-0.2476987,0.31176472,0.03448064,0.11299040168523788
CDC27,0.8928567,0.6951178,-0.285277,0.31176472,0.03448064,0.11299040168523788
KCTD20,0.9663673,0.7385208,-0.32871303,0.31176472,0.03448064,0.11299040168523788
MINOS1,1.6506832,1.2867265,-0.52507854,0.31176472,0.03448064,0.11299040168523788
LEPRE1,0.59727836,0.4559549,-0.20388664,0.31176472,0.03448064,0.11299040168523788
PHF19,0.5769126,0.38125384,-0.2822759,0.31176472,0.03448064,0.11299040168523788
RP11-138I1.4,4.727227,4.264226,-0.6679696,0.31176472,0.03448064,0.11299040168523788
EBNA1BP2,0.7085584,0.4701129,-0.34400412,0.3137255,0.036414806,0.11707703769207001
UBXN2A,0.5042063,0.37225902,-0.19035968,0.3137255,0.036414806,0.11707703769207001
IK,2.445637,2.123503,-0.46474114,0.3137255,0.036414806,0.11707703769207001
TEX264,1.2759552,0.9930724,-0.40811363,0.3137255,0.036414806,0.11707703769207001
SAMM50,0.9848677,0.7613231,-0.3225067,0.3137255,0.036414806,0.11707703769207001
RTCB,1.0858101,0.8347461,-0.3622087,0.3137255,0.036414806,0.11707703769207001
RNF34,1.228494,0.9920793,-0.34107435,0.3137255,0.036414806,0.11707703769207001
PLP2,2.3239703,1.8761772,-0.64602894,0.3137255,0.036414806,0.11707703769207001
EZH1,0.49067864,0.6064314,0.16699597,0.6862745,0.036414806,0.11707703769207001
TRPC4AP,1.5993125,1.3244716,-0.39651167,0.3137255,0.036414806,0.11707703769207001
ENOPH1,0.8407246,0.618972,-0.31992134,0.3137255,0.036414806,0.11707703769207001
LSMD1,0.9242375,0.6938018,-0.3324484,0.3137255,0.036414806,0.11707703769207001
TSEN54,1.815543,1.5367054,-0.40227774,0.3137255,0.036414806,0.11707703769207001
NDUFS2,1.1898732,0.8657061,-0.46767431,0.3137255,0.036414806,0.11707703769207001
MRPL53,0.92762005,0.67347443,-0.36665463,0.3137255,0.036414806,0.11707703769207001
EIF3A,1.8874037,1.5651761,-0.46487615,0.3137255,0.036414806,0.11707703769207001
PLAA,0.6880724,0.56543416,-0.17692956,0.3137255,0.036414806,0.11707703769207001
NBR1,1.1667078,0.97279966,-0.27975026,0.3137255,0.036414806,0.11707703769207001
AGTRAP,1.0969388,0.7694564,-0.47245732,0.3137255,0.036414806,0.11707703769207001
SF3B5,1.617405,1.20391,-0.5965473,0.3137255,0.036414806,0.11707703769207001
RPAIN,1.0734936,0.9222898,-0.21814099,0.3137255,0.036414806,0.11707703769207001
PRPF31,0.9502752,0.75736094,-0.27831644,0.3137255,0.036414806,0.11707703769207001
PDLIM7,0.58803684,0.39797312,-0.274204,0.3137255,0.036414806,0.11707703769207001
PRKRIP1,0.49575964,0.37350693,-0.17637336,0.3137255,0.036414806,0.11707703769207001
CTBP1,2.3125834,2.008795,-0.43827406,0.3137255,0.036414806,0.11707703769207001
TBC1D22A,0.91371524,0.7668842,-0.2118324,0.3137255,0.036414806,0.11707703769207001
GS1-44D20.1,0.22491592,0.16405004,-0.087810904,0.3137255,0.036414806,0.11707703769207001
MTPAP,1.1316849,0.8795799,-0.36371064,0.3137255,0.036414806,0.11707703769207001
DDA1,0.7804535,0.6084002,-0.24822041,0.3137255,0.036414806,0.11707703769207001
RAB6A,1.7403953,1.5092304,-0.3335005,0.3137255,0.036414806,0.11707703769207001
EIF4G3,1.0091523,0.8610795,-0.21362387,0.3137255,0.036414806,0.11707703769207001
CWC27,0.5466588,0.40798688,-0.2000613,0.3137255,0.036414806,0.11707703769207001
DLD,1.3503282,1.087141,-0.3796988,0.3137255,0.036414806,0.11707703769207001
UBBP4,2.290972,2.117562,-0.25017765,0.3137255,0.036414806,0.11707703769207001
C17orf62,3.192535,2.6323645,-0.80815506,0.3137255,0.036414806,0.11707703769207001
FTLP3,1.4178016,1.1492023,-0.38750684,0.3137255,0.036414806,0.11707703769207001
ATXN10,1.3073266,1.0163593,-0.41977698,0.3137255,0.036414806,0.11707703769207001
GYPC,2.5760617,2.1187818,-0.6597155,0.3137255,0.036414806,0.11707703769207001
FBXO44,0.79495376,0.6337263,-0.23260206,0.3137255,0.036414806,0.11707703769207001
RP11-114H24.6,0.43348652,0.32048357,-0.1630288,0.3137255,0.036414806,0.11707703769207001
COMMD8,0.8469059,0.6021342,-0.35313085,0.3156863,0.03843505,0.12147031724452972
MPV17,1.2362608,0.9701314,-0.38394353,0.3156863,0.038440652,0.12147031724452972
EXOC7,1.3321143,1.0857623,-0.3554109,0.3156863,0.038440652,0.12147031724452972
TMX3,1.0828053,0.81729364,-0.38305232,0.3156863,0.038440652,0.12147031724452972
NOLC1,1.2001209,0.9822347,-0.31434336,0.3156863,0.038440652,0.12147031724452972
PTGES3,3.244327,2.9089105,-0.4839038,0.3156863,0.038440652,0.12147031724452972
TDRD3,0.3543065,0.27049816,-0.12090986,0.3156863,0.038440652,0.12147031724452972
RBM6,3.7194884,3.3514748,-0.5309314,0.3156863,0.038440652,0.12147031724452972
RBBP5,0.8872992,0.7492801,-0.19911945,0.3156863,0.038440652,0.12147031724452972
LPCAT3,0.84121495,0.69995004,-0.2038022,0.3156863,0.038440652,0.12147031724452972
ISCU,2.5203202,2.0859804,-0.6266198,0.3156863,0.038440652,0.12147031724452972
DCAF11,1.254186,0.9801058,-0.39541417,0.3156863,0.038440652,0.12147031724452972
GMPPA,0.6058475,0.40422618,-0.29087803,0.3156863,0.038440652,0.12147031724452972
EIF3FP3,1.8408935,1.582564,-0.3726907,0.3156863,0.038440652,0.12147031724452972
IQGAP1,2.9728284,2.4928312,-0.6924895,0.3156863,0.038440652,0.12147031724452972
STAU1,1.7155128,1.4361366,-0.4030546,0.3156863,0.038440652,0.12147031724452972
TMBIM6,4.26926,3.8597107,-0.59085464,0.3156863,0.038440652,0.12147031724452972
FGFR1OP2,1.5450143,1.335461,-0.30232143,0.3156863,0.038440652,0.12147031724452972
HTT,0.7045815,0.55943483,-0.20940238,0.3156863,0.038440652,0.12147031724452972
HNRNPA1,6.73097,6.4951267,-0.34024978,0.3156863,0.038440652,0.12147031724452972
IST1,2.5185878,2.29908,-0.316683,0.3156863,0.038440652,0.12147031724452972
GTF2F1,1.086693,0.85086685,-0.34022528,0.3156863,0.038440652,0.12147031724452972
DUSP5,0.73919094,0.49755064,-0.34861326,0.3156863,0.038440652,0.12147031724452972
PIGS,0.9497891,0.70197594,-0.35751882,0.3156863,0.038440652,0.12147031724452972
PPIH,0.79431456,0.5439453,-0.36120647,0.3156863,0.038440652,0.12147031724452972
TAGLN2P1,0.38550627,0.28222108,-0.14900903,0.3156863,0.038440652,0.12147031724452972
MRPL43,0.9824712,0.74822754,-0.3379422,0.3156863,0.038440652,0.12147031724452972
MRPL38,1.0860907,0.8761468,-0.302885,0.3156863,0.038440652,0.12147031724452972
WIPF1,3.9199684,3.7165353,-0.29349184,0.3156863,0.038440652,0.12147031724452972
TRIM35,0.6021167,0.47740817,-0.17991638,0.3156863,0.038440652,0.12147031724452972
GTF3C1,1.2282447,0.96630645,-0.37789696,0.3156863,0.038440652,0.12147031724452972
MKLN1,1.5985161,1.4025024,-0.28278798,0.3156863,0.038440652,0.12147031724452972
RAB11B,1.2668687,1.0807602,-0.26849777,0.3156863,0.038440652,0.12147031724452972
LIME1,2.5537558,2.1919928,-0.5219137,0.3156863,0.038440652,0.12147031724452972
LSM12,1.9430281,1.6495821,-0.42335302,0.3156863,0.038440652,0.12147031724452972
MRFAP1,2.4372866,2.1376255,-0.43231967,0.3156863,0.038440652,0.12147031724452972
LIMD2,3.9761767,3.5084293,-0.6748169,0.3156863,0.038440652,0.12147031724452972
ACTL6A,0.8582546,0.5819694,-0.39859533,0.31764707,0.04056153,0.1249287873506546
RP11-345J4.5,1.8083951,1.5271243,-0.40578806,0.31764707,0.04056153,0.1249287873506546
SPAG9,0.6252556,0.52223194,-0.1486317,0.31764707,0.04056153,0.1249287873506546
PTMA,6.9401317,6.72008,-0.3174676,0.31764707,0.04056153,0.1249287873506546
GET4,0.7334748,0.56856793,-0.2379103,0.31764707,0.04056153,0.1249287873506546
HNRNPA2B1,4.9803586,4.564104,-0.60052836,0.31764707,0.04056153,0.1249287873506546
TMEM9B,1.3113534,1.0896426,-0.31986108,0.31764707,0.04056153,0.1249287873506546
SLC1A5,1.0169654,0.8002891,-0.3125978,0.31764707,0.04056153,0.1249287873506546
SEC61A1,2.2476537,1.951459,-0.42731857,0.31764707,0.04056153,0.1249287873506546
GNG10,0.655592,0.4571496,-0.2862919,0.31764707,0.04056153,0.1249287873506546
KARS,1.5565059,1.2228608,-0.48134813,0.31764707,0.04056153,0.1249287873506546
PDE6D,0.6740429,0.47331452,-0.2895898,0.31764707,0.04056153,0.1249287873506546
DNAJC15,0.8029735,0.6104192,-0.27779713,0.31764707,0.04056153,0.1249287873506546
LIG1,0.7812309,0.5217173,-0.374399,0.31764707,0.04056153,0.1249287873506546
SLC33A1,0.5059048,0.40794352,-0.14132825,0.31764707,0.04056153,0.1249287873506546
EIF5B,1.2221897,1.0230181,-0.2873438,0.31764707,0.04056153,0.1249287873506546
RPS14,7.2649384,7.4548087,0.27392504,0.68235296,0.04056153,0.1249287873506546
EEF1A1,8.606885,8.738378,0.18970375,0.68235296,0.04056153,0.1249287873506546
COX20,1.1915342,0.9058416,-0.41216725,0.31764707,0.04056153,0.1249287873506546
CCDC47,0.9430752,0.76682097,-0.25428107,0.31764707,0.04056153,0.1249287873506546
TTLL3,1.0434939,0.86429185,-0.25853387,0.31764707,0.04056153,0.1249287873506546
ALKBH7,0.94743276,0.7154219,-0.33472088,0.31764707,0.04056153,0.1249287873506546
RFWD3,0.64070445,0.47695184,-0.23624508,0.31764707,0.04056153,0.1249287873506546
TRAPPC11,0.6815536,0.52021414,-0.23276365,0.31764707,0.04056153,0.1249287873506546
FAM104A,1.1893559,0.9317725,-0.37161428,0.31764707,0.04056153,0.1249287873506546
TRAPPC3,1.062504,0.81976354,-0.35020053,0.31764707,0.04056153,0.1249287873506546
AP3M1,0.79561085,0.5813178,-0.30915955,0.31764707,0.04056153,0.1249287873506546
DENND1B,0.5719127,0.43334523,-0.19991061,0.31764707,0.04056153,0.1249287873506546
ANKRD39,0.65863055,0.52243567,-0.19648768,0.31764707,0.04056153,0.1249287873506546
AKAP5,0.4933404,0.32136035,-0.24811476,0.31764707,0.04056153,0.1249287873506546
NARF,1.7699456,1.4613703,-0.44518003,0.31764707,0.04056153,0.1249287873506546
ATF2,0.9870351,0.79978406,-0.27014613,0.31764707,0.04056153,0.1249287873506546
SP110,2.6283295,2.1622577,-0.6723995,0.31764707,0.04056153,0.1249287873506546
ALG12,0.69024205,0.550071,-0.20222408,0.31764707,0.04056153,0.1249287873506546
SGSH,0.5479313,0.72133726,0.2501719,0.68235296,0.04056153,0.1249287873506546
SCLT1,0.6408641,0.48302135,-0.22771892,0.31764707,0.04056153,0.1249287873506546
OGFOD1,0.6384703,0.5213737,-0.16893469,0.31764707,0.04056153,0.1249287873506546
ZNF592,0.5966308,0.50182694,-0.13677308,0.31764707,0.04056153,0.1249287873506546
AP000350.4,0.18697757,0.14572638,-0.059512876,0.31764707,0.04056153,0.1249287873506546
HNRNPC,5.6734,5.3692775,-0.43875596,0.31764707,0.04056153,0.1249287873506546
DDX11,0.8822941,0.55162334,-0.4770571,0.31764707,0.04056153,0.1249287873506546
EVI2A,1.8644632,1.560729,-0.4381958,0.31764707,0.04056153,0.1249287873506546
ST13P4,0.25324813,0.20594914,-0.068238005,0.31764707,0.04056153,0.1249287873506546
HSBP1,0.9680493,0.6954252,-0.3933134,0.31764707,0.04056153,0.1249287873506546
SPATA21,0.16839975,0.14195435,-0.038152654,0.31764707,0.04056153,0.1249287873506546
NMT1,1.5710152,1.2923248,-0.40206534,0.31764707,0.04056153,0.1249287873506546
BAD,0.75401807,0.56320477,-0.2752854,0.31764707,0.04056153,0.1249287873506546
PPP2R4,0.9452627,0.70407176,-0.34796494,0.31764707,0.04056153,0.1249287873506546
FAM45A,0.5746161,0.42230713,-0.21973535,0.31764707,0.04056153,0.1249287873506546
UNC13D,1.4758327,1.2014635,-0.39583114,0.31764707,0.04056153,0.1249287873506546
AC099522.2,0.46669284,0.3661362,-0.14507256,0.31764707,0.04056153,0.1249287873506546
COMMD2,0.68480855,0.5155438,-0.2441974,0.31764707,0.04056153,0.1249287873506546
DUSP4,3.0515401,2.2939517,-1.0929691,0.31764707,0.04056153,0.1249287873506546
C5orf56,1.7540612,1.3741958,-0.54802996,0.31764707,0.04056153,0.1249287873506546
LTA4H,0.7743317,0.6457413,-0.18551674,0.31764707,0.04056153,0.1249287873506546
KIF5B,1.665556,1.4588392,-0.29822928,0.31764707,0.04056153,0.1249287873506546
KIAA0040,0.7270965,0.5138642,-0.30762914,0.31960785,0.042780764,0.12925252318382263
GIMAP4,3.184241,2.3716896,-1.172264,0.31960785,0.042780764,0.12925252318382263
RAE1,0.7961318,0.6478308,-0.21395312,0.31960785,0.042780764,0.12925252318382263
NDUFV1,2.2008722,1.8205955,-0.54862326,0.31960785,0.042780764,0.12925252318382263
YWHAQ,2.723024,2.3008423,-0.6090793,0.31960785,0.042780764,0.12925252318382263
APEH,1.6065247,1.2641859,-0.4938905,0.31960785,0.042780764,0.12925252318382263
RUNX1,0.9426419,0.7474659,-0.28157946,0.31960785,0.042780764,0.12925252318382263
MRPL42,0.8547357,0.67363244,-0.26127672,0.31960785,0.042780764,0.12925252318382263
TUBGCP3,0.5597065,0.42202678,-0.19862986,0.31960785,0.042780764,0.12925252318382263
CNDP2,1.4459723,1.1251626,-0.4628306,0.31960785,0.042780764,0.12925252318382263
CDK10,0.9399963,0.7545447,-0.26755014,0.31960785,0.042780764,0.12925252318382263
PCSK5,0.15804915,0.19965583,0.06002575,0.68039215,0.042780764,0.12925252318382263
SNRPD2,2.7974772,2.2733974,-0.7560873,0.31960785,0.042780764,0.12925252318382263
ABCB1,0.8277291,0.67239726,-0.22409649,0.31960785,0.042780764,0.12925252318382263
TOMM6,1.6048534,1.3429962,-0.37778002,0.31960785,0.042780764,0.12925252318382263
AGO1,0.4829001,0.38278937,-0.14442927,0.31960785,0.042780764,0.12925252318382263
UCHL3,0.6785239,0.5144449,-0.23671597,0.31960785,0.042780764,0.12925252318382263
ATP6V0C,1.5073916,1.3206077,-0.2694722,0.31960785,0.042780764,0.12925252318382263
FAM136A,0.78350127,0.6176394,-0.23928806,0.31960785,0.042780764,0.12925252318382263
ZYX,1.7706829,1.4232007,-0.5013108,0.31960785,0.042780764,0.12925252318382263
PPCS,1.388465,1.149944,-0.3441132,0.31960785,0.042780764,0.12925252318382263
C21orf91,1.0482576,0.7732242,-0.39678934,0.31960785,0.042780764,0.12925252318382263
OSTM1,0.8304244,0.68640214,-0.20778024,0.31960785,0.042780764,0.12925252318382263
BTG3,1.7640818,1.2903072,-0.6835124,0.31960785,0.042780764,0.12925252318382263
RPSA,6.7978415,6.375079,-0.6099172,0.31960785,0.042780764,0.12925252318382263
RBM3,3.481044,3.0729325,-0.5887805,0.31960785,0.042780764,0.12925252318382263
HNRNPA3P6,0.51138,0.40513554,-0.15327838,0.31960785,0.042780764,0.12925252318382263
PPM1M,1.2884425,0.9690366,-0.46080533,0.31960785,0.042780764,0.12925252318382263
CDC37L1,0.60354555,0.49413568,-0.15784508,0.31960785,0.042780764,0.12925252318382263
TBCCD1,0.54088384,0.40774962,-0.19207208,0.31960785,0.042780764,0.12925252318382263
HCFC1R1,0.52562773,0.36018023,-0.23869029,0.31960785,0.042780764,0.12925252318382263
RP11-94L15.2,2.1889865,1.7845215,-0.58351976,0.31960785,0.042780764,0.12925252318382263
PPP2R5D,1.0861789,0.8595994,-0.3268851,0.31960785,0.042780764,0.12925252318382263
MRE11A,0.760307,0.5196989,-0.3471241,0.31960785,0.042780764,0.12925252318382263
LINC00426,0.77214026,0.5755383,-0.28363672,0.31960785,0.042780764,0.12925252318382263
SLC25A32,1.2761445,1.0229114,-0.3653381,0.31960785,0.042780764,0.12925252318382263
MEMO1,0.7843824,0.6289068,-0.2243039,0.31960785,0.042780764,0.12925252318382263
FBXW2,1.3310483,1.1062441,-0.32432386,0.31960785,0.042780764,0.12925252318382263
SNRPEP2,0.6188926,0.43407515,-0.26663524,0.31960785,0.042780764,0.12925252318382263
SYF2,1.7596406,1.491567,-0.3867484,0.31960785,0.042780764,0.12925252318382263
ZC3H4,0.8541229,0.695645,-0.22863528,0.31960785,0.042780764,0.12925252318382263
MNAT1,0.6587784,0.49096686,-0.24210092,0.31960785,0.042780764,0.12925252318382263
DTD1,0.83727336,0.64422446,-0.2785107,0.31960785,0.042780764,0.12925252318382263
TMBIM4,2.1928098,1.7680534,-0.612794,0.32156864,0.04510182,0.13424192368984222
N4BP2,0.5673744,0.38389373,-0.26470667,0.32156864,0.04510182,0.13424192368984222
RP11-423H2.1,0.8134774,0.63350016,-0.25965226,0.32156864,0.04510182,0.13424192368984222
DNAJC7,1.70407,1.4132891,-0.41950816,0.32156864,0.04510182,0.13424192368984222
NCOR1,3.8730078,3.5090861,-0.52502793,0.32156864,0.04510182,0.13424192368984222
ENO2,0.71871316,0.59029853,-0.18526316,0.32156864,0.04510182,0.13424192368984222
ST3GAL5,0.7672488,0.66813123,-0.14299643,0.32156864,0.04510182,0.13424192368984222
UBA6,1.1386969,0.9161616,-0.32105058,0.32156864,0.04510182,0.13424192368984222
PITPNB,1.4048458,1.1969568,-0.29992053,0.32156864,0.04510182,0.13424192368984222
DCK,0.93694144,0.71165735,-0.32501626,0.32156864,0.04510182,0.13424192368984222
AC104820.2,0.77277654,0.51559806,-0.37103012,0.32156864,0.04510182,0.13424192368984222
CTDSP1,0.91913354,0.7210675,-0.28574893,0.32156864,0.04510182,0.13424192368984222
BDP1,1.1168385,1.0193053,-0.14071053,0.32156864,0.04510182,0.13424192368984222
NPM1P27,1.7754108,1.5792898,-0.28294277,0.32156864,0.04510182,0.13424192368984222
PPIG,1.802629,1.5381047,-0.38162795,0.32156864,0.04510182,0.13424192368984222
ACAA1,1.245814,0.9847097,-0.37669384,0.32156864,0.04510182,0.13424192368984222
POC1B,0.7563323,0.6194002,-0.19755122,0.32156864,0.04510182,0.13424192368984222
PPP4R2,0.7843309,0.6414959,-0.20606738,0.32156864,0.04510182,0.13424192368984222
TUFM,2.0966089,1.7655015,-0.47768697,0.32156864,0.04510182,0.13424192368984222
RPS27L,1.4076027,1.1075624,-0.43286657,0.32156864,0.04510182,0.13424192368984222
TMA7,4.096223,3.645772,-0.6498633,0.32156864,0.04510182,0.13424192368984222
NTMT1,0.73307264,0.63541305,-0.140893,0.32156864,0.04510182,0.13424192368984222
RB1,0.7599885,0.6069885,-0.22073233,0.32156864,0.04510182,0.13424192368984222
SURF2,0.6490961,0.52874523,-0.17362955,0.32156864,0.04510182,0.13424192368984222
OS9,1.7937464,1.4894758,-0.43896955,0.32156864,0.04510182,0.13424192368984222
DHPS,1.3298846,1.08219,-0.3573478,0.32156864,0.04510182,0.13424192368984222
WNK1,2.9409873,2.5822806,-0.5175044,0.32156864,0.04510182,0.13424192368984222
RANP1,0.4701694,0.339,-0.18923746,0.32156864,0.04510182,0.13424192368984222
SDHA,2.1842248,1.8593657,-0.46867266,0.32156864,0.04510182,0.13424192368984222
RTCA,1.0776241,0.8248029,-0.3647439,0.32156864,0.04510182,0.13424192368984222
MIPOL1,0.041040115,0.053503692,0.01798114,0.6784314,0.04510182,0.13424192368984222
NOP2,0.8532978,0.77841544,-0.10803245,0.32156864,0.04510182,0.13424192368984222
C6orf62,5.6451244,5.430534,-0.30958873,0.32156864,0.04510182,0.13424192368984222
NKTR,2.2091398,2.3886275,0.25894603,0.6784314,0.04510182,0.13424192368984222
RGPD8,0.7358073,0.9019731,0.23972662,0.6764706,0.047528137,0.13802802562713623
RPA1,1.2758261,1.0011629,-0.39625525,0.32352942,0.047528137,0.13802802562713623
PLEKHJ1,1.318426,1.0188334,-0.4322208,0.32352942,0.047528137,0.13802802562713623
CNEP1R1,0.6440198,0.5010025,-0.20633034,0.32352942,0.047528137,0.13802802562713623
COPS5,1.1512862,0.9480461,-0.29321358,0.32352942,0.047528137,0.13802802562713623
RIOK1,0.67170334,0.51463103,-0.22660744,0.32352942,0.047528137,0.13802802562713623
FMR1,0.5801478,0.4331725,-0.21204054,0.32352942,0.047528137,0.13802802562713623
MIIP,0.9203538,0.7284861,-0.2768065,0.32352942,0.047528137,0.13802802562713623
ST6GALNAC4,0.54945046,0.40534902,-0.20789443,0.32352942,0.047528137,0.13802802562713623
NDFIP2,1.0541619,0.7239961,-0.47632855,0.32352942,0.047528137,0.13802802562713623
EAF1,0.8286069,0.70791674,-0.1741191,0.32352942,0.047528137,0.13802802562713623
STXBP2,1.6596596,1.3731318,-0.41337234,0.32352942,0.047528137,0.13802802562713623
F2R,1.5203266,1.1452094,-0.5411797,0.32352942,0.047528137,0.13802802562713623
USP39,1.417715,1.111804,-0.4413362,0.32352942,0.047528137,0.13802802562713623
KIFAP3,0.52838355,0.38368636,-0.20875391,0.32352942,0.047528137,0.13802802562713623
C16orf87,0.5185376,0.341206,-0.25583538,0.32352942,0.047528137,0.13802802562713623
SEL1L,0.82378465,0.7056034,-0.17049947,0.32352942,0.047528137,0.13802802562713623
WDR55,0.93110216,0.77779424,-0.22117656,0.32352942,0.047528137,0.13802802562713623
RPS24,6.651796,6.3949924,-0.37048915,0.32352942,0.047528137,0.13802802562713623
ATP6V0E1,2.9094894,2.3743029,-0.77211094,0.32352942,0.047528137,0.13802802562713623
PRRC1,0.58005446,0.45389172,-0.18201436,0.32352942,0.047528137,0.13802802562713623
OSTC,1.5134412,1.2098055,-0.43805373,0.32352942,0.047528137,0.13802802562713623
MLX,1.101982,0.86110884,-0.34750652,0.32352942,0.047528137,0.13802802562713623
CBFB,1.2208519,0.93259954,-0.41586024,0.32352942,0.047528137,0.13802802562713623
HIST2H4A,0.79245216,0.6302886,-0.23395255,0.32352942,0.047528137,0.13802802562713623
LAYN,0.718189,0.4419452,-0.39853558,0.32352942,0.047528137,0.13802802562713623
IKBKG,0.6916455,0.58245695,-0.1575258,0.32352942,0.047528137,0.13802802562713623
EXOSC6,0.69643015,0.56674814,-0.18709159,0.32352942,0.047528137,0.13802802562713623
SLC7A1,0.40306994,0.29100534,-0.16167504,0.32352942,0.047528137,0.13802802562713623
RP3-469D22.1,0.54923123,0.45679533,-0.13335681,0.32352942,0.047528137,0.13802802562713623
IGF2R,0.6913413,0.5167138,-0.2519342,0.32352942,0.047528137,0.13802802562713623
C16orf54,3.4263122,3.0404608,-0.5566659,0.32352942,0.047528137,0.13802802562713623
WDR7,0.588392,0.45403552,-0.19383545,0.32352942,0.047528137,0.13802802562713623
KAT5,0.92171395,0.7432836,-0.25742054,0.32352942,0.047528137,0.13802802562713623
RANBP3,1.2169873,1.0444608,-0.2489031,0.32352942,0.047528137,0.13802802562713623
DNAJB12,0.6478764,0.48812503,-0.23047249,0.32352942,0.047528137,0.13802802562713623
SGTA,0.76645553,0.6268954,-0.20134267,0.32352942,0.047528137,0.13802802562713623
NUDT5,1.4455472,1.1209192,-0.4683392,0.32352942,0.047528137,0.13802802562713623
TRIP12,1.2560998,1.0092897,-0.35607168,0.32352942,0.047528137,0.13802802562713623
PEPD,0.6656663,0.54144764,-0.17920962,0.32352942,0.047528137,0.13802802562713623
APMAP,2.4981794,2.192173,-0.44147396,0.32352942,0.047528137,0.13802802562713623
GPAA1,1.3178493,1.0172701,-0.43364412,0.32352942,0.047528137,0.13802802562713623
RNF13,0.8447667,0.67888355,-0.23931876,0.32352942,0.047528137,0.13802802562713623
CCL3L3,0.70395267,0.41269588,-0.42019472,0.32352942,0.047528137,0.13802802562713623
TTC3,1.3436469,1.5687196,0.32471132,0.6764706,0.047528137,0.13802802562713623
ADCY3,0.5245467,0.3629783,-0.23309389,0.32352942,0.047528137,0.13802802562713623
AC159540.1,0.7879369,0.96473414,0.25506446,0.6764706,0.047528137,0.13802802562713623
AP1S2,0.6451496,0.46657518,-0.2576284,0.32352942,0.047528137,0.13802802562713623
RIN3,0.909527,0.6888732,-0.3183362,0.32352942,0.047528137,0.13802802562713623
GTF3C5,0.77798706,0.5810402,-0.28413427,0.32352942,0.047528137,0.13802802562713623
ADD1,1.2933447,1.0576893,-0.3399789,0.32352942,0.047528137,0.13802802562713623
SNX14,1.4092535,1.1810666,-0.32920402,0.32352942,0.047528137,0.13802802562713623
NSFL1C,0.954524,0.8338939,-0.17403242,0.32352942,0.047528137,0.13802802562713623
TUSC2,0.6351129,0.49759045,-0.19840293,0.32352942,0.047528137,0.13802802562713623
TRMT112,2.800552,2.3419595,-0.661609,0.32352942,0.047528137,0.13802802562713623
CCNC,0.95474946,0.7529011,-0.29120567,0.32352942,0.047528137,0.13802802562713623
HSPA9,3.029771,2.6693096,-0.520036,0.32352942,0.047528137,0.13802802562713623
PLAC8,0.65114015,1.0041398,0.5092708,0.6754902,0.04877535,0.14158977568149567
USP9Y,0.37379348,0.5883724,0.30957195,0.6745098,0.049269084,0.14296214282512665
MINOS1-NBL1,0.29127225,0.21828835,-0.10529352,0.3254902,0.050063275,0.14313392341136932
ITGAL,3.630338,3.1602614,-0.6781771,0.3254902,0.050063275,0.14313392341136932
SEL1L3,1.180633,0.9446033,-0.34051877,0.3254902,0.050063275,0.14313392341136932
SLC9A9,0.55639243,0.44103006,-0.16643272,0.3254902,0.050063275,0.14313392341136932
API5,1.2056143,0.9716119,-0.33759412,0.3254902,0.050063275,0.14313392341136932
NRD1,1.950459,1.637165,-0.45198777,0.3254902,0.050063275,0.14313392341136932
ILK,1.5104805,1.1717657,-0.4886622,0.3254902,0.050063275,0.14313392341136932
DDX41,0.67607534,0.52248,-0.22159122,0.3254902,0.050063275,0.14313392341136932
PYURF,1.4328144,1.1583076,-0.39602962,0.3254902,0.050063275,0.14313392341136932
PCIF1,1.4226081,1.2381374,-0.26613507,0.3254902,0.050063275,0.14313392341136932
ZBTB8OS,0.88073605,0.6789368,-0.2911348,0.3254902,0.050063275,0.14313392341136932
PIK3C2B,0.4140379,0.33832455,-0.1092313,0.3254902,0.050063275,0.14313392341136932
ILKAP,1.233361,1.0274401,-0.2970811,0.3254902,0.050063275,0.14313392341136932
RAB2A,1.2077832,1.0213664,-0.26894268,0.3254902,0.050063275,0.14313392341136932
CHTF8,0.9508868,0.73097605,-0.31726414,0.3254902,0.050063275,0.14313392341136932
IQSEC1,0.6655496,0.53620476,-0.18660513,0.3254902,0.050063275,0.14313392341136932
C5orf51,0.4716478,0.3556273,-0.1673822,0.3254902,0.050063275,0.14313392341136932
KCTD9,0.42111045,0.29231647,-0.18581045,0.3254902,0.050063275,0.14313392341136932
TAF2,0.7532263,0.61880153,-0.19393392,0.3254902,0.050063275,0.14313392341136932
JMJD7-PLA2G4B,0.33652106,0.43140945,0.136895,0.6745098,0.050063275,0.14313392341136932
MYO18A,1.0585933,0.8776919,-0.26098546,0.3254902,0.050063275,0.14313392341136932
CDK11B,1.3080238,1.0878352,-0.31766504,0.3254902,0.050063275,0.14313392341136932
PRKACB,2.1826508,1.8541334,-0.47395048,0.3254902,0.050063275,0.14313392341136932
ARL1,0.70750624,0.5403099,-0.24121332,0.3254902,0.050063275,0.14313392341136932
WHSC1,0.77505285,0.5424373,-0.33559328,0.3254902,0.050063275,0.14313392341136932
SPOP,0.9453488,0.8091431,-0.19650325,0.3254902,0.050063275,0.14313392341136932
KCTD10,0.72390276,0.5522164,-0.24769105,0.3254902,0.050063275,0.14313392341136932
GFPT1,0.6189414,0.4678971,-0.21791092,0.3254902,0.050063275,0.14313392341136932
BLMH,0.59359354,0.43158102,-0.23373465,0.3254902,0.050063275,0.14313392341136932
METAP1,0.9148071,0.7565549,-0.22830963,0.3254902,0.050063275,0.14313392341136932
IFNAR1,0.59850574,0.48326638,-0.16625524,0.3254902,0.050063275,0.14313392341136932
MVB12A,0.5014699,0.37441802,-0.18329713,0.3254902,0.050063275,0.14313392341136932
GOLGB1,1.2994721,1.1582122,-0.20379497,0.3254902,0.050063275,0.14313392341136932
C16orf13,1.4348876,1.1434172,-0.4205029,0.3254902,0.050063275,0.14313392341136932
CHTOP,1.500005,1.2507143,-0.35965046,0.3254902,0.050063275,0.14313392341136932
PTGER2,0.74177456,0.425736,-0.45594725,0.32647058,0.05136602,0.14679697155952454
PSMD10,0.697059,0.5408985,-0.22529194,0.327451,0.052710813,0.14809435606002808
SELL,0.8230536,1.430249,0.8759978,0.672549,0.052710813,0.14809435606002808
PTPN7,2.924555,2.4343176,-0.7072632,0.327451,0.052710813,0.14809435606002808
TSN,0.90166134,0.72666705,-0.2524634,0.327451,0.052710813,0.14809435606002808
P4HA1,0.62481827,0.4892697,-0.19555524,0.327451,0.052710813,0.14809435606002808
CASP2,1.8397037,1.4750838,-0.52603525,0.327451,0.052710813,0.14809435606002808
SF3A3,1.342797,1.0718603,-0.39087906,0.327451,0.052710813,0.14809435606002808
PLEKHA2,1.3112113,1.1124309,-0.28677952,0.327451,0.052710813,0.14809435606002808
HK1,1.4844159,1.0974725,-0.55824125,0.327451,0.052710813,0.14809435606002808
CDC42P6,0.9295769,0.7080755,-0.3195589,0.327451,0.052710813,0.14809435606002808
TMEM256,0.7574365,0.5917346,-0.23905735,0.327451,0.052710813,0.14809435606002808
ASMTL,0.62610227,0.50074166,-0.18085712,0.327451,0.052710813,0.14809435606002808
RP1-283E3.4,0.38868028,0.47447294,0.12377264,0.672549,0.052710813,0.14809435606002808
SNAP23,1.374096,1.2115101,-0.23456198,0.327451,0.052710813,0.14809435606002808
C19orf70,0.89820427,0.67221934,-0.32602733,0.327451,0.052710813,0.14809435606002808
PRIM2,0.42225796,0.290818,-0.18962777,0.327451,0.052710813,0.14809435606002808
GGA2,1.9160874,1.5758072,-0.4909205,0.327451,0.052710813,0.14809435606002808
LRRC37A4P,0.67924696,0.8630642,0.26519227,0.672549,0.052710813,0.14809435606002808
ARL4C,1.99103,1.6994314,-0.4206878,0.327451,0.052710813,0.14809435606002808
GNPAT,0.7505037,0.6032422,-0.21245344,0.327451,0.052710813,0.14809435606002808
RPS3A,7.647117,7.7980084,0.21769014,0.672549,0.052710813,0.14809435606002808
CD3D,5.636167,5.212927,-0.6106065,0.327451,0.052710813,0.14809435606002808
PPAPDC1B,0.7647787,0.60805464,-0.22610499,0.327451,0.052710813,0.14809435606002808
HSPB11,1.206884,0.91075414,-0.4272251,0.327451,0.052710813,0.14809435606002808
TBC1D10A,0.5788372,0.72183985,0.20630918,0.672549,0.052710813,0.14809435606002808
ZNF281,0.52084005,0.40259823,-0.17058688,0.327451,0.052710813,0.14809435606002808
PPP2R3C,1.2051605,1.0123241,-0.2782041,0.327451,0.052710813,0.14809435606002808
XXbac-BPG248L24.12,0.7409286,0.6378132,-0.14876404,0.327451,0.052710813,0.14809435606002808
LDLR,0.66141564,0.49047303,-0.24661805,0.327451,0.052710813,0.14809435606002808
RBM8A,3.2500036,2.8229241,-0.6161454,0.327451,0.052710813,0.14809435606002808
ZNF644,1.2935656,1.0629159,-0.3327572,0.327451,0.052710813,0.14809435606002808
SAT2,0.74271786,0.5804989,-0.23403253,0.327451,0.052710813,0.14809435606002808
DIAPH1,1.4440267,1.2813421,-0.23470421,0.327451,0.052710813,0.14809435606002808
WWTR1,0.43192294,0.35969183,-0.10420747,0.327451,0.052710813,0.14809435606002808
LYPLA1,1.0400909,0.7735891,-0.3844809,0.327451,0.052710813,0.14809435606002808
ELMO2,1.131648,0.87409604,-0.37156886,0.327451,0.052710813,0.14809435606002808
ITGB7,1.3699777,1.1153473,-0.3673541,0.327451,0.052710813,0.14809435606002808
KIAA0922,0.8061852,1.0017883,0.28219557,0.672549,0.052710813,0.14809435606002808
TBP,0.58817023,0.4806144,-0.15517028,0.327451,0.052710813,0.14809435606002808
C16orf98,0.23077926,0.17068796,-0.08669342,0.327451,0.052710813,0.14809435606002808
EFTUD2,1.2011716,0.9298194,-0.3914785,0.327451,0.052710813,0.14809435606002808
GATAD2A,0.8079668,0.63218385,-0.25360122,0.32941177,0.055467293,0.15333062410354614
CD8B,4.4481816,4.0530014,-0.57012457,0.32941177,0.055474374,0.15333062410354614
JTB,1.3099461,1.1147274,-0.28164104,0.32941177,0.055474374,0.15333062410354614
H2AFY,1.4496628,1.0497397,-0.57696706,0.32941177,0.055474374,0.15333062410354614
CDC73,0.77968025,0.65423524,-0.1809789,0.32941177,0.055474374,0.15333062410354614
SFXN1,2.0536294,1.748348,-0.44042796,0.32941177,0.055474374,0.15333062410354614
AP1M1,1.6275256,1.336972,-0.41918018,0.32941177,0.055474374,0.15333062410354614
DCAF13,0.9581798,0.7394579,-0.31554896,0.32941177,0.055474374,0.15333062410354614
MAN1B1,0.76370263,0.6295048,-0.19360654,0.32941177,0.055474374,0.15333062410354614
MAPKAPK3,0.8669665,0.6221324,-0.35322088,0.32941177,0.055474374,0.15333062410354614
XRN2,1.2994382,1.083153,-0.31203362,0.32941177,0.055474374,0.15333062410354614
PHTF1,0.96746886,0.8005126,-0.24086694,0.32941177,0.055474374,0.15333062410354614
NGRN,1.3076541,1.1447608,-0.23500535,0.32941177,0.055474374,0.15333062410354614
POLR2F,0.94388694,0.7117113,-0.33495864,0.32941177,0.055474374,0.15333062410354614
ZNF706,2.2578514,1.8951566,-0.5232579,0.32941177,0.055474374,0.15333062410354614
MIER1,2.3850877,2.131314,-0.36611804,0.32941177,0.055474374,0.15333062410354614
HERC6,0.51935995,0.34122357,-0.25699648,0.32941177,0.055474374,0.15333062410354614
ERN1,0.9704358,1.1767733,0.2976821,0.67058825,0.055474374,0.15333062410354614
RGS19,1.1758251,0.8902575,-0.411987,0.32941177,0.055474374,0.15333062410354614
ITFG1,0.98184335,0.7894006,-0.27763623,0.32941177,0.055474374,0.15333062410354614
PEX2,0.83348846,0.6802457,-0.22108258,0.32941177,0.055474374,0.15333062410354614
RPS11,6.561585,6.207493,-0.510847,0.32941177,0.055474374,0.15333062410354614
COX19,0.4858231,0.5484406,0.09033793,0.67058825,0.055474374,0.15333062410354614
RP11-571M6.7,0.9007387,0.7356687,-0.23814566,0.32941177,0.055474374,0.15333062410354614
BZW1P2,1.0207758,0.8234733,-0.28464738,0.32941177,0.055474374,0.15333062410354614
DTNBP1,0.47944298,0.34655428,-0.19171788,0.32941177,0.055474374,0.15333062410354614
HLA-U,1.1099414,0.75694364,-0.50926805,0.32941177,0.055474374,0.15333062410354614
CTSB,1.9838345,1.4707522,-0.74022126,0.32941177,0.055474374,0.15333062410354614
SREK1,1.3355099,1.102,-0.33688357,0.32941177,0.055474374,0.15333062410354614
MYO7A,1.0234896,0.6141985,-0.59048223,0.32941177,0.055474374,0.15333062410354614
ACTN1,0.21090242,0.38786802,0.25530738,0.67058825,0.055474374,0.15333062410354614
ATG4B,1.4278864,1.1773231,-0.36148638,0.32941177,0.055474374,0.15333062410354614
NSF,0.9870774,0.7818996,-0.29600906,0.32941177,0.055474374,0.15333062410354614
TAZ,0.71433854,0.5819409,-0.19100943,0.32941177,0.055474374,0.15333062410354614
EIF3E,3.203125,2.8924012,-0.44827965,0.32941177,0.055474374,0.15333062410354614
H3F3A,4.499479,4.044486,-0.6564158,0.32941177,0.055474374,0.15333062410354614
CMPK1,1.0624198,0.825992,-0.34109318,0.32941177,0.055474374,0.15333062410354614
TTF2,0.55223,0.3837032,-0.24313277,0.32941177,0.055474374,0.15333062410354614
POP5,0.7389736,0.57921964,-0.23047628,0.32941177,0.055474374,0.15333062410354614
UTP18,0.8202883,0.6484021,-0.24797937,0.32941177,0.055474374,0.15333062410354614
ACSL1,0.4209952,0.3217581,-0.1431689,0.33137256,0.05835763,0.1587252914905548
MYNN,0.62159324,0.5079198,-0.16399612,0.33137256,0.05835763,0.1587252914905548
MBD6,0.82986075,0.6327873,-0.2843169,0.33137256,0.05835763,0.1587252914905548
DUSP11,0.80805695,0.6696919,-0.19961855,0.33137256,0.05835763,0.1587252914905548
PLEKHF1,0.8066413,0.576283,-0.33233678,0.33137256,0.05835763,0.1587252914905548
TERF1,0.8759817,0.7507208,-0.18071327,0.33137256,0.05835763,0.1587252914905548
GNA13,0.95148486,0.84731305,-0.15028815,0.33137256,0.05835763,0.1587252914905548
CTB-12A17.3,0.4327207,0.34159,-0.13147381,0.33137256,0.05835763,0.1587252914905548
MRPS18C,0.80929464,0.60655236,-0.29249528,0.33137256,0.05835763,0.1587252914905548
EIF2S1,1.4234939,1.1301862,-0.42315352,0.33137256,0.05835763,0.1587252914905548
ATP13A1,0.79604745,0.6250369,-0.24671608,0.33137256,0.05835763,0.1587252914905548
LRRC37A,0.6575639,0.55277187,-0.15118298,0.33137256,0.05835763,0.1587252914905548
HAUS3,0.9836731,0.79647636,-0.27006778,0.33137256,0.05835763,0.1587252914905548
RNF113A,0.92340505,0.78082925,-0.2056934,0.33137256,0.05835763,0.1587252914905548
NIP7,0.7407288,0.5680975,-0.24905436,0.33137256,0.05835763,0.1587252914905548
RASSF7,0.7325409,0.53881323,-0.27948996,0.33137256,0.05835763,0.1587252914905548
MRPS10,0.64958,0.45599052,-0.2792906,0.33137256,0.05835763,0.1587252914905548
TBPL1,0.8332346,0.6697068,-0.23592073,0.33137256,0.05835763,0.1587252914905548
MRPL48,0.791783,0.59740555,-0.28042734,0.33137256,0.05835763,0.1587252914905548
RP11-466P24.2,0.9777476,0.84768265,-0.18764408,0.33137256,0.05835763,0.1587252914905548
TLE4,0.4249658,0.53906804,0.16461474,0.66862744,0.05835763,0.1587252914905548
GTF3A,2.659748,2.2885766,-0.53548723,0.33137256,0.05835763,0.1587252914905548
ITGAX,0.5551853,0.27167115,-0.40902448,0.33137256,0.05835763,0.1587252914905548
PIK3R5,1.4138279,1.1794375,-0.33815384,0.33137256,0.05835763,0.1587252914905548
MT-ND4,6.959468,7.149451,0.27408737,0.66862744,0.05835763,0.1587252914905548
ZNF652,0.5537653,0.44944948,-0.15049592,0.33137256,0.05835763,0.1587252914905548
SVIP,0.6768259,0.5342878,-0.20563896,0.33137256,0.05835763,0.1587252914905548
ARHGEF6,1.3504349,1.0901389,-0.37552774,0.33137256,0.05835763,0.1587252914905548
HENMT1,0.74648035,0.5505766,-0.2826293,0.33137256,0.05835763,0.1587252914905548
FAM105B,0.7470951,0.68586564,-0.08833545,0.33137256,0.05835763,0.1587252914905548
SUGT1,1.077269,0.9291723,-0.21365835,0.33137256,0.05835763,0.1587252914905548
SIN3A,1.1269631,0.94173867,-0.26722243,0.33137256,0.05835763,0.1587252914905548
RP11-641D5.1,1.6433222,1.4315253,-0.3055583,0.33137256,0.05835763,0.1587252914905548
N4BP1,0.69676614,0.5397958,-0.22646031,0.33137256,0.05835763,0.1587252914905548
CNOT1,2.6545181,2.2654743,-0.56127155,0.33137256,0.05835763,0.1587252914905548
ACOT8,0.67466015,0.4800659,-0.28074014,0.33137256,0.05835763,0.1587252914905548
CLN3,0.91345984,0.7525807,-0.23209953,0.33137256,0.05835763,0.1587252914905548
BRCC3,0.53643894,0.394525,-0.20473856,0.33137256,0.05835763,0.1587252914905548
RPL12P4,0.87434405,0.6777834,-0.28357702,0.33137256,0.05835763,0.1587252914905548
PPP2R1A,2.2290387,1.8114644,-0.60243237,0.33137256,0.05835763,0.1587252914905548
TMEM135,0.53950155,0.4150162,-0.17959438,0.33333334,0.06135677,0.16428084671497345
AAAS,0.6322346,0.4524423,-0.25938544,0.33333334,0.061364293,0.16428084671497345
DCAF7,1.3526973,1.0504999,-0.4359786,0.33333334,0.061364293,0.16428084671497345
CASP3,1.3097774,1.0401613,-0.38897386,0.33333334,0.061364293,0.16428084671497345
CYTH2,0.64429075,0.48204803,-0.23406675,0.33333334,0.061364293,0.16428084671497345
KIAA1429,0.63940036,0.5302865,-0.15741804,0.33333334,0.061364293,0.16428084671497345
AES,1.6075476,1.39574,-0.3055738,0.33333334,0.061364293,0.16428084671497345
RBM14,1.2305852,1.0921001,-0.19979173,0.33333334,0.061364293,0.16428084671497345
SMC1A,1.2072159,0.8798668,-0.47226495,0.33333334,0.061364293,0.16428084671497345
CEBPZ,1.2808224,1.0950061,-0.26807624,0.33333334,0.061364293,0.16428084671497345
HCP5,1.7371233,1.4234618,-0.45251784,0.33333334,0.061364293,0.16428084671497345
PIGT,1.5424057,1.3141949,-0.3292386,0.33333334,0.061364293,0.16428084671497345
PREX1,1.8185844,1.583214,-0.3395677,0.33333334,0.061364293,0.16428084671497345
STAG2,1.4521624,1.319623,-0.19121392,0.33333334,0.061364293,0.16428084671497345
WDR59,0.6430986,0.50032264,-0.20598216,0.33333334,0.061364293,0.16428084671497345
SIRPG,2.7147791,1.9969854,-1.0355574,0.33333334,0.061364293,0.16428084671497345
NRBP1,2.2533858,1.9568605,-0.4277955,0.33333334,0.061364293,0.16428084671497345
ISCA2,0.6060719,0.48036116,-0.18136224,0.33333334,0.061364293,0.16428084671497345
GPR137B,0.54492927,0.4719291,-0.105316974,0.33333334,0.061364293,0.16428084671497345
ARCN1,1.3848318,1.2415113,-0.2067677,0.33333334,0.061364293,0.16428084671497345
PXN,1.0383074,0.84473246,-0.27926964,0.33333334,0.061364293,0.16428084671497345
LGALS3,1.1921619,0.8982954,-0.42395976,0.33333334,0.061364293,0.16428084671497345
CXorf40B,1.045198,0.7935527,-0.3630474,0.33333334,0.061364293,0.16428084671497345
LSM6,0.9923134,0.76828974,-0.32319778,0.33333334,0.061364293,0.16428084671497345
TCIRG1,2.5066264,2.0969753,-0.5910015,0.33333334,0.061364293,0.16428084671497345
ADSL,1.1003455,0.83677727,-0.38024858,0.33333334,0.061364293,0.16428084671497345
TBC1D31,0.509013,0.39885655,-0.15892217,0.33333334,0.061364293,0.16428084671497345
TMEM11,0.69346786,0.56308955,-0.18809614,0.33333334,0.061364293,0.16428084671497345
FBXO42,0.62831014,0.46569133,-0.23460937,0.33333334,0.061364293,0.16428084671497345
DAPK2,0.5954894,0.4335971,-0.23356122,0.33333334,0.061364293,0.16428084671497345
TRIM8,0.5527609,0.40613866,-0.21153118,0.33333334,0.061364293,0.16428084671497345
NELFA,0.81075096,0.6734109,-0.19813983,0.33333334,0.061364293,0.16428084671497345
TAB2,0.809562,0.6408137,-0.24345236,0.33333334,0.061364293,0.16428084671497345
ARFGAP3,0.9680363,0.81883514,-0.21525176,0.33333334,0.061364293,0.16428084671497345
DPP9,1.1723913,0.9300057,-0.34968844,0.33333334,0.061364293,0.16428084671497345
HARS2,0.5726427,0.44444564,-0.18494923,0.33333334,0.061364293,0.16428084671497345
MRPS30,0.87582076,0.7630642,-0.16267331,0.33333334,0.061364293,0.16428084671497345
TMSB4XP8,4.308684,4.089317,-0.3164797,0.33333334,0.061364293,0.16428084671497345
PPP1CC,1.3028177,1.0274873,-0.39721784,0.33333334,0.061364293,0.16428084671497345
AKR1A1,1.0718782,0.8101967,-0.3775266,0.33333334,0.061364293,0.16428084671497345
MAGED1,0.65293145,0.50720793,-0.2102346,0.33529413,0.064498104,0.17019708454608917
MAP3K14,0.63012666,0.46489263,-0.23838231,0.33529413,0.064498104,0.17019708454608917
RHEB,1.2203871,0.97073984,-0.36016485,0.33529413,0.064498104,0.17019708454608917
NPAT,0.79123783,0.96938527,0.25701243,0.6647059,0.064498104,0.17019708454608917
NPIPP1,0.47767118,0.55639714,0.11357756,0.6647059,0.064498104,0.17019708454608917
DRG2,0.9404935,0.78655916,-0.22208034,0.33529413,0.064498104,0.17019708454608917
CTB-89H12.4,1.3980149,1.2952944,-0.14819436,0.33529413,0.064498104,0.17019708454608917
STYXL1,0.7367073,0.60293233,-0.19299652,0.33529413,0.064498104,0.17019708454608917
SLC2A1,0.943438,0.73553646,-0.29993853,0.33529413,0.064498104,0.17019708454608917
VEZT,0.97039545,0.8187827,-0.21873097,0.33529413,0.064498104,0.17019708454608917
ATXN7,1.3859247,1.6090959,0.32196802,0.6647059,0.064498104,0.17019708454608917
RASSF5,2.2791474,1.9781064,-0.43431038,0.33529413,0.064498104,0.17019708454608917
AC011933.1,2.1047385,1.7473706,-0.51557285,0.33529413,0.064498104,0.17019708454608917
DENND1C,1.6671219,1.4233369,-0.35170746,0.33529413,0.064498104,0.17019708454608917
C18orf25,0.9483293,0.7847451,-0.23600216,0.33529413,0.064498104,0.17019708454608917
ARAP1,1.0328691,0.9102302,-0.1769305,0.33529413,0.064498104,0.17019708454608917
OGG1,0.5342849,0.3816732,-0.22017215,0.33529413,0.064498104,0.17019708454608917
YWHAZP2,2.3435023,2.181367,-0.23391189,0.33529413,0.064498104,0.17019708454608917
STAT3,3.1260824,2.7632878,-0.52340204,0.33529413,0.064498104,0.17019708454608917
IL21R,1.4775494,1.1853507,-0.42155373,0.33529413,0.064498104,0.17019708454608917
H2AFZ,3.5751479,2.9350536,-0.92346084,0.33529413,0.064498104,0.17019708454608917
VPS33A,0.6960849,0.513842,-0.26292098,0.33529413,0.064498104,0.17019708454608917
IFT27,0.6084437,0.49732614,-0.16030872,0.33529413,0.064498104,0.17019708454608917
FARS2,0.59186375,0.44312683,-0.21458203,0.33529413,0.064498104,0.17019708454608917
RBBP8,0.52513874,0.39161575,-0.19263296,0.33529413,0.064498104,0.17019708454608917
TM9SF1,0.55417526,0.42681974,-0.18373518,0.33529413,0.064498104,0.17019708454608917
TRIP11,0.85814685,0.7268597,-0.18940733,0.33529413,0.064498104,0.17019708454608917
PRPS1,0.78249735,0.6444146,-0.19921128,0.33529413,0.064498104,0.17019708454608917
KPNA3,0.44609383,0.35180593,-0.13602869,0.33529413,0.064498104,0.17019708454608917
TMX2,0.98501676,0.75968754,-0.32508135,0.33529413,0.064498104,0.17019708454608917
SLC35B2,0.78799766,0.5897442,-0.28601927,0.33529413,0.064498104,0.17019708454608917
ZC3H13,1.3649014,1.1839372,-0.2610762,0.33529413,0.064498104,0.17019708454608917
PEA15,0.4400124,0.3508867,-0.1285812,0.33529413,0.064498104,0.17019708454608917
TMPO,1.6677264,1.2113857,-0.6583604,0.33529413,0.064498104,0.17019708454608917
ELOF1,1.1791261,0.9485372,-0.33266956,0.33529413,0.064498104,0.17019708454608917
CD226,0.6484127,0.46757632,-0.26089174,0.33529413,0.064498104,0.17019708454608917
RBM23,1.1279633,0.94362414,-0.2659452,0.33529413,0.064498104,0.17019708454608917
CD81,0.7927625,0.6301853,-0.23454934,0.3372549,0.06776283,0.1751503348350525
TSC22D4,0.6681099,0.5785274,-0.12924023,0.3372549,0.06776283,0.1751503348350525
ID3,1.0766453,0.72678256,-0.5047452,0.3372549,0.06776283,0.1751503348350525
DCLRE1C,0.89231735,0.661237,-0.33337846,0.3372549,0.06776283,0.1751503348350525
CLDND1,2.2952602,2.6512973,0.51365304,0.6627451,0.06776283,0.1751503348350525
ZBTB38,1.3660853,1.1223006,-0.35170692,0.3372549,0.06776283,0.1751503348350525
PTPMT1,0.79420114,0.6180501,-0.25413224,0.3372549,0.06776283,0.1751503348350525
SPG7,1.2513913,1.4528519,0.2906462,0.6627451,0.06776283,0.1751503348350525
KIAA0020,0.67033017,0.5423011,-0.18470687,0.3372549,0.06776283,0.1751503348350525
HIST1H1D,0.63613504,0.39913097,-0.3419246,0.3372549,0.06776283,0.1751503348350525
EEF1E1,0.8336092,0.58240503,-0.36241105,0.3372549,0.06776283,0.1751503348350525
RBM18,0.8263768,0.64244264,-0.2653609,0.3372549,0.06776283,0.1751503348350525
STX12,0.5988496,0.46949688,-0.18661653,0.3372549,0.06776283,0.1751503348350525
CCT2,1.598138,1.4442041,-0.22207965,0.3372549,0.06776283,0.1751503348350525
SYMPK,0.9278909,0.76034355,-0.24171972,0.3372549,0.06776283,0.1751503348350525
PARP11,0.45200378,0.346741,-0.1518621,0.3372549,0.06776283,0.1751503348350525
THOC2,1.5347909,1.3403442,-0.28052726,0.3372549,0.06776283,0.1751503348350525
CCT3,2.2261276,1.9960482,-0.33193442,0.3372549,0.06776283,0.1751503348350525
SDHD,1.524897,1.2791455,-0.35454446,0.3372549,0.06776283,0.1751503348350525
TOP1,0.9067361,0.8372921,-0.10018651,0.3372549,0.06776283,0.1751503348350525
CTLA4,2.1398046,1.4168482,-1.0430056,0.3372549,0.06776283,0.1751503348350525
PMF1,1.754852,1.4511745,-0.4381141,0.3372549,0.06776283,0.1751503348350525
TRPT1,0.9624841,0.7866438,-0.25368395,0.3372549,0.06776283,0.1751503348350525
RGS10,1.7213925,1.4157227,-0.44098827,0.3372549,0.06776283,0.1751503348350525
MTIF2,0.4861881,0.41126212,-0.108095355,0.3372549,0.06776283,0.1751503348350525
LRRC59,0.6659639,0.5465369,-0.17229669,0.3372549,0.06776283,0.1751503348350525
KDM4C,1.2063181,1.3811753,0.2522655,0.6627451,0.06776283,0.1751503348350525
ECD,0.92495567,0.8001059,-0.1801201,0.3372549,0.06776283,0.1751503348350525
NT5C3AP1,0.24464181,0.20256574,-0.06070293,0.3372549,0.06776283,0.1751503348350525
MRPS35,0.768836,0.5701873,-0.28658956,0.3372549,0.06776283,0.1751503348350525
PRMT10,0.76454955,1.0300169,0.38298842,0.6627451,0.06776283,0.1751503348350525
EIF4A1P2,0.24144393,0.18583913,-0.08022077,0.3372549,0.06776283,0.1751503348350525
RNPC3,0.5945514,0.7304095,0.19600183,0.6627451,0.06776283,0.1751503348350525
AC078899.1,0.23363252,0.1932893,-0.05820297,0.3372549,0.06776283,0.1751503348350525
SPECC1L,0.5545569,0.4333861,-0.17481254,0.3372549,0.06776283,0.1751503348350525
RANGAP1,1.1875936,0.9389856,-0.35866553,0.3372549,0.06776283,0.1751503348350525
TRMU,0.6324505,0.45774573,-0.25204572,0.3372549,0.06776283,0.1751503348350525
RP11-446E9.1,0.2952016,0.22663054,-0.09892713,0.3372549,0.06776283,0.1751503348350525
TP53INP1,1.1250098,0.8605172,-0.3815821,0.3372549,0.06776283,0.1751503348350525
ATG16L2,0.8564555,0.6780445,-0.25739267,0.3372549,0.06776283,0.1751503348350525
RHNO1,0.7199603,0.5286724,-0.27597007,0.3372549,0.06776283,0.1751503348350525
ELAVL1,0.5409018,0.41925913,-0.17549324,0.3372549,0.06776283,0.1751503348350525
KANSL2,0.9247207,0.7684473,-0.2254549,0.3372549,0.06776283,0.1751503348350525
ILF3,3.3452067,2.9884582,-0.51467943,0.3372549,0.06776283,0.1751503348350525
TTC19,1.5947129,1.7737128,0.25824228,0.6627451,0.06776283,0.1751503348350525
ENY2,1.3147658,1.083661,-0.3334138,0.3372549,0.06776283,0.1751503348350525
ZRSR2,0.5823078,0.49728668,-0.12265957,0.3372549,0.06776283,0.1751503348350525
BARD1,0.73882663,0.5015073,-0.34237945,0.3372549,0.06776283,0.1751503348350525
RNASEH2B,1.1475154,0.86130947,-0.4129079,0.3372549,0.06776283,0.1751503348350525
PPP1R18,1.4715165,1.1807787,-0.4194459,0.3372549,0.06776283,0.1751503348350525
FAF2,0.6854257,0.5467273,-0.2000995,0.3372549,0.06776283,0.1751503348350525
VCPIP1,0.67845684,0.57219315,-0.15330611,0.3372549,0.06776283,0.1751503348350525
RP11-599B13.6,1.3411905,1.2311345,-0.15877713,0.3372549,0.06776283,0.1751503348350525
HLTF,0.6122272,0.47898567,-0.1922269,0.3372549,0.06776283,0.1751503348350525
METRNL,1.0074168,0.6740068,-0.48100898,0.3382353,0.06943742,0.17941071093082428
YIPF4,1.1770445,1.0149612,-0.23383673,0.3392157,0.0711623,0.18017911911010742
DCP2,1.5534061,1.3543931,-0.28711507,0.3392157,0.0711623,0.18017911911010742
GTF2F2,0.7265568,0.5807433,-0.21036436,0.3392157,0.0711623,0.18017911911010742
DNHD1,0.40375388,0.52608883,0.17649204,0.6607843,0.0711623,0.18017911911010742
AIMP1,0.99185,0.85604507,-0.19592513,0.3392157,0.0711623,0.18017911911010742
USP22,1.3769984,1.2140689,-0.23505764,0.3392157,0.0711623,0.18017911911010742
TNFRSF9,1.8637775,1.313201,-0.7943141,0.3392157,0.0711623,0.18017911911010742
AC093616.4,0.7786368,0.6116793,-0.24086875,0.3392157,0.0711623,0.18017911911010742
MRPL3,0.99685615,0.76285976,-0.33758542,0.3392157,0.0711623,0.18017911911010742
SUCLA2,0.7206606,0.5316677,-0.27265915,0.3392157,0.0711623,0.18017911911010742
MICU2,1.1273648,0.9464596,-0.26099098,0.3392157,0.0711623,0.18017911911010742
RP11-124N14.3,0.8830773,0.7280304,-0.22368544,0.3392157,0.0711623,0.18017911911010742
NUBP2,1.2432007,1.0657293,-0.25603712,0.3392157,0.0711623,0.18017911911010742
GLOD4,1.1705292,0.98590446,-0.26635727,0.3392157,0.0711623,0.18017911911010742
AC140481.3,0.32615438,0.21907008,-0.15449,0.3392157,0.0711623,0.18017911911010742
USP28,0.742194,0.556966,-0.2672275,0.3392157,0.0711623,0.18017911911010742
LRMP,1.5904394,1.2524244,-0.4876527,0.3392157,0.0711623,0.18017911911010742
TAF1D,2.8099983,2.5034842,-0.44220626,0.3392157,0.0711623,0.18017911911010742
ABCC10,0.6573413,0.531707,-0.181252,0.3392157,0.0711623,0.18017911911010742
GTF3C3,0.48502055,0.3803578,-0.15099643,0.3392157,0.0711623,0.18017911911010742
MUS81,1.2275721,0.99341697,-0.33781442,0.3392157,0.0711623,0.18017911911010742
C17orf89,0.63675016,0.50668645,-0.18764228,0.3392157,0.0711623,0.18017911911010742
ARHGAP17,1.1158824,0.9496938,-0.23975946,0.3392157,0.0711623,0.18017911911010742
C6orf89,0.9210298,0.7054765,-0.31097764,0.3392157,0.0711623,0.18017911911010742
SMARCA4,0.7113534,0.595078,-0.16774999,0.3392157,0.0711623,0.18017911911010742
CD247,2.916058,2.564519,-0.50716376,0.3392157,0.0711623,0.18017911911010742
RP11-603J24.9,0.52428585,0.4190766,-0.15178488,0.3392157,0.0711623,0.18017911911010742
TMED5,1.5343468,1.3587437,-0.2533418,0.3392157,0.0711623,0.18017911911010742
TWF1,0.68829817,0.5339892,-0.22262079,0.3392157,0.0711623,0.18017911911010742
SEMA4D,2.4325337,2.1243382,-0.44463226,0.3392157,0.0711623,0.18017911911010742
HDHD2,0.78197014,0.5786683,-0.29330257,0.3392157,0.0711623,0.18017911911010742
GOSR1,0.84468526,0.6799062,-0.23772594,0.3392157,0.0711623,0.18017911911010742
ACTR10,1.1661658,0.95933926,-0.29838768,0.3392157,0.0711623,0.18017911911010742
SFXN3,0.6466033,0.49782434,-0.21464264,0.3392157,0.0711623,0.18017911911010742
RNF5,1.008109,0.82222176,-0.26817855,0.3392157,0.0711623,0.18017911911010742
RP11-360L9.8,0.46904886,0.38752568,-0.117613085,0.3392157,0.0711623,0.18017911911010742
DYM,1.0441858,0.9171382,-0.18329085,0.3392157,0.0711623,0.18017911911010742
PPP2CA,2.1625884,1.9561574,-0.29781684,0.3392157,0.0711623,0.18017911911010742
RP6-105D16.1,0.28668693,0.23236556,-0.07836916,0.3392157,0.0711623,0.18017911911010742
CKAP5,0.9805987,0.73971146,-0.3475268,0.3392157,0.0711623,0.18017911911010742
MAML2,0.39533743,0.47960886,0.12157798,0.6607843,0.0711623,0.18017911911010742
PIGC,0.60397047,0.45029333,-0.22170924,0.3392157,0.0711623,0.18017911911010742
UBLCP1,0.8192493,0.6544871,-0.23770161,0.3392157,0.0711623,0.18017911911010742
AC073063.10,0.29031175,0.20926893,-0.116920084,0.3392157,0.0711623,0.18017911911010742
MB21D1,0.52023494,0.48298848,-0.05373529,0.3392157,0.0711623,0.18017911911010742
CD47,3.203546,2.8714037,-0.47918013,0.3392157,0.0711623,0.18017911911010742
NFATC3,1.5940251,1.4161652,-0.2565976,0.3392157,0.0711623,0.18017911911010742
CHFR,1.2709149,1.0642694,-0.29812643,0.3392157,0.0711623,0.18017911911010742
ING4,0.8620039,0.6635016,-0.2863783,0.3392157,0.0711623,0.18017911911010742
AP3S2,0.465231,0.35116738,-0.16455902,0.3392157,0.0711623,0.18017911911010742
AGPAT6,1.0461491,0.8659798,-0.25992942,0.3392157,0.0711623,0.18017911911010742
PTPN6,2.7079246,2.060157,-0.93453103,0.3392157,0.0711623,0.18017911911010742
PPIAP29,0.48167452,0.34865317,-0.19190925,0.3392157,0.0711623,0.18017911911010742
KIF21A,0.71679217,0.56329656,-0.22144735,0.3392157,0.0711623,0.18017911911010742
IFI44L,1.0651461,0.4857162,-0.8359406,0.34019607,0.07290546,0.18452417850494385
ACTR6,0.5737838,0.42184886,-0.2191958,0.34117648,0.074691914,0.18623168766498566
POLH,0.49709395,0.39975685,-0.14042775,0.34117648,0.074700326,0.18623168766498566
ACYP1,0.7421084,0.5232709,-0.31571576,0.34117648,0.074700326,0.18623168766498566
C4orf3,1.8372923,1.560602,-0.39917982,0.34117648,0.074700326,0.18623168766498566
CD27,3.3342395,2.6553037,-0.97949725,0.34117648,0.074700326,0.18623168766498566
RPL26,7.085269,6.6696644,-0.59959066,0.34117648,0.074700326,0.18623168766498566
LRRC37A16P,0.21275471,0.28717816,0.10737034,0.65882355,0.074700326,0.18623168766498566
AREL1,0.6614369,0.55754787,-0.14988022,0.34117648,0.074700326,0.18623168766498566
SUPT7L,0.85121614,0.7286239,-0.17686318,0.34117648,0.074700326,0.18623168766498566
ANKRD54,0.78489476,0.6359957,-0.21481596,0.34117648,0.074700326,0.18623168766498566
TOMM22,1.4604036,1.2183493,-0.34921044,0.34117648,0.074700326,0.18623168766498566
CDKAL1,0.7300092,0.6203641,-0.1581844,0.34117648,0.074700326,0.18623168766498566
MX1,1.5828632,1.0559549,-0.76016796,0.34117648,0.074700326,0.18623168766498566
UBE2G1,1.405932,1.1733438,-0.3355538,0.34117648,0.074700326,0.18623168766498566
RP11-357C3.3,0.66193676,0.8497501,0.27095738,0.65882355,0.074700326,0.18623168766498566
COX16,0.7967793,0.6603344,-0.19684833,0.34117648,0.074700326,0.18623168766498566
NEK1,0.63033766,0.82893705,0.28651837,0.65882355,0.074700326,0.18623168766498566
SLC25A35,0.3549585,0.22907385,-0.18161316,0.34117648,0.074700326,0.18623168766498566
YDJC,0.81292754,0.6251561,-0.2708969,0.34117648,0.074700326,0.18623168766498566
INPP4B,2.6337075,2.1970398,-0.6299783,0.34117648,0.074700326,0.18623168766498566
STAT5A,1.1435399,0.9683895,-0.25268862,0.34117648,0.074700326,0.18623168766498566
KIF3A,0.586701,0.45406055,-0.19135968,0.34117648,0.074700326,0.18623168766498566
CCDC28A,0.7963766,0.64714396,-0.21529716,0.34117648,0.074700326,0.18623168766498566
RP11-101E13.5,1.2608216,1.0608857,-0.28844655,0.34117648,0.074700326,0.18623168766498566
FLOT2,1.3138369,1.1467552,-0.24104796,0.34117648,0.074700326,0.18623168766498566
CD151,0.37206033,0.26600936,-0.1529992,0.34117648,0.074700326,0.18623168766498566
STK25,0.7714767,0.5667819,-0.2953122,0.34117648,0.074700326,0.18623168766498566
SLC39A6,0.47455415,0.39656317,-0.1125172,0.34117648,0.074700326,0.18623168766498566
PRPF4B,1.3210782,1.1628934,-0.22821237,0.34117648,0.074700326,0.18623168766498566
DPP8,1.196113,0.9945394,-0.29080924,0.34117648,0.074700326,0.18623168766498566
TBC1D10C,3.2576013,2.8117495,-0.6432282,0.34117648,0.074700326,0.18623168766498566
PRPS2,0.9821021,0.72962666,-0.36424506,0.34117648,0.074700326,0.18623168766498566
PSMC6,1.7424417,1.4656286,-0.39935678,0.34117648,0.074700326,0.18623168766498566
MED24,0.74679357,0.6158226,-0.18895115,0.34117648,0.074700326,0.18623168766498566
EOMES,1.0509224,0.84328014,-0.29956445,0.34117648,0.074700326,0.18623168766498566
BCL3,0.5944193,0.47486815,-0.17247586,0.34117648,0.074700326,0.18623168766498566
GZMK,3.7238722,3.0828686,-0.92477274,0.34117648,0.074700326,0.18623168766498566
PYROXD1,0.66930693,0.52575463,-0.2071022,0.34117648,0.074700326,0.18623168766498566
VNN2,0.6338166,0.48154894,-0.21967581,0.34117648,0.074700326,0.18623168766498566
BLOC1S6,0.75936484,0.6101109,-0.21532795,0.34117648,0.074700326,0.18623168766498566
HDAC6,0.64851606,0.53772587,-0.15983646,0.34117648,0.074700326,0.18623168766498566
TMED3,0.79066986,0.63486564,-0.22477797,0.34313726,0.07838075,0.19231216609477997
CTC-471F3.4,0.547172,0.44760966,-0.1436381,0.34313726,0.07838075,0.19231216609477997
YWHAH,0.4821738,0.3818196,-0.1447805,0.34313726,0.07838075,0.19231216609477997
SP4,0.8975763,0.7489738,-0.21438807,0.34313726,0.07838075,0.19231216609477997
PRKAB1,0.55484945,0.4421396,-0.16260594,0.34313726,0.07838075,0.19231216609477997
PIGY,0.69211227,0.54080665,-0.21828786,0.34313726,0.07838075,0.19231216609477997
RP13-88F20.1,0.10585224,0.08655788,-0.027835876,0.34313726,0.07838075,0.19231216609477997
TECR,2.4508986,2.182923,-0.38660702,0.34313726,0.07838075,0.19231216609477997
CRBN,0.99807554,0.8790937,-0.17165451,0.34313726,0.07838075,0.19231216609477997
TVP23B,0.84422493,0.7023646,-0.20466116,0.34313726,0.07838075,0.19231216609477997
EDARADD,0.4353464,0.33786735,-0.14063254,0.34313726,0.07838075,0.19231216609477997
RNF213,4.623529,4.2917213,-0.4786972,0.34313726,0.07838075,0.19231216609477997
TMEM205,0.6488513,0.47517282,-0.25056505,0.34313726,0.07838075,0.19231216609477997
DEGS1,1.3160844,1.0210704,-0.42561528,0.34313726,0.07838075,0.19231216609477997
TNFRSF18,0.84411544,0.5505557,-0.42351717,0.34313726,0.07838075,0.19231216609477997
RAC1,0.93558353,0.777705,-0.22777055,0.34313726,0.07838075,0.19231216609477997
MTSS1,0.7685799,0.53425866,-0.3380541,0.34313726,0.07838075,0.19231216609477997
PI4KB,1.0296577,0.8443312,-0.26736966,0.34313726,0.07838075,0.19231216609477997
PHF15,0.5245767,0.62255293,0.14134979,0.65686274,0.07838075,0.19231216609477997
HLA-F,5.43595,5.2806396,-0.22406518,0.34313726,0.07838075,0.19231216609477997
PNPLA6,0.7708761,0.5997013,-0.24695307,0.34313726,0.07838075,0.19231216609477997
PRKD3,0.4390902,0.5443546,0.15186447,0.65686274,0.07838075,0.19231216609477997
RP4-583P15.14,2.0974464,1.8517594,-0.35445142,0.34313726,0.07838075,0.19231216609477997
TRIM21,0.8419251,0.63115966,-0.30407023,0.34313726,0.07838075,0.19231216609477997
RHBDD2,1.7762009,1.478538,-0.4294367,0.34313726,0.07838075,0.19231216609477997
CERKL,1.6183397,1.3368256,-0.40613893,0.34313726,0.07838075,0.19231216609477997
USP42,0.78825414,0.6662965,-0.17594771,0.34313726,0.07838075,0.19231216609477997
FCRL3,1.7467093,1.143617,-0.87007827,0.34313726,0.07838075,0.19231216609477997
SNX20,1.1906254,0.9015597,-0.41703367,0.34313726,0.07838075,0.19231216609477997
PTPRE,0.9580704,0.90060383,-0.08290673,0.34313726,0.07838075,0.19231216609477997
KNTC1,0.7075048,0.48103783,-0.3267228,0.34313726,0.07838075,0.19231216609477997
ZGPAT,0.9055354,0.72411686,-0.26173162,0.34313726,0.07838075,0.19231216609477997
DTYMK,0.78633153,0.5243669,-0.37793505,0.34313726,0.07838075,0.19231216609477997
MRPL54,0.94970864,0.683277,-0.3843796,0.34313726,0.07838075,0.19231216609477997
MAGT1,0.8614806,0.7215899,-0.20181958,0.34313726,0.07838075,0.19231216609477997
POLR3C,0.60363775,0.48499972,-0.17115851,0.34313726,0.07838075,0.19231216609477997
PARL,0.8603268,0.6974926,-0.23492013,0.34313726,0.07838075,0.19231216609477997
GPR174,1.7278548,1.3292497,-0.5750656,0.34313726,0.07838075,0.19231216609477997
RASSF1,1.8481858,1.5618703,-0.41306588,0.34313726,0.07838075,0.19231216609477997
NUDT16L1,0.6817378,0.5787503,-0.14857951,0.34313726,0.07838075,0.19231216609477997
MED14,0.7637728,0.625607,-0.19933107,0.34313726,0.07838075,0.19231216609477997
NDUFAF6,0.46730992,0.36527437,-0.14720619,0.34313726,0.07838075,0.19231216609477997
RNF216,1.0974375,1.2359357,0.19981065,0.65686274,0.07838075,0.19231216609477997
SNORD3A,1.2541757,0.90040916,-0.51037717,0.34313726,0.07838075,0.19231216609477997
OSBPL2,0.50996065,0.4293512,-0.11629484,0.34509805,0.08220743,0.19905003905296326
SECISBP2L,1.049122,0.8801813,-0.24372986,0.34509805,0.08220743,0.19905003905296326
TCTN3,0.5579288,0.44534805,-0.16241968,0.34509805,0.08220743,0.19905003905296326
MAN2B2,1.1145427,0.9727413,-0.2045762,0.34509805,0.08220743,0.19905003905296326
ATP5H,1.7281078,1.3463522,-0.5507569,0.34509805,0.08220743,0.19905003905296326
NSMCE2,0.61023337,0.46764004,-0.20571868,0.34509805,0.08220743,0.19905003905296326
SBF1,1.1927172,0.9778218,-0.3100285,0.34509805,0.08220743,0.19905003905296326
CAPN15,0.37937367,0.3098624,-0.100283556,0.34509805,0.08220743,0.19905003905296326
LBH,3.243126,2.8687623,-0.5400926,0.34509805,0.08220743,0.19905003905296326
TANGO2,0.8297964,0.64502573,-0.26656768,0.34509805,0.08220743,0.19905003905296326
TP53I13,0.79358137,0.66784704,-0.18139629,0.34509805,0.08220743,0.19905003905296326
EGR2,0.64313656,0.49451217,-0.21441966,0.34509805,0.08220743,0.19905003905296326
HMG20B,0.8347531,0.6608648,-0.2508678,0.34509805,0.08220743,0.19905003905296326
NECAP2,1.6218829,1.3778838,-0.35201633,0.34509805,0.08220743,0.19905003905296326
PTMAP5,2.0798233,1.8758745,-0.29423583,0.34509805,0.08220743,0.19905003905296326
RBPJ,2.6919036,2.164056,-0.761523,0.34509805,0.08220743,0.19905003905296326
SNHG15,1.3294289,1.1337779,-0.2822648,0.34509805,0.08220743,0.19905003905296326
TSNAX,0.9262746,0.77228594,-0.22215867,0.34509805,0.08220743,0.19905003905296326
PAPOLA,2.413191,2.1552207,-0.3721725,0.34509805,0.08220743,0.19905003905296326
FXYD5,3.780797,3.402316,-0.54603255,0.34509805,0.08220743,0.19905003905296326
ZNF814,0.6046638,0.6983577,0.13517174,0.654902,0.08220743,0.19905003905296326
DTX2,1.0623641,0.8662658,-0.28291008,0.34509805,0.08220743,0.19905003905296326
AC009950.2,0.7616598,0.5941375,-0.2416836,0.34509805,0.08220743,0.19905003905296326
CBL,0.6030119,0.49623367,-0.15404843,0.34509805,0.08220743,0.19905003905296326
DCTN4,0.7531118,0.60828966,-0.20893416,0.34509805,0.08220743,0.19905003905296326
LYST,3.596406,3.083163,-0.74045306,0.34509805,0.08220743,0.19905003905296326
RAB8B,1.8112022,1.5074304,-0.43824998,0.34509805,0.08220743,0.19905003905296326
KATNA1,0.5839226,0.4632756,-0.17405684,0.34509805,0.08220743,0.19905003905296326
ZKSCAN8,0.4421393,0.3632977,-0.11374438,0.34509805,0.08220743,0.19905003905296326
SLC38A1,3.3761117,3.6917305,0.4553416,0.654902,0.08220743,0.19905003905296326
EHD4,0.61295515,0.48418108,-0.18578172,0.34509805,0.08220743,0.19905003905296326
CBX5,1.5198734,1.1755292,-0.49678358,0.34509805,0.08220743,0.19905003905296326
SMURF2,0.52316827,0.63331157,0.1589032,0.654902,0.08220743,0.19905003905296326
FUT8,1.2555525,0.97910756,-0.3988258,0.34509805,0.08220743,0.19905003905296326
HDAC5,0.62830454,0.5037283,-0.17972557,0.34509805,0.08220743,0.19905003905296326
UPF1,0.45304888,0.36978796,-0.12012012,0.34509805,0.08220743,0.19905003905296326
C19orf60,2.1091108,1.8580021,-0.36227337,0.34509805,0.08220743,0.19905003905296326
BTF3L4P2,0.5876057,0.44749737,-0.20213361,0.34705883,0.08618422,0.2046087235212326
CBX6,2.033645,1.7281592,-0.44072273,0.34705883,0.08618422,0.2046087235212326
ANKRD13C,1.0424497,0.87036574,-0.2482647,0.34705883,0.08618422,0.2046087235212326
MSL2,1.0679705,0.88459265,-0.26455835,0.34705883,0.08618422,0.2046087235212326
ATG3,1.3237884,1.1707119,-0.22084275,0.34705883,0.08618422,0.2046087235212326
RP11-278C7.1,0.37813193,0.29840478,-0.11502195,0.34705883,0.08618422,0.2046087235212326
CAPS,0.49007627,0.5938989,0.14978437,0.65294117,0.08618422,0.2046087235212326
IPO7,0.56706125,0.4283271,-0.20015104,0.34705883,0.08618422,0.2046087235212326
PPP2R1B,0.5726774,0.4532097,-0.17235543,0.34705883,0.08618422,0.2046087235212326
RP11-1212A22.4,0.59355897,0.6867773,0.13448562,0.65294117,0.08618422,0.2046087235212326
ESD,0.9195219,0.6745716,-0.35338867,0.34705883,0.08618422,0.2046087235212326
SENP1,0.5320144,0.4451722,-0.12528686,0.34705883,0.08618422,0.2046087235212326
TNFRSF1A,0.8766264,0.6854446,-0.275817,0.34705883,0.08618422,0.2046087235212326
IRAK1,0.9030963,0.7500496,-0.22079976,0.34705883,0.08618422,0.2046087235212326
AC007390.5,0.77151996,0.6663272,-0.1517611,0.34705883,0.08618422,0.2046087235212326
ATF1,0.5476771,0.444476,-0.14888771,0.34705883,0.08618422,0.2046087235212326
PARP12,0.5583468,0.41553435,-0.20603482,0.34705883,0.08618422,0.2046087235212326
RAB11FIP1,0.9192171,0.7989277,-0.1735409,0.34705883,0.08618422,0.2046087235212326
RUNX3,2.0853617,1.841392,-0.35197383,0.34705883,0.08618422,0.2046087235212326
RP11-100N21.1,0.5906927,0.47623616,-0.16512588,0.34705883,0.08618422,0.2046087235212326
WIPF2,0.76551384,0.6352958,-0.1878649,0.34705883,0.08618422,0.2046087235212326
C17orf76-AS1,4.047391,3.5540276,-0.7117729,0.34705883,0.08618422,0.2046087235212326
DNPH1,1.3489574,1.0280535,-0.46296647,0.34705883,0.08618422,0.2046087235212326
SP1,0.44347477,0.32717988,-0.16777806,0.34705883,0.08618422,0.2046087235212326
CDC42EP3,0.8814315,1.0722785,0.275334,0.65294117,0.08618422,0.2046087235212326
SMAD2,0.7637967,0.6386523,-0.18054515,0.34705883,0.08618422,0.2046087235212326
KDM4A,0.5205597,0.41132107,-0.15759806,0.34705883,0.08618422,0.2046087235212326
SNORD3C,0.7619311,0.56902593,-0.27830335,0.34705883,0.08618422,0.2046087235212326
SETX,1.4626034,1.2681407,-0.28055048,0.34705883,0.08618422,0.2046087235212326
TXNRD1,0.80726266,0.63930297,-0.2423146,0.34705883,0.08618422,0.2046087235212326
DCAF12,0.66719735,0.5278656,-0.20101324,0.34705883,0.08618422,0.2046087235212326
RPL22,3.638874,3.2999258,-0.48899895,0.34705883,0.08618422,0.2046087235212326
MTCH1,1.0522789,0.9341463,-0.1704293,0.34705883,0.08618422,0.2046087235212326
C15orf57,0.7654291,0.6593361,-0.15305983,0.34705883,0.08618422,0.2046087235212326
RPL22L1,1.1214805,0.848366,-0.39402086,0.34705883,0.08618422,0.2046087235212326
U2AF1L4,1.3468201,1.1395979,-0.29895848,0.34705883,0.08618422,0.2046087235212326
AGAP10,0.2071963,0.26801747,0.08774641,0.65294117,0.08618422,0.2046087235212326
TINF2,1.4629732,1.1898665,-0.39400968,0.34705883,0.08618422,0.2046087235212326
ZCCHC6,1.1894618,1.0258749,-0.23600611,0.34705883,0.08618422,0.2046087235212326
H2AFV,1.5457153,1.3258895,-0.31714168,0.34705883,0.08618422,0.2046087235212326
ERCC6L2,0.3761428,0.4602244,0.121304095,0.65294117,0.08618422,0.2046087235212326
CANX,2.4450934,2.0969028,-0.50233275,0.34705883,0.08618422,0.2046087235212326
FRMD8,0.8399278,0.70840126,-0.18975267,0.34705883,0.08618422,0.2046087235212326
BIRC2,1.2703854,1.130692,-0.20153494,0.34705883,0.08618422,0.2046087235212326
VRK3,1.031431,0.8733261,-0.22809707,0.34705883,0.08618422,0.2046087235212326
WDR20,0.68249,0.5975599,-0.12252818,0.34705883,0.08618422,0.2046087235212326
PIK3C3,0.94033813,0.8123044,-0.18471366,0.34705883,0.08618422,0.2046087235212326
MRRF,0.56404024,0.43556085,-0.18535659,0.34705883,0.08618422,0.2046087235212326
DPP7,2.3103023,2.020875,-0.4175553,0.34705883,0.08618422,0.2046087235212326
COMMD7,0.8937264,0.7409612,-0.22039361,0.34705883,0.08618422,0.2046087235212326
RBL1,0.4651921,0.3264774,-0.20012301,0.34705883,0.08618422,0.2046087235212326
NCOR2,0.7457626,0.65424824,-0.1320273,0.34705883,0.08618422,0.2046087235212326
NCBP2,1.070401,0.90728843,-0.23532163,0.34705883,0.08618422,0.2046087235212326
CDK5RAP2,1.0538388,0.88074994,-0.24971451,0.34705883,0.08618422,0.2046087235212326
SKP1,4.5872974,4.3013983,-0.4124653,0.34705883,0.08618422,0.2046087235212326
CIAPIN1,0.58553946,0.42945942,-0.2251759,0.34705883,0.08618422,0.2046087235212326
CWC15,0.853954,0.70681524,-0.21227638,0.34901962,0.09031499,0.21154192090034485
EXOC5,0.71424276,0.5506535,-0.23600939,0.34901962,0.09031499,0.21154192090034485
SHARPIN,0.80607706,0.66508657,-0.20340629,0.34901962,0.09031499,0.21154192090034485
TTYH3,0.41140243,0.30033445,-0.16023722,0.34901962,0.09031499,0.21154192090034485
RSPRY1,0.8244384,0.6748675,-0.21578518,0.34901962,0.09031499,0.21154192090034485
RAC1P2,0.40117162,0.32444778,-0.11068911,0.34901962,0.09031499,0.21154192090034485
SPTAN1,2.1096823,1.8303943,-0.4029275,0.34901962,0.09031499,0.21154192090034485
AC012379.1,1.1943702,0.9888058,-0.29656672,0.34901962,0.09031499,0.21154192090034485
PREPL,0.50276434,0.58510834,0.11879727,0.6509804,0.09031499,0.21154192090034485
EMD,1.6256837,1.4283805,-0.2846483,0.34901962,0.09031499,0.21154192090034485
ZNF410,1.4587175,1.2706577,-0.27131295,0.34901962,0.09031499,0.21154192090034485
GOLGA4,1.4922038,1.3614798,-0.18859497,0.34901962,0.09031499,0.21154192090034485
HNRNPKP4,0.72330695,0.5966528,-0.18272331,0.34901962,0.09031499,0.21154192090034485
PRKCSH,1.4180967,1.197629,-0.31806764,0.34901962,0.09031499,0.21154192090034485
JUND,1.6089104,1.8711833,0.3783797,0.6509804,0.09031499,0.21154192090034485
CD320,0.7455123,0.5698566,-0.25341764,0.34901962,0.09031499,0.21154192090034485
ACSS1,0.3728546,0.3032781,-0.10037767,0.34901962,0.09031499,0.21154192090034485
POLR2G,1.7627318,1.3998821,-0.5234815,0.34901962,0.09031499,0.21154192090034485
ROCK1,1.5506625,1.3756428,-0.25250012,0.34901962,0.09031499,0.21154192090034485
PTGES3P1,0.6507036,0.5540921,-0.13938093,0.34901962,0.09031499,0.21154192090034485
DNAJC19,0.84495753,0.70488894,-0.20207626,0.34901962,0.09031499,0.21154192090034485
INTS3,0.7210453,0.5871028,-0.19323824,0.34901962,0.09031499,0.21154192090034485
RPL13AP6,0.6103915,0.78176117,0.24723418,0.6509804,0.09031499,0.21154192090034485
COMMD4,0.7456449,0.54749084,-0.28587592,0.34901962,0.09031499,0.21154192090034485
AC013269.1,0.28470886,0.20164496,-0.119835876,0.34901962,0.09031499,0.21154192090034485
LCP2,3.4495606,3.018598,-0.62174755,0.34901962,0.09031499,0.21154192090034485
SMIM12,1.048624,0.8023463,-0.35530367,0.34901962,0.09031499,0.21154192090034485
SLC1A4,0.49302423,0.32754782,-0.238732,0.34901962,0.09031499,0.21154192090034485
GCHFR,0.76700085,0.59888357,-0.24254197,0.34901962,0.09031499,0.21154192090034485
FLAD1,0.80399907,0.6148293,-0.2729143,0.34901962,0.09031499,0.21154192090034485
DHX15,1.6006336,1.4140644,-0.26916248,0.34901962,0.09031499,0.21154192090034485
LRRC41,0.75651234,0.65867215,-0.14115356,0.34901962,0.09031499,0.21154192090034485
STRIP1,0.8813297,0.75750124,-0.17864671,0.34901962,0.09031499,0.21154192090034485
HSD17B7,0.82144743,0.69698954,-0.17955479,0.34901962,0.09031499,0.21154192090034485
POLR3K,0.75478286,0.5531057,-0.2909586,0.34901962,0.09031499,0.21154192090034485
NR1H2,1.2888534,1.1427914,-0.21072295,0.34901962,0.09031499,0.21154192090034485
BCL10,0.9853875,0.83265334,-0.22034882,0.34901962,0.09031499,0.21154192090034485
DDX5,6.7635403,6.9193234,0.22474761,0.6509804,0.09031499,0.21154192090034485
GMFG,2.7816503,2.2753863,-0.7303845,0.34901962,0.09031499,0.21154192090034485
SARDH,0.6015977,0.40740177,-0.28016555,0.3509804,0.09456546,0.21858243644237518
FAM103A1,0.82118136,0.6707541,-0.21702069,0.3509804,0.094603606,0.21858243644237518
HSPE1-MOB4,0.7223158,0.6588274,-0.091594346,0.3509804,0.094603606,0.21858243644237518
DARS,1.8825048,1.5526639,-0.47585982,0.3509804,0.094603606,0.21858243644237518
FAU,6.4451575,6.182645,-0.37872574,0.3509804,0.094603606,0.21858243644237518
SH3BP2,0.88863194,0.69352555,-0.28147903,0.3509804,0.094603606,0.21858243644237518
CREB1,1.1608243,1.0013139,-0.23012483,0.3509804,0.094603606,0.21858243644237518
TTC31,0.6536988,0.50493246,-0.21462446,0.3509804,0.094603606,0.21858243644237518
LEO1,0.4777934,0.36977762,-0.15583383,0.3509804,0.094603606,0.21858243644237518
FTSJ1,0.88442343,0.6922214,-0.2772889,0.3509804,0.094603606,0.21858243644237518
TRMT10C,0.5313021,0.44864285,-0.11925208,0.3509804,0.094603606,0.21858243644237518
MDM2,1.8024616,1.5112678,-0.4201039,0.3509804,0.094603606,0.21858243644237518
DLST,0.54653364,0.4643315,-0.11859261,0.3509804,0.094603606,0.21858243644237518
CD53,4.201357,3.7417607,-0.6630571,0.3509804,0.094603606,0.21858243644237518
SNHG14,0.65003306,0.8098161,0.23051824,0.6490196,0.094603606,0.21858243644237518
CDC5L,0.65496236,0.5492024,-0.1525794,0.3509804,0.094603606,0.21858243644237518
TRAPPC2,1.4473488,1.2450744,-0.29182035,0.3509804,0.094603606,0.21858243644237518
ASCC2,1.4486847,1.2395892,-0.301661,0.3509804,0.094603606,0.21858243644237518
ANKRD40,0.8946066,0.7657953,-0.18583542,0.3509804,0.094603606,0.21858243644237518
UBL7,1.0657413,0.8363338,-0.33096504,0.3509804,0.094603606,0.21858243644237518
CKLF,2.154141,1.6907711,-0.6685014,0.3509804,0.094603606,0.21858243644237518
SCML4,1.5704628,1.8151529,0.35301313,0.6490196,0.094603606,0.21858243644237518
PTPN2,1.3580312,1.1757581,-0.2629644,0.3509804,0.094603606,0.21858243644237518
FBXO28,0.50180846,0.43162623,-0.10125156,0.3509804,0.094603606,0.21858243644237518
LDHAP5,0.23837005,0.16281354,-0.10900499,0.3509804,0.094603606,0.21858243644237518
MCM9,0.48310605,0.4006215,-0.11900004,0.3509804,0.094603606,0.21858243644237518
CERS5,1.6077087,1.4214861,-0.26866236,0.3509804,0.094603606,0.21858243644237518
STIP1,2.205393,1.8665365,-0.48886672,0.3509804,0.094603606,0.21858243644237518
SRGN,6.490769,6.0268903,-0.6692354,0.3509804,0.094603606,0.21858243644237518
EIF3J,0.91222185,0.79347104,-0.1713212,0.3509804,0.094603606,0.21858243644237518
USPL1,0.6432884,0.5648317,-0.113189094,0.3509804,0.094603606,0.21858243644237518
POLR2J3,2.4090307,2.6551254,0.3550396,0.6490196,0.094603606,0.21858243644237518
TBCA,1.2784315,1.0248747,-0.3658052,0.3509804,0.094603606,0.21858243644237518
AKR7A2,0.7740362,0.5517422,-0.3207025,0.3509804,0.094603606,0.21858243644237518
C11orf58,3.2795053,2.97959,-0.43268633,0.3509804,0.094603606,0.21858243644237518
NCAPD2,0.7461436,0.47355404,-0.39326358,0.3509804,0.094603606,0.21858243644237518
ACTBP11,0.14686574,0.10051354,-0.06687209,0.3509804,0.094603606,0.21858243644237518
TAP2,1.0185144,0.83502614,-0.26471758,0.3509804,0.094603606,0.21858243644237518
GNL1,0.7038826,0.66245383,-0.059769046,0.3509804,0.094603606,0.21858243644237518
SEC14L1,1.2669599,0.97501326,-0.42119,0.3509804,0.094603606,0.21858243644237518
POLDIP3,1.230189,1.0141836,-0.3116298,0.3529412,0.099053904,0.2252006083726883
HPS3,0.6865935,0.5450034,-0.20427127,0.3529412,0.099053904,0.2252006083726883
CSNK1A1,3.0075293,2.8100624,-0.28488445,0.3529412,0.099053904,0.2252006083726883
SAMD3,2.1359825,1.7679946,-0.5308943,0.3529412,0.099053904,0.2252006083726883
CHST11,0.75658023,0.6214538,-0.1949462,0.3529412,0.099053904,0.2252006083726883
PTMAP2,1.9273161,1.7222981,-0.29577833,0.3529412,0.099053904,0.2252006083726883
PNN,1.8510232,1.6174942,-0.33691108,0.3529412,0.099053904,0.2252006083726883
FAM157A,0.3623065,0.4561009,0.13531673,0.64705884,0.099053904,0.2252006083726883
RPL21P28,0.89903855,0.74673957,-0.21972099,0.3529412,0.099053904,0.2252006083726883
RCHY1,0.5178539,0.47521815,-0.06151041,0.3529412,0.099053904,0.2252006083726883
GRN,0.6412828,0.44998124,-0.2759898,0.3529412,0.099053904,0.2252006083726883
PDCD6IP,1.8358217,1.5781376,-0.3717596,0.3529412,0.099053904,0.2252006083726883
DDX60,1.1007233,0.7956359,-0.44014806,0.3529412,0.099053904,0.2252006083726883
XRCC1,0.69579035,0.55181223,-0.20771652,0.3529412,0.099053904,0.2252006083726883
PDS5B,1.0563946,0.90346575,-0.22062966,0.3529412,0.099053904,0.2252006083726883
TRAPPC8,0.4117354,0.49704283,0.12307263,0.64705884,0.099053904,0.2252006083726883
MRPS15,0.89635915,0.7081852,-0.2714776,0.3529412,0.099053904,0.2252006083726883
GLCCI1,0.657286,0.50650394,-0.21753252,0.3529412,0.099053904,0.2252006083726883
ZFAND6,1.4400393,1.2413318,-0.28667426,0.3529412,0.099053904,0.2252006083726883
SSBP1,1.7803539,1.5395329,-0.34743127,0.3529412,0.099053904,0.2252006083726883
LTN1,0.5285512,0.44185865,-0.12507094,0.3529412,0.099053904,0.2252006083726883
CTD-2328D6.1,1.8976455,2.118396,0.31847575,0.64705884,0.099053904,0.2252006083726883
CTC-548K16.5,0.6034042,0.5030891,-0.14472418,0.3529412,0.099053904,0.2252006083726883
KLHL6,0.5223688,0.66738105,0.20920847,0.64705884,0.099053904,0.2252006083726883
MAPKAPK2,0.23905954,0.1963634,-0.0615975,0.3529412,0.099053904,0.2252006083726883
PRR14,0.7295115,0.6112347,-0.17063731,0.3529412,0.099053904,0.2252006083726883
AP1G2,2.8150766,2.5761745,-0.34466287,0.3529412,0.099053904,0.2252006083726883
CDS2,1.9542617,1.7183932,-0.34028625,0.3529412,0.099053904,0.2252006083726883
NXT1,1.0170492,0.8681938,-0.21475293,0.3529412,0.099053904,0.2252006083726883
YTHDF2,1.3253235,1.1673784,-0.22786652,0.3529412,0.099053904,0.2252006083726883
CCDC18,0.49913067,0.42785072,-0.10283522,0.3529412,0.099053904,0.2252006083726883
NBPF14,0.9536912,1.1182866,0.237461,0.64705884,0.099053904,0.2252006083726883
SRSF9,0.7771266,0.6999996,-0.1112708,0.3529412,0.099053904,0.2252006083726883
RALY,1.968284,1.6799455,-0.41598457,0.3529412,0.099053904,0.2252006083726883
KLRB1,0.65076417,0.5219284,-0.18587068,0.3529412,0.099053904,0.2252006083726883
S100A10,2.9822135,2.4078896,-0.82857424,0.3529412,0.099053904,0.2252006083726883
YWHAZP5,2.4586895,2.2934644,-0.23836933,0.3529412,0.099053904,0.2252006083726883
HMGN1P38,1.1204616,0.79481655,-0.46980646,0.3529412,0.099053904,0.2252006083726883
CCDC117,0.6608191,0.5869264,-0.10660465,0.3529412,0.099053904,0.2252006083726883
ARID4B,3.0538619,2.8208554,-0.3361573,0.3529412,0.099053904,0.2252006083726883
GOLT1B,0.78193533,0.64386225,-0.19919735,0.3529412,0.099053904,0.2252006083726883
CTB-52I2.4,0.2020215,0.16372615,-0.055248503,0.3529412,0.099053904,0.2252006083726883
PIEZO1,1.0023388,0.79802656,-0.2947602,0.3529412,0.099053904,0.2252006083726883
GPBP1L1,1.3605497,1.1972021,-0.23566078,0.3529412,0.099053904,0.2252006083726883
TMEM230,1.868723,1.5639766,-0.4396561,0.3529412,0.099053904,0.2252006083726883
PRPF4,0.53986436,0.3958781,-0.20772825,0.3529412,0.099053904,0.2252006083726883
MTRR,0.93312705,0.84136987,-0.13237762,0.3529412,0.099053904,0.2252006083726883
SSR4,3.1907203,2.8082333,-0.5518122,0.3529412,0.099053904,0.2252006083726883
BTN2A2,0.4568519,0.36455795,-0.13315202,0.35490197,0.103669725,0.23236201703548431
RPL6,6.9670477,6.8197517,-0.21250314,0.35490197,0.103669725,0.23236201703548431
CSNK1G2,0.36246124,0.32676974,-0.05149195,0.35490197,0.103669725,0.23236201703548431
MAGOH,1.2085105,0.9512642,-0.371128,0.35490197,0.103669725,0.23236201703548431
CGGBP1,1.1482776,1.0418702,-0.15351343,0.35490197,0.103669725,0.23236201703548431
SRP54,1.3279011,1.1555972,-0.248582,0.35490197,0.103669725,0.23236201703548431
KLRG1,2.0508366,1.4531779,-0.8622391,0.35490197,0.103669725,0.23236201703548431
SERINC5,0.42587316,0.6121692,0.26876837,0.64509803,0.103669725,0.23236201703548431
NPIPB5,4.959915,5.184226,0.32361218,0.64509803,0.103669725,0.23236201703548431
RALGAPA1,0.85617524,1.2114773,0.5125925,0.64509803,0.103669725,0.23236201703548431
NTPCR,0.63473666,0.49107966,-0.20725323,0.35490197,0.103669725,0.23236201703548431
ZCCHC10,0.61482394,0.4711008,-0.20734864,0.35490197,0.103669725,0.23236201703548431
EXOC6,0.4428233,0.3837961,-0.085158244,0.35490197,0.103669725,0.23236201703548431
C7orf55-LUC7L2,1.4770849,1.2960119,-0.26123306,0.35490197,0.103669725,0.23236201703548431
TIAF1,0.4649806,0.3939686,-0.10244865,0.35490197,0.103669725,0.23236201703548431
HGS,1.6034195,1.4090357,-0.28043664,0.35490197,0.103669725,0.23236201703548431
EMC1,0.5960977,0.4671836,-0.18598376,0.35490197,0.103669725,0.23236201703548431
DUT,1.2394218,0.9476607,-0.42092237,0.35490197,0.103669725,0.23236201703548431
SPOCK2,2.616317,2.3298502,-0.41328427,0.35490197,0.103669725,0.23236201703548431
C1orf35,0.54767054,0.46222973,-0.123265035,0.35490197,0.103669725,0.23236201703548431
MT-RNR1,8.310436,8.450562,0.20215803,0.64509803,0.103669725,0.23236201703548431
FAM162A,0.60522,0.51157826,-0.1350965,0.35490197,0.103669725,0.23236201703548431
RAB18,1.1080629,0.98995656,-0.17039138,0.35490197,0.103669725,0.23236201703548431
DPH1,0.7066721,0.61843485,-0.12729941,0.35490197,0.103669725,0.23236201703548431
PIGO,0.54523146,0.45836866,-0.12531653,0.35490197,0.103669725,0.23236201703548431
ICAM1,0.56635326,0.47289735,-0.13482837,0.35490197,0.103669725,0.23236201703548431
PIK3CG,0.9259327,0.81068975,-0.16626045,0.35490197,0.103669725,0.23236201703548431
RPS3AP6,3.993993,4.122209,0.18497662,0.64509803,0.103669725,0.23236201703548431
CHPF2,0.38272253,0.31305882,-0.10050348,0.35490197,0.103669725,0.23236201703548431
CMC1,1.7726566,1.2980744,-0.68467736,0.35490197,0.103669725,0.23236201703548431
SC22CB-1E7.1,0.4080098,0.3102472,-0.14104159,0.35490197,0.103669725,0.23236201703548431
TMEM154,0.507282,0.42814943,-0.11416419,0.35490197,0.103669725,0.23236201703548431
TRGC2,2.402222,2.0420203,-0.51966107,0.35490197,0.103669725,0.23236201703548431
S100PBP,1.3693068,1.090954,-0.40157828,0.35490197,0.103669725,0.23236201703548431
PRKCH,4.2247033,3.894853,-0.47587323,0.35490197,0.103669725,0.23236201703548431
EDEM2,0.63106745,0.500063,-0.18899947,0.35490197,0.103669725,0.23236201703548431
RPS3,7.9591455,8.067781,0.15672848,0.64509803,0.103669725,0.23236201703548431
GORASP2,1.2491345,1.0299771,-0.31617737,0.35490197,0.103669725,0.23236201703548431
H3F3B,7.259128,6.943443,-0.45543757,0.35490197,0.103669725,0.23236201703548431
SLAMF6,1.397073,1.1234368,-0.39477363,0.35490197,0.103669725,0.23236201703548431
RALA,1.0998048,0.90471315,-0.2814577,0.35490197,0.103669725,0.23236201703548431
POLR3GL,1.2421757,1.0110077,-0.33350497,0.35490197,0.103669725,0.23236201703548431
NNT,0.8732986,0.67139447,-0.29128608,0.35490197,0.103669725,0.23236201703548431
TBC1D14,0.49634007,0.40253475,-0.13533247,0.35686275,0.108444616,0.23853768408298492
ITGB3BP,0.54567176,0.38489747,-0.23194827,0.35686275,0.108454846,0.23853768408298492
DPY30,0.959547,0.78131026,-0.25714123,0.35686275,0.108454846,0.23853768408298492
VPS51,0.95398813,0.8245625,-0.18672174,0.35686275,0.108454846,0.23853768408298492
PQLC3,0.9090802,0.7450715,-0.23661458,0.35686275,0.108454846,0.23853768408298492
GUSBP11,0.50092816,0.570898,0.10094513,0.6431373,0.108454846,0.23853768408298492
FAR1,0.6512132,0.56918883,-0.118336186,0.35686275,0.108454846,0.23853768408298492
TMEM50B,1.3437097,1.5198693,0.2541446,0.6431373,0.108454846,0.23853768408298492
GNB2L1,7.008063,6.7149115,-0.42292804,0.35686275,0.108454846,0.23853768408298492
CALU,0.7151988,0.5718417,-0.20682058,0.35686275,0.108454846,0.23853768408298492
TET2,0.91961807,0.79233396,-0.18363215,0.35686275,0.108454846,0.23853768408298492
SFT2D2,1.4258393,1.2369686,-0.27248278,0.35686275,0.108454846,0.23853768408298492
WWC3,0.50855684,0.4019311,-0.15382843,0.35686275,0.108454846,0.23853768408298492
SLC35F2,0.57742727,0.46971777,-0.15539196,0.35686275,0.108454846,0.23853768408298492
ELF4,0.5062248,0.38289398,-0.17792878,0.35686275,0.108454846,0.23853768408298492
P2RY11,0.48501045,0.33281055,-0.21957803,0.35686275,0.108454846,0.23853768408298492
NPM1P6,0.37604755,0.3244188,-0.07448453,0.35686275,0.108454846,0.23853768408298492
FBRS,0.66525906,0.54685354,-0.17082305,0.35686275,0.108454846,0.23853768408298492
RPS19,7.4965415,7.2864738,-0.3030637,0.35686275,0.108454846,0.23853768408298492
BECN1,1.6756341,1.4902214,-0.26749408,0.35686275,0.108454846,0.23853768408298492
CARD8,1.5017283,1.3461775,-0.22441243,0.35686275,0.108454846,0.23853768408298492
SUGP2,0.98540473,0.8347977,-0.21728005,0.35686275,0.108454846,0.23853768408298492
PPIL3,0.5846741,0.48311788,-0.14651468,0.35686275,0.108454846,0.23853768408298492
PBDC1,0.8552685,0.6923627,-0.23502332,0.35686275,0.108454846,0.23853768408298492
LCMT1,0.9868028,0.83549863,-0.2182858,0.35686275,0.108454846,0.23853768408298492
FAM110A,0.6839463,0.5841907,-0.14391689,0.35686275,0.108454846,0.23853768408298492
ACADVL,1.9369458,1.7114083,-0.32538188,0.35686275,0.108454846,0.23853768408298492
ZDHHC24,0.7054908,0.5736845,-0.19015631,0.35686275,0.108454846,0.23853768408298492
SDR39U1,1.5718821,1.4367062,-0.19501767,0.35686275,0.108454846,0.23853768408298492
SRP72,1.1080897,0.93947214,-0.24326369,0.35686275,0.108454846,0.23853768408298492
NBPF1,0.96492183,1.0830501,0.1704231,0.6431373,0.108454846,0.23853768408298492
FAM217B,0.5519788,0.44605052,-0.15282224,0.35686275,0.108454846,0.23853768408298492
SLC35A3,0.37413472,0.30214775,-0.10385525,0.35686275,0.108454846,0.23853768408298492
SEMA4A,0.91336095,0.7852334,-0.18484902,0.35686275,0.108454846,0.23853768408298492
DDX52,0.54829067,0.46785232,-0.116048,0.35686275,0.108454846,0.23853768408298492
SCFD1,0.92277914,0.8110382,-0.16120811,0.35686275,0.108454846,0.23853768408298492
MEI1,0.8174957,0.67433095,-0.20654307,0.35686275,0.108454846,0.23853768408298492
RRP8,0.5100445,0.41816857,-0.13254896,0.35686275,0.108454846,0.23853768408298492
RP11-468E2.4,0.31876814,0.26183236,-0.082140975,0.35686275,0.108454846,0.23853768408298492
EIF2S3,3.4408574,3.091055,-0.50465834,0.35686275,0.108454846,0.23853768408298492
LDOC1L,0.46310908,0.39236793,-0.102057904,0.35686275,0.108454846,0.23853768408298492
UQCC2,0.7349578,0.5684834,-0.24017179,0.35686275,0.108454846,0.23853768408298492
NBEAL2,0.93124974,0.76750904,-0.23622788,0.35686275,0.108454846,0.23853768408298492
ATRX,2.3713639,2.2218628,-0.21568447,0.35686275,0.108454846,0.23853768408298492
CTD-2619J13.14,0.13979143,0.17100105,0.04502596,0.6431373,0.108454846,0.23853768408298492
EXOC1,0.60418075,0.47138882,-0.19157827,0.35686275,0.108454846,0.23853768408298492
RPL15,7.318525,7.1807213,-0.1988085,0.35686275,0.108454846,0.23853768408298492
CRKL,1.3722401,1.1576023,-0.30965683,0.35686275,0.108454846,0.23853768408298492
IL4R,0.8035196,0.7124545,-0.13137919,0.35686275,0.108454846,0.23853768408298492
CALM1,6.913069,6.7079525,-0.29592022,0.35686275,0.108454846,0.23853768408298492
ELP5,0.8082412,0.6288507,-0.25880578,0.35686275,0.108454846,0.23853768408298492
PPP2R5E,0.50508887,0.42419258,-0.11670867,0.35686275,0.108454846,0.23853768408298492
ACAP2,1.7547699,1.5464636,-0.30052248,0.35686275,0.108454846,0.23853768408298492
TMEM128,0.62752426,0.5013261,-0.18206547,0.35686275,0.108454846,0.23853768408298492
VAPB,0.5445625,0.46761486,-0.111012004,0.35686275,0.108454846,0.23853768408298492
PKD1P6,0.2889768,0.3398213,0.073353134,0.6431373,0.108454846,0.23853768408298492
SDE2,0.5982287,0.51352185,-0.122206144,0.35686275,0.108454846,0.23853768408298492
TIMM17A,0.9803056,0.79654634,-0.2651086,0.35686275,0.108454846,0.23853768408298492
RP11-159J3.1,0.4160591,0.20368575,-0.30639,0.35882354,0.11337141,0.24532648921012878
TMEM138,0.76258445,0.6148175,-0.21318264,0.35882354,0.11341311,0.24532648921012878
KIN,0.5352422,0.45261472,-0.11920625,0.35882354,0.11341311,0.24532648921012878
CTDSPL2,0.8894844,0.7702193,-0.17206314,0.35882354,0.11341311,0.24532648921012878
TRAPPC13,0.48983383,0.38696086,-0.14841431,0.35882354,0.11341311,0.24532648921012878
TCP1,2.360385,2.2281451,-0.19078173,0.35882354,0.11341311,0.24532648921012878
TSPAN31,0.62572575,0.5285649,-0.14017351,0.35882354,0.11341311,0.24532648921012878
NDE1,0.71992856,0.5827952,-0.19784161,0.35882354,0.11341311,0.24532648921012878
SMARCE1,1.7506039,1.487671,-0.37933198,0.35882354,0.11341311,0.24532648921012878
EIF1AXP1,0.5880443,0.45339453,-0.19425853,0.35882354,0.11341311,0.24532648921012878
XRCC6P2,0.4935444,0.4080185,-0.12338779,0.35882354,0.11341311,0.24532648921012878
ANXA7,1.9509693,1.714706,-0.34085602,0.35882354,0.11341311,0.24532648921012878
RP11-386G11.10,2.5594206,2.085994,-0.68301016,0.35882354,0.11341311,0.24532648921012878
TIMMDC1,0.99332845,0.8212108,-0.24831328,0.35882354,0.11341311,0.24532648921012878
ARID4A,1.2336785,1.0825624,-0.21801433,0.35882354,0.11341311,0.24532648921012878
MICB,0.49589154,0.38847518,-0.15496905,0.35882354,0.11341311,0.24532648921012878
ANAPC16,2.7616074,2.484026,-0.4004654,0.35882354,0.11341311,0.24532648921012878
C1orf63,2.5927608,2.8975182,0.43967193,0.64117646,0.11341311,0.24532648921012878
SRSF1,2.3054469,2.003111,-0.43617862,0.35882354,0.11341311,0.24532648921012878
GDI2P2,0.300439,0.24864617,-0.07472126,0.35882354,0.11341311,0.24532648921012878
DALRD3,1.065305,0.9463638,-0.17159586,0.35882354,0.11341311,0.24532648921012878
SQSTM1,2.7200377,2.432443,-0.4149116,0.35882354,0.11341311,0.24532648921012878
ITPR1,1.0048796,0.8400125,-0.23785295,0.35882354,0.11341311,0.24532648921012878
DNM1L,0.8019809,0.72914183,-0.10508458,0.35882354,0.11341311,0.24532648921012878
MAD1L1,1.128988,0.961573,-0.24152882,0.35882354,0.11341311,0.24532648921012878
VAV1,1.1673436,0.98060596,-0.26940548,0.35882354,0.11341311,0.24532648921012878
NOC2L,1.0033342,0.78835005,-0.31015652,0.35882354,0.11341311,0.24532648921012878
BIN1,1.8593361,1.5963069,-0.37947094,0.35882354,0.11341311,0.24532648921012878
XPO1,1.2322556,1.0665903,-0.23900446,0.35882354,0.11341311,0.24532648921012878
HELB,0.60386854,0.4915418,-0.16205323,0.35882354,0.11341311,0.24532648921012878
EMG1,0.79573953,0.69278246,-0.14853565,0.35882354,0.11341311,0.24532648921012878
BCL11B,1.1592532,1.3069443,0.21307309,0.64117646,0.11341311,0.24532648921012878
CENPC,1.2115122,1.0702575,-0.2037874,0.35882354,0.11341311,0.24532648921012878
C20orf112,1.1094893,1.3539982,0.35275173,0.64117646,0.11341311,0.24532648921012878
KIAA1191,1.3823017,1.2391627,-0.20650592,0.35882354,0.11341311,0.24532648921012878
PTPRA,0.6088263,0.49163175,-0.16907597,0.35882354,0.11341311,0.24532648921012878
RNF166,2.6237435,2.3404808,-0.40866172,0.35882354,0.11341311,0.24532648921012878
NCOA7,0.892852,0.80731267,-0.123407185,0.35882354,0.11341311,0.24532648921012878
C12orf44,0.6682112,0.5797629,-0.127604,0.35882354,0.11341311,0.24532648921012878
HEXA,1.1875938,1.0455005,-0.2049973,0.35882354,0.11341311,0.24532648921012878
SATB1,0.89813244,1.1412034,0.35067728,0.64117646,0.11341311,0.24532648921012878
KLRC3,0.8006363,0.5782752,-0.32079923,0.35882354,0.11341311,0.24532648921012878
DHX8,1.2013924,1.0547171,-0.2116078,0.35882354,0.11341311,0.24532648921012878
EIF4G2,4.332184,4.040435,-0.42090484,0.35882354,0.11341311,0.24532648921012878
TAOK2,0.4108396,0.34385794,-0.09663408,0.35882354,0.11341311,0.24532648921012878
ZNF106,1.281123,1.1576431,-0.17814393,0.35882354,0.11341311,0.24532648921012878
CSE1L,0.81702125,0.67399955,-0.2063367,0.35882354,0.11341311,0.24532648921012878
NAP1L1P1,0.5501304,0.47549248,-0.1076798,0.35882354,0.11341311,0.24532648921012878
CD44,4.8711576,5.229292,0.5166785,0.64117646,0.11341311,0.24532648921012878
RNF10,2.1616597,2.010249,-0.21843964,0.35882354,0.11341311,0.24532648921012878
GPR89B,0.83645713,0.75847787,-0.1125003,0.35882354,0.11341311,0.24532648921012878
CLUHP3,0.62126553,0.50055176,-0.17415316,0.35882354,0.11341311,0.24532648921012878
RPL13A,7.880522,7.9858522,0.15195975,0.6392157,0.11854823,0.2532199025154114
MAP3K14-AS1,0.41278464,0.31288826,-0.14412,0.36078432,0.11854823,0.2532199025154114
NKG2-E,0.6848411,0.50686216,-0.25676933,0.36078432,0.11854823,0.2532199025154114
ARHGAP25,1.9938724,1.7527752,-0.34782976,0.36078432,0.11854823,0.2532199025154114
CADM1,0.86624825,0.4392916,-0.6159682,0.36078432,0.11854823,0.2532199025154114
TBCC,1.2966005,1.025744,-0.39076334,0.36078432,0.11854823,0.2532199025154114
AL034548.1,0.32260153,0.25944805,-0.091111206,0.36078432,0.11854823,0.2532199025154114
AKAP8,0.7633916,0.6516375,-0.1612271,0.36078432,0.11854823,0.2532199025154114
EIF2A,1.5781999,1.4040865,-0.25119254,0.36078432,0.11854823,0.2532199025154114
AGGF1,0.6185144,0.51001745,-0.15652803,0.36078432,0.11854823,0.2532199025154114
CSF1,0.6393479,0.47265697,-0.2404842,0.36078432,0.11854823,0.2532199025154114
TM2D3,0.94282734,0.82703674,-0.16705053,0.36078432,0.11854823,0.2532199025154114
LSM14A,2.1006768,1.8717337,-0.3302951,0.36078432,0.11854823,0.2532199025154114
MAP3K5,0.3255654,0.26139987,-0.092571296,0.36078432,0.11854823,0.2532199025154114
HNRNPL,3.8471296,3.5679073,-0.40283257,0.36078432,0.11854823,0.2532199025154114
HYPK,0.9216194,0.79619896,-0.18094346,0.36078432,0.11854823,0.2532199025154114
AC003104.1,1.1812251,1.0191594,-0.23381127,0.36078432,0.11854823,0.2532199025154114
CBLB,4.006593,3.6425147,-0.52525425,0.36078432,0.11854823,0.2532199025154114
NT5C2,0.7985856,0.6754321,-0.17767295,0.36078432,0.11854823,0.2532199025154114
OCIAD1,1.5445844,1.3116866,-0.33600044,0.36078432,0.11854823,0.2532199025154114
CARHSP1,1.1293107,0.9356241,-0.27943072,0.36078432,0.11854823,0.2532199025154114
KANSL3,1.0337822,0.87250686,-0.2326712,0.36078432,0.11854823,0.2532199025154114
ITGA4,3.0707216,2.723631,-0.5007461,0.36078432,0.11854823,0.2532199025154114
TXNDC12,1.0054524,0.7752553,-0.33210418,0.36078432,0.11854823,0.2532199025154114
TMEM256-PLSCR3,0.9174949,0.77159905,-0.21048321,0.36078432,0.11854823,0.2532199025154114
LARP1,1.021341,0.8569046,-0.2372315,0.36078432,0.11854823,0.2532199025154114
PYGB,0.59871286,0.4932859,-0.15209897,0.36078432,0.11854823,0.2532199025154114
ARFGAP1,0.8201193,0.71184415,-0.15620805,0.36078432,0.11854823,0.2532199025154114
DNASE2,0.71246034,0.5843736,-0.18479012,0.36078432,0.11854823,0.2532199025154114
ECHDC2,0.79788345,0.94352394,0.21011482,0.6392157,0.11854823,0.2532199025154114
CEP164,0.5116242,0.41887867,-0.13380353,0.36078432,0.11854823,0.2532199025154114
MEF2D,1.227864,1.0230951,-0.29541907,0.36078432,0.11854823,0.2532199025154114
VPS25,0.87848634,0.60171497,-0.39929667,0.36078432,0.11854823,0.2532199025154114
EIF2AK1,0.44355738,0.36002597,-0.12051035,0.36078432,0.11854823,0.2532199025154114
POR,0.77469945,0.6806326,-0.13570979,0.36078432,0.11854823,0.2532199025154114
NCAPD3,0.6228038,0.4084188,-0.30929217,0.36078432,0.11854823,0.2532199025154114
HSP90B2P,0.09177933,0.06945795,-0.032202944,0.36078432,0.11854823,0.2532199025154114
NDUFAF3,1.3782648,1.1345906,-0.3515475,0.36078432,0.11854823,0.2532199025154114
HCG4P7,0.52022,0.3702393,-0.21637641,0.36078432,0.11854823,0.2532199025154114
NSUN5,0.58916813,0.4815663,-0.15523662,0.36078432,0.11854823,0.2532199025154114
ATG12,1.5404762,1.3590951,-0.26167762,0.3627451,0.1238639,0.26154160499572754
GLTSCR1L,0.428927,0.3706987,-0.0840057,0.3627451,0.1238639,0.26154160499572754
SMG1,3.7627416,3.550824,-0.30573252,0.3627451,0.1238639,0.26154160499572754
STT3A,1.6958798,1.4177538,-0.401251,0.3627451,0.1238639,0.26154160499572754
RP11-1100L3.7,0.5219716,0.45168385,-0.101403765,0.3627451,0.1238639,0.26154160499572754
RALGDS,1.8697199,1.6492169,-0.31811854,0.3627451,0.1238639,0.26154160499572754
NSMAF,0.91740525,0.7954567,-0.17593455,0.3627451,0.1238639,0.26154160499572754
C2orf68,1.7438941,1.5331929,-0.3039776,0.3627451,0.1238639,0.26154160499572754
KDM5A,1.937708,1.8038545,-0.19310986,0.3627451,0.1238639,0.26154160499572754
STX11,0.75211984,0.63795567,-0.16470408,0.3627451,0.1238639,0.26154160499572754
PDCD2,0.5480344,0.45592964,-0.13287912,0.3627451,0.1238639,0.26154160499572754
GNB5,0.77764505,0.893924,0.16775505,0.6372549,0.1238639,0.26154160499572754
ACSL4,0.7414238,0.5690657,-0.24866016,0.3627451,0.1238639,0.26154160499572754
SYNCRIP,1.2897148,1.0955116,-0.28017607,0.3627451,0.1238639,0.26154160499572754
POLG,1.0669913,0.9057624,-0.2326042,0.3627451,0.1238639,0.26154160499572754
PHLDA1,1.6567148,1.3136525,-0.49493426,0.3627451,0.1238639,0.26154160499572754
RELB,0.6924372,0.6071303,-0.12307182,0.3627451,0.1238639,0.26154160499572754
COPB1,1.9089156,1.751036,-0.2277721,0.3627451,0.1238639,0.26154160499572754
BCOR,0.8199556,0.6992474,-0.17414507,0.3627451,0.1238639,0.26154160499572754
RAB35,0.7188227,0.5796264,-0.20081787,0.3627451,0.1238639,0.26154160499572754
NBL1,0.47543082,0.34129912,-0.19351114,0.3627451,0.1238639,0.26154160499572754
NOL8,0.78182,0.69695365,-0.122436255,0.3627451,0.1238639,0.26154160499572754
ARFIP1,0.47319046,0.3579657,-0.16623418,0.3627451,0.1238639,0.26154160499572754
MCCC2,0.7709845,0.6330479,-0.19900043,0.3627451,0.1238639,0.26154160499572754
LIN7C,0.45758012,0.3763352,-0.11721164,0.3627451,0.1238639,0.26154160499572754
BRAP,0.5384778,0.4569458,-0.11762577,0.3627451,0.1238639,0.26154160499572754
CRYZ,0.5135004,0.40846887,-0.15152845,0.3627451,0.1238639,0.26154160499572754
RPL29P11,0.666942,0.5801816,-0.1251688,0.3627451,0.1238639,0.26154160499572754
G2E3,0.68407047,0.5212663,-0.2348768,0.3627451,0.1238639,0.26154160499572754
NMRAL1,0.8975773,0.7290945,-0.24306928,0.3627451,0.1238639,0.26154160499572754
RBM7,0.8891781,0.7521455,-0.19769621,0.3627451,0.1238639,0.26154160499572754
TIMM17B,1.2205135,1.0194919,-0.2900128,0.3627451,0.1238639,0.26154160499572754
RGS3,1.1146314,0.8177209,-0.42835134,0.3627451,0.1238639,0.26154160499572754
ORAI2,0.43766478,0.37058634,-0.096773736,0.3627451,0.1238639,0.26154160499572754
H2AFX,0.6848595,0.5270408,-0.2276843,0.3627451,0.1238639,0.26154160499572754
TRAF3,0.74677074,0.6331201,-0.16396318,0.3627451,0.1238639,0.26154160499572754
RAB11FIP4,0.5525855,0.46232393,-0.13021989,0.3627451,0.1238639,0.26154160499572754
ITGB1P1,0.8588435,0.66538954,-0.27909508,0.3647059,0.12936379,0.2687423527240753
EML3,0.73148024,0.64084554,-0.13075824,0.3647059,0.12936379,0.2687423527240753
RPL24,4.9309216,4.655128,-0.39788598,0.3647059,0.12936379,0.2687423527240753
EEF2,4.821859,4.6634116,-0.22859108,0.3647059,0.12936379,0.2687423527240753
ERVK3-1,1.5334535,1.3621467,-0.24714337,0.3647059,0.12936379,0.2687423527240753
NOTCH1,0.83003515,0.71774,-0.16200766,0.3647059,0.12936379,0.2687423527240753
KAT7,1.4401562,1.2269963,-0.30752477,0.3647059,0.12936379,0.2687423527240753
NAP1L1,3.919631,3.5993073,-0.4621294,0.3647059,0.12936379,0.2687423527240753
MRPS9,0.5970461,0.45515352,-0.20470768,0.3647059,0.12936379,0.2687423527240753
ZBTB2,0.51766354,0.41828012,-0.14337996,0.3647059,0.12936379,0.2687423527240753
OXCT1,0.9923872,0.77551556,-0.31287962,0.3647059,0.12936379,0.2687423527240753
ANKRD27,0.6534701,0.5652109,-0.12733114,0.3647059,0.12936379,0.2687423527240753
CFDP1,0.9664447,0.8525191,-0.16435987,0.3647059,0.12936379,0.2687423527240753
NIT2,0.81444925,0.66615415,-0.21394461,0.3647059,0.12936379,0.2687423527240753
PAGR1,0.5264552,0.42423263,-0.14747603,0.3647059,0.12936379,0.2687423527240753
ORC3,0.6213494,0.5167098,-0.15096302,0.3647059,0.12936379,0.2687423527240753
COL4A3BP,0.6591623,0.5851556,-0.10676906,0.3647059,0.12936379,0.2687423527240753
HIST1H4C,1.1583968,0.8670207,-0.42036688,0.3647059,0.12936379,0.2687423527240753
RPL7L1,0.9793478,0.8721865,-0.15460114,0.3647059,0.12936379,0.2687423527240753
IL10RA,3.0596132,2.7472417,-0.4506568,0.3647059,0.12936379,0.2687423527240753
DPF2,1.3610351,1.1469772,-0.3088203,0.3647059,0.12936379,0.2687423527240753
KLRC2,0.83467954,0.5932073,-0.34837082,0.3647059,0.12936379,0.2687423527240753
AC104698.1,2.3420827,2.0902917,-0.36325762,0.3647059,0.12936379,0.2687423527240753
ACAP1,3.5003362,3.2628148,-0.34267095,0.3647059,0.12936379,0.2687423527240753
CHURC1,1.6584243,1.4745464,-0.26527962,0.3647059,0.12936379,0.2687423527240753
TRAPPC12,0.5544372,0.6633107,0.15707123,0.63529414,0.12936379,0.2687423527240753
MAPK6,0.5118422,0.42317864,-0.12791446,0.3647059,0.12936379,0.2687423527240753
ISG20,3.6865242,3.1715133,-0.74300355,0.3647059,0.12936379,0.2687423527240753
RP11-343H5.4,0.45243517,0.39858952,-0.077682845,0.3647059,0.12936379,0.2687423527240753
DROSHA,0.91519123,0.7573714,-0.22768585,0.3647059,0.12936379,0.2687423527240753
VCPKMT,0.52895564,0.44236267,-0.12492725,0.3647059,0.12936379,0.2687423527240753
SLFN13,0.87547857,0.7556039,-0.17294258,0.3647059,0.12936379,0.2687423527240753
YWHAZ,6.6707,6.5061836,-0.23734707,0.3647059,0.12936379,0.2687423527240753
INPP5D,2.7924936,2.4983685,-0.4243328,0.3647059,0.12936379,0.2687423527240753
NUP85,0.9125796,0.74319494,-0.2443704,0.3647059,0.12936379,0.2687423527240753
GPR155,0.43495098,0.5040451,0.09968179,0.63529414,0.12936379,0.2687423527240753
MFN2,0.604883,0.5223659,-0.11904699,0.3647059,0.12936379,0.2687423527240753
ESYT1,1.9947168,1.6582398,-0.48543358,0.3647059,0.12936379,0.2687423527240753
THYN1,1.210482,1.0109956,-0.28779802,0.3647059,0.12936379,0.2687423527240753
OSGEP,0.7287147,0.59295374,-0.19586167,0.3647059,0.12936379,0.2687423527240753
HBS1L,1.3648695,1.2013482,-0.23591135,0.3647059,0.12936379,0.2687423527240753
GIMAP6,1.6036149,1.2202135,-0.5531313,0.3647059,0.12936379,0.2687423527240753
NBPF15,0.9109639,1.0404673,0.18683387,0.63529414,0.12936379,0.2687423527240753
KLRC1,0.6413238,0.5036959,-0.19855508,0.3647059,0.12936379,0.2687423527240753
ZNF770,0.5400366,0.44133028,-0.14240314,0.3647059,0.12936379,0.2687423527240753
HSF1,1.1757581,1.0264183,-0.21545178,0.3647059,0.12936379,0.2687423527240753
RP11-294J22.6,1.1152897,0.92892814,-0.26886287,0.3647059,0.12936379,0.2687423527240753
ABCA2,1.1829575,1.0028028,-0.25990826,0.3647059,0.12936379,0.2687423527240753
NPC1,1.4132508,1.2765125,-0.19727166,0.3647059,0.12936379,0.2687423527240753
TBCD,2.2332332,1.811908,-0.60784376,0.3647059,0.12936379,0.2687423527240753
TMEM159,0.35265958,0.28951475,-0.09109873,0.3647059,0.12936379,0.2687423527240753
YIPF5,0.9277858,0.84737283,-0.11601141,0.3647059,0.12936379,0.2687423527240753
PCBP2,3.1167448,2.8304808,-0.41299158,0.3647059,0.12936379,0.2687423527240753
PPP6R2,1.1678874,1.0276326,-0.20234498,0.36666667,0.13505147,0.2760980427265167
RPL24P4,0.8745474,0.76032716,-0.164785,0.36666667,0.13505147,0.2760980427265167
RPL3,7.607231,7.80978,0.29221642,0.6333333,0.13505147,0.2760980427265167
TATDN1,0.5486928,0.45558652,-0.134324,0.36666667,0.13505147,0.2760980427265167
ZNF548,0.62228245,0.6975472,0.10858408,0.6333333,0.13505147,0.2760980427265167
RAP1A,1.0642331,0.8855589,-0.25777233,0.36666667,0.13505147,0.2760980427265167
PFKL,1.4662768,1.1987861,-0.3859074,0.36666667,0.13505147,0.2760980427265167
RP5-1180E21.5,0.35376394,0.42946547,0.10921423,0.6333333,0.13505147,0.2760980427265167
EDC3,0.56569743,0.44922632,-0.16803229,0.36666667,0.13505147,0.2760980427265167
ZNF267,1.0956851,0.9223804,-0.2500259,0.36666667,0.13505147,0.2760980427265167
NPM1,6.1253095,5.889056,-0.3408414,0.36666667,0.13505147,0.2760980427265167
BTN2A1,0.81733906,0.7149606,-0.14770094,0.36666667,0.13505147,0.2760980427265167
CPSF1,1.0982887,0.96288145,-0.1953513,0.36666667,0.13505147,0.2760980427265167
TRPS1,0.95486015,0.77367294,-0.2613979,0.36666667,0.13505147,0.2760980427265167
FASTK,0.76445186,0.68298656,-0.117529586,0.36666667,0.13505147,0.2760980427265167
ZNF100,0.352074,0.29142392,-0.08749957,0.36666667,0.13505147,0.2760980427265167
ADAR,1.8797864,1.6363176,-0.35125118,0.36666667,0.13505147,0.2760980427265167
MPRIP,0.97602427,0.81043285,-0.23889792,0.36666667,0.13505147,0.2760980427265167
PTPN18,0.51157534,0.3987666,-0.1627486,0.36666667,0.13505147,0.2760980427265167
NLRC5,4.836304,4.574073,-0.37831986,0.36666667,0.13505147,0.2760980427265167
AC093838.4,0.7929159,0.679699,-0.16333742,0.36666667,0.13505147,0.2760980427265167
SART3,0.7318932,0.6264338,-0.15214574,0.36666667,0.13505147,0.2760980427265167
UBQLN2,0.789696,0.6827443,-0.15429862,0.36666667,0.13505147,0.2760980427265167
GNB2,0.681879,0.55442,-0.18388446,0.36666667,0.13505147,0.2760980427265167
C6orf106,0.5037801,0.39877966,-0.15148365,0.36666667,0.13505147,0.2760980427265167
PACSIN2,0.44834274,0.36249885,-0.12384655,0.36666667,0.13505147,0.2760980427265167
TOX,1.8298814,1.4746974,-0.5124223,0.36666667,0.13505147,0.2760980427265167
RCN2,0.651205,0.54280335,-0.15639053,0.36666667,0.13505147,0.2760980427265167
SNX9,0.44138852,0.35811418,-0.12013947,0.36666667,0.13505147,0.2760980427265167
GALK2,0.5905134,0.47187546,-0.17115837,0.36666667,0.13505147,0.2760980427265167
ELP2,1.4814111,1.6595552,0.2570076,0.6333333,0.13505147,0.2760980427265167
ALG13,1.0821202,1.2983137,0.31190136,0.6333333,0.13505147,0.2760980427265167
AUTS2,0.314475,0.46186537,0.21263935,0.6333333,0.13505147,0.2760980427265167
DDX54,0.83996964,0.7228101,-0.1690255,0.36666667,0.13505147,0.2760980427265167
TRADD,0.82867265,0.67152625,-0.22671433,0.36666667,0.13505147,0.2760980427265167
SYNE2,3.2821012,3.0562594,-0.32582077,0.36666667,0.13505147,0.2760980427265167
MFN1,0.53007996,0.43443474,-0.13798688,0.36666667,0.13505147,0.2760980427265167
RNF138,1.3686416,1.1747211,-0.27976814,0.36666667,0.13505147,0.2760980427265167
PMS1,0.75035,0.617496,-0.19166778,0.36666667,0.13505147,0.2760980427265167
CSK,1.8780334,1.5115565,-0.5287144,0.36666667,0.13505147,0.2760980427265167
BFAR,0.7814295,0.6481493,-0.1922827,0.36666667,0.13505147,0.2760980427265167
LAPTM4A,1.2418686,1.137748,-0.15021428,0.36666667,0.13505147,0.2760980427265167
CXCL13,1.9075445,1.3354486,-0.8253599,0.36666667,0.13505147,0.2760980427265167
ARHGEF2,0.94579923,0.7848091,-0.23225965,0.36666667,0.13505147,0.2760980427265167
GMCL1,0.5805248,0.4945557,-0.12402718,0.36666667,0.13505147,0.2760980427265167
MON1B,0.8624636,0.7430261,-0.17231192,0.36666667,0.13505147,0.2760980427265167
MLKL,0.5688137,0.4962046,-0.10475274,0.36666667,0.13505147,0.2760980427265167
DDX19A,0.7785833,0.6491762,-0.186695,0.36666667,0.13505147,0.2760980427265167
MTND4P12,0.6584738,0.86614054,0.2995998,0.6333333,0.13505147,0.2760980427265167
ALDH16A1,0.42402497,0.33502898,-0.12839408,0.36666667,0.13505147,0.2760980427265167
YAF2,0.9147672,0.83177704,-0.119729504,0.36666667,0.13505147,0.2760980427265167
BET1L,0.92156196,0.8259036,-0.13800584,0.36666667,0.13505147,0.2760980427265167
PIP4K2C,0.73593074,0.6341141,-0.14689039,0.36666667,0.13505147,0.2760980427265167
NOL11,0.6864317,0.5699884,-0.16799213,0.36862746,0.1409305,0.2833575904369354
PCYT1A,0.6892975,0.57986736,-0.15787432,0.36862746,0.1409305,0.2833575904369354
DCAF16,0.83524907,0.7192222,-0.1673914,0.36862746,0.1409305,0.2833575904369354
POGLUT1,0.9010712,0.760745,-0.20244792,0.36862746,0.1409305,0.2833575904369354
LANCL1,0.54667187,0.43730283,-0.15778618,0.36862746,0.1409305,0.2833575904369354
PPIE,1.6436279,1.4235971,-0.31743732,0.36862746,0.1409305,0.2833575904369354
ABHD16A,0.8939899,0.73670596,-0.2269128,0.36862746,0.1409305,0.2833575904369354
VPRBP,0.7761355,0.6766835,-0.14347893,0.36862746,0.1409305,0.2833575904369354
RAB9A,0.9783362,0.80353045,-0.2521914,0.36862746,0.1409305,0.2833575904369354
KIDINS220,0.5195256,0.5777438,0.08399117,0.6313726,0.1409305,0.2833575904369354
ACOT13,0.6814596,0.5474179,-0.19338134,0.36862746,0.1409305,0.2833575904369354
ARFGEF1,0.67386645,0.7755355,0.14667746,0.6313726,0.1409305,0.2833575904369354
LDLRAD4,0.8462488,1.0454464,0.28738138,0.6313726,0.1409305,0.2833575904369354
GS1-251I9.4,0.45331433,0.525426,0.1040351,0.6313726,0.1409305,0.2833575904369354
C12orf10,0.7602031,0.5900602,-0.24546438,0.36862746,0.1409305,0.2833575904369354
PSMC1P5,0.74621874,0.60536265,-0.20321238,0.36862746,0.1409305,0.2833575904369354
CDK13,0.42955014,0.50224215,0.1048724,0.6313726,0.1409305,0.2833575904369354
TSPYL2,1.9666013,2.5495806,0.84106135,0.6313726,0.1409305,0.2833575904369354
STAU2,0.67844033,0.5500273,-0.18526083,0.36862746,0.1409305,0.2833575904369354
RP11-325F22.2,1.1288521,0.906995,-0.32007217,0.36862746,0.1409305,0.2833575904369354
NAA40,0.5778975,0.45494962,-0.17737629,0.36862746,0.1409305,0.2833575904369354
LYRM2,0.6611693,0.48807603,-0.24972078,0.36862746,0.1409305,0.2833575904369354
RNF126,0.5359075,0.4588895,-0.111113474,0.36862746,0.1409305,0.2833575904369354
DGCR2,0.76942146,0.64445984,-0.1802815,0.36862746,0.1409305,0.2833575904369354
LAX1,0.84778845,0.68109214,-0.24049194,0.36862746,0.1409305,0.2833575904369354
KHDRBS1,1.0591278,0.89194536,-0.24119328,0.36862746,0.1409305,0.2833575904369354
SELPLG,3.3244934,2.8782005,-0.6438645,0.36862746,0.1409305,0.2833575904369354
SIGIRR,1.6948303,1.4948438,-0.28851947,0.36862746,0.1409305,0.2833575904369354
RP11-770J1.5,0.69155365,0.59210795,-0.14346983,0.36862746,0.1409305,0.2833575904369354
SIKE1,0.8300918,0.71821606,-0.16140254,0.36862746,0.1409305,0.2833575904369354
INTS9,0.63764036,0.55596393,-0.11783417,0.36862746,0.1409305,0.2833575904369354
PLGLB1,0.33720854,0.44600987,0.15696715,0.6313726,0.1409305,0.2833575904369354
SDF4,0.86980134,0.76636195,-0.1492315,0.36862746,0.1409305,0.2833575904369354
BZW2,0.64765507,0.515726,-0.19033346,0.36862746,0.1409305,0.2833575904369354
TMSB4XP4,2.490986,2.3238072,-0.24118812,0.36862746,0.1409305,0.2833575904369354
HAUS1,0.6924332,0.5126255,-0.2594076,0.36862746,0.1409305,0.2833575904369354
DKC1,0.7316711,0.6166441,-0.1659489,0.36862746,0.1409305,0.2833575904369354
PEX14,0.3512565,0.28198582,-0.099936455,0.36862746,0.1409305,0.2833575904369354
GNAI2,1.0149424,0.90537584,-0.15807115,0.36862746,0.1409305,0.2833575904369354
ABCF2,0.55301464,0.4347809,-0.17057523,0.36862746,0.1409305,0.2833575904369354
KHSRP,0.38986638,0.31023672,-0.114881314,0.36862746,0.1409305,0.2833575904369354
CTD-2370N5.3,0.8474291,0.7549571,-0.13340892,0.36862746,0.1409305,0.2833575904369354
JARID2,0.8762745,0.78767186,-0.12782662,0.36862746,0.1409305,0.2833575904369354
NSMCE4A,0.6945593,0.5417649,-0.22043566,0.36862746,0.1409305,0.2833575904369354
RPL27,5.7427206,5.392561,-0.50517356,0.36862746,0.1409305,0.2833575904369354
NDUFS1,0.70653474,0.57076645,-0.19587225,0.36862746,0.1409305,0.2833575904369354
ECHDC1,0.79603887,0.68378294,-0.16195108,0.36862746,0.1409305,0.2833575904369354
HNRNPM,2.8583958,2.617572,-0.34743524,0.36862746,0.1409305,0.2833575904369354
SLFN12L,1.7798886,1.5148779,-0.38232964,0.36862746,0.1409305,0.2833575904369354
BCL9L,0.40845677,0.4996215,0.13152291,0.6313726,0.1409305,0.2833575904369354
ZNF92,0.6073012,0.47609082,-0.18929653,0.36862746,0.1409305,0.2833575904369354
EIF3D,2.5054414,2.2850926,-0.31789616,0.36862746,0.1409305,0.2833575904369354
PTPN23,0.3420916,0.3052051,-0.053215947,0.36862746,0.1409305,0.2833575904369354
AFG3L1P,0.5748673,0.47321442,-0.14665411,0.36862746,0.1409305,0.2833575904369354
ODF2,0.5419199,0.43493915,-0.15434058,0.36862746,0.1409305,0.2833575904369354
GPR89A,1.1895161,1.1014519,-0.12704977,0.36862746,0.1409305,0.2833575904369354
CUTA,2.426185,2.1467676,-0.40311393,0.37058824,0.14700432,0.2920377254486084
MORF4L1,2.9436035,2.7219896,-0.31972125,0.37058824,0.14700432,0.2920377254486084
FAM168A,0.3814972,0.32858178,-0.07634082,0.37058824,0.14700432,0.2920377254486084
YIPF1,0.63350505,0.5139003,-0.1725532,0.37058824,0.14700432,0.2920377254486084
BAZ2B,0.6075198,0.7638158,0.22548749,0.62941176,0.14700432,0.2920377254486084
KRR1,1.4231315,1.2278566,-0.28172204,0.37058824,0.14700432,0.2920377254486084
ATG5,0.99679273,0.86439216,-0.19101365,0.37058824,0.14700432,0.2920377254486084
FMNL1,1.1442134,1.0509,-0.13462286,0.37058824,0.14700432,0.2920377254486084
CHMP2B,0.6771385,0.58473253,-0.13331364,0.37058824,0.14700432,0.2920377254486084
IARS,1.5847867,1.3395444,-0.35380977,0.37058824,0.14700432,0.2920377254486084
AC016739.2,2.3979201,2.1568003,-0.34786242,0.37058824,0.14700432,0.2920377254486084
AGFG1,0.51697993,0.3782573,-0.20013444,0.37058824,0.14700432,0.2920377254486084
AUH,0.519994,0.3975607,-0.17663397,0.37058824,0.14700432,0.2920377254486084
RFX3,0.41176304,0.50205827,0.13026847,0.62941176,0.14700432,0.2920377254486084
MECP2,0.92636055,0.84486854,-0.11756811,0.37058824,0.14700432,0.2920377254486084
PIK3IP1,2.3434439,2.7047608,0.52127016,0.62941176,0.14700432,0.2920377254486084
EDC4,0.8089805,0.6831746,-0.18149957,0.37058824,0.14700432,0.2920377254486084
RPL23,5.27865,5.003334,-0.39719668,0.37058824,0.14700432,0.2920377254486084
MED27,0.5794808,0.44399688,-0.19546202,0.37058824,0.14700432,0.2920377254486084
AAGAB,0.8646234,0.7369073,-0.18425542,0.37058824,0.14700432,0.2920377254486084
LARP7,1.0799552,0.9070319,-0.24947563,0.37058824,0.14700432,0.2920377254486084
FAM193A,0.5308475,0.46414414,-0.09623259,0.37058824,0.14700432,0.2920377254486084
PDP1,0.5828679,0.4810396,-0.1469072,0.37058824,0.14700432,0.2920377254486084
SNAPIN,0.9300414,0.730843,-0.28738248,0.37058824,0.14700432,0.2920377254486084
MICU1,0.52917016,0.4222954,-0.1541877,0.37058824,0.14700432,0.2920377254486084
AP000347.2,0.3701359,0.42275327,0.07591082,0.62941176,0.14700432,0.2920377254486084
LATS1,1.1652284,1.0099928,-0.22395752,0.37058824,0.14700432,0.2920377254486084
PARP4,1.0835248,0.9193383,-0.23687111,0.37058824,0.14700432,0.2920377254486084
PTP4A2,2.3219147,2.0511093,-0.39068955,0.37058824,0.14700432,0.2920377254486084
N4BP2L1,0.9966087,0.8766873,-0.17300999,0.37058824,0.14700432,0.2920377254486084
ANAPC4,0.8143324,0.6648605,-0.21564242,0.37058824,0.14700432,0.2920377254486084
AP1G1,1.7787879,1.6114283,-0.24144885,0.37058824,0.14700432,0.2920377254486084
UBA5,0.5666684,0.4578783,-0.15695094,0.37058824,0.14700432,0.2920377254486084
HELZ2,0.52855265,0.3916715,-0.19747774,0.37058824,0.14700432,0.2920377254486084
UCHL5,1.1586318,0.92081404,-0.34309852,0.37058824,0.14700432,0.2920377254486084
CXXC1,1.0480806,0.87942255,-0.24332209,0.37058824,0.14700432,0.2920377254486084
FBXW7,0.6560337,0.6221082,-0.048944112,0.37058824,0.14700432,0.2920377254486084
CRTAM,2.1318617,1.6136259,-0.7476562,0.37058824,0.14700432,0.2920377254486084
AMPD2,0.48270229,0.60887593,0.1820301,0.62941176,0.14700432,0.2920377254486084
BZRAP1-AS1,0.41801363,0.32827637,-0.12946351,0.37058824,0.14700432,0.2920377254486084
SNORD3B-2,0.6421456,0.48762918,-0.22292005,0.37058824,0.14700432,0.2920377254486084
DDX3Y,1.1987615,1.6274332,0.61844254,0.627451,0.15303864,0.29952162504196167
SLC16A1,0.5537327,0.45703396,-0.13950677,0.37254903,0.15327632,0.29952162504196167
RNU1-28P,0.45063278,0.35358047,-0.14001688,0.37254903,0.15327632,0.29952162504196167
OXA1L,1.7177697,1.506182,-0.30525663,0.37254903,0.15327632,0.29952162504196167
RNU1-1,0.45063278,0.35358047,-0.14001688,0.37254903,0.15327632,0.29952162504196167
RNVU1-18,0.45063278,0.35358047,-0.14001688,0.37254903,0.15327632,0.29952162504196167
MACF1,2.747701,2.5347207,-0.30726558,0.37254903,0.15327632,0.29952162504196167
RTN3,1.0031383,0.8736801,-0.18676868,0.37254903,0.15327632,0.29952162504196167
KIAA0391,0.47348768,0.3811472,-0.13321914,0.37254903,0.15327632,0.29952162504196167
NSMCE1,0.9859619,0.8176353,-0.24284397,0.37254903,0.15327632,0.29952162504196167
TBC1D9B,1.0201433,0.8968481,-0.17787735,0.37254903,0.15327632,0.29952162504196167
PPP1R12A,2.390885,2.2206657,-0.24557471,0.37254903,0.15327632,0.29952162504196167
RP11-730G20.2,0.21446691,0.17759155,-0.05319991,0.37254903,0.15327632,0.29952162504196167
ARHGAP9,3.6932456,3.3934386,-0.43253016,0.37254903,0.15327632,0.29952162504196167
EYA3,1.0084747,0.8182013,-0.2745065,0.37254903,0.15327632,0.29952162504196167
USP10,1.6110115,1.4031366,-0.29990008,0.37254903,0.15327632,0.29952162504196167
FDX1,0.34976238,0.33383203,-0.022982644,0.37254903,0.15327632,0.29952162504196167
COPS7B,0.72152865,0.5730199,-0.2142528,0.37254903,0.15327632,0.29952162504196167
EIF2S3L,0.37359637,0.30441305,-0.09981043,0.37254903,0.15327632,0.29952162504196167
B3GAT3,1.0101722,0.8489119,-0.23264953,0.37254903,0.15327632,0.29952162504196167
ACBD5,0.5741577,0.49770617,-0.11029626,0.37254903,0.15327632,0.29952162504196167
RPRD2,0.9094371,0.78075844,-0.18564409,0.37254903,0.15327632,0.29952162504196167
DMTF1,1.6094098,1.4309018,-0.25753266,0.37254903,0.15327632,0.29952162504196167
TPM3P8,0.2967056,0.24992438,-0.06749105,0.37254903,0.15327632,0.29952162504196167
UNC50,0.8049994,0.66775036,-0.19800852,0.37254903,0.15327632,0.29952162504196167
COQ10B,1.5513269,1.3884495,-0.2349823,0.37254903,0.15327632,0.29952162504196167
VAPA,2.3668628,2.1293657,-0.34263587,0.37254903,0.15327632,0.29952162504196167
ZFR,1.5046676,1.3344076,-0.24563336,0.37254903,0.15327632,0.29952162504196167
C21orf59,0.8227722,0.70483243,-0.17015111,0.37254903,0.15327632,0.29952162504196167
SYTL1,1.209049,1.0607444,-0.21395828,0.37254903,0.15327632,0.29952162504196167
LAPTM5,5.581452,5.3337035,-0.35742536,0.37254903,0.15327632,0.29952162504196167
FCRL6,0.94853747,0.68650013,-0.37803996,0.37254903,0.15327632,0.29952162504196167
BTG2,2.7301378,3.131279,0.5787244,0.627451,0.15327632,0.29952162504196167
PCNX,0.83652186,0.9601762,0.17839554,0.627451,0.15327632,0.29952162504196167
RNU1-3,0.45063278,0.35358047,-0.14001688,0.37254903,0.15327632,0.29952162504196167
MEF2BNB,0.51649415,0.4458209,-0.10195996,0.37254903,0.15327632,0.29952162504196167
TARDBP,1.7414188,1.4909537,-0.36134484,0.37254903,0.15327632,0.29952162504196167
ZNF611,0.58302957,0.66013384,0.11123795,0.627451,0.15327632,0.29952162504196167
SUPT16H,1.4490223,1.2662878,-0.26363015,0.37254903,0.15327632,0.29952162504196167
GPR183,0.85879105,1.5500882,0.9973309,0.627451,0.15327632,0.29952162504196167
HAUS2,0.52470344,0.38294905,-0.20450835,0.37254903,0.15327632,0.29952162504196167
SLC39A9,0.7470834,0.60963595,-0.19829479,0.37254903,0.15327632,0.29952162504196167
MRPL32,0.80759335,0.6875683,-0.17315952,0.37254903,0.15327632,0.29952162504196167
RB1CC1,0.9840651,1.1357559,0.21884353,0.627451,0.15327632,0.29952162504196167
RP11-475C16.1,1.7691524,1.5569912,-0.3060839,0.37254903,0.15327632,0.29952162504196167
ARHGEF1,4.194857,4.3998494,0.29574138,0.627451,0.15327632,0.29952162504196167
CNOT4,1.0693551,0.921313,-0.21357967,0.37254903,0.15327632,0.29952162504196167
SDHC,1.3188138,1.0499859,-0.3878367,0.37254903,0.15327632,0.29952162504196167
CD200R1,0.83072346,0.68719965,-0.2070611,0.37254903,0.15327632,0.29952162504196167
INADL,0.41462278,0.4980645,0.12038093,0.627451,0.15327632,0.29952162504196167
ZDHHC6,0.89493805,0.7378107,-0.2266869,0.37254903,0.15327632,0.29952162504196167
CASS4,0.5042394,0.38283217,-0.17515358,0.37254903,0.15327632,0.29952162504196167
RP11-427H3.3,0.58231646,0.6496205,0.09709917,0.627451,0.15327632,0.29952162504196167
QSOX1,0.66470474,0.56964636,-0.13714026,0.37254903,0.15327632,0.29952162504196167
LTB,0.9631895,1.2411686,0.40103912,0.627451,0.15327632,0.29952162504196167
STAT5B,1.2482446,1.1591285,-0.12856735,0.37254903,0.15327632,0.29952162504196167
PLK3,0.75314534,1.0066388,0.36571372,0.627451,0.15327632,0.29952162504196167
IMPDH1P10,0.5015544,0.41879112,-0.11940222,0.3745098,0.15974979,0.3074991703033447
IFNAR2,0.96764094,0.83956754,-0.18477085,0.3745098,0.15974979,0.3074991703033447
SLC20A1,2.5964582,2.2686207,-0.47296947,0.3745098,0.15974979,0.3074991703033447
TUBA1B,3.356675,2.8420951,-0.7423817,0.3745098,0.15974979,0.3074991703033447
CKS2,1.5861846,1.2447379,-0.49260354,0.3745098,0.15974979,0.3074991703033447
DHRS4,0.5592421,0.4385836,-0.17407344,0.3745098,0.15974979,0.3074991703033447
TMEM14B,1.6485825,1.4536418,-0.28123996,0.3745098,0.15974979,0.3074991703033447
AGO3,1.1029372,0.96872675,-0.19362478,0.3745098,0.15974979,0.3074991703033447
LRRC37A3,0.6900931,0.59617347,-0.13549739,0.3745098,0.15974979,0.3074991703033447
PDE6B,0.395454,0.3266036,-0.09933013,0.3745098,0.15974979,0.3074991703033447
GPN1,0.93791807,0.8479574,-0.12978585,0.3745098,0.15974979,0.3074991703033447
EMB,3.2566156,2.9801948,-0.39879096,0.3745098,0.15974979,0.3074991703033447
CD3G,5.704607,5.4360166,-0.38749412,0.3745098,0.15974979,0.3074991703033447
CNOT8,1.449735,1.2383894,-0.30490735,0.3745098,0.15974979,0.3074991703033447
DFFA,0.551421,0.438826,-0.16244024,0.3745098,0.15974979,0.3074991703033447
TTLL5,0.8902947,0.76022685,-0.1876482,0.3745098,0.15974979,0.3074991703033447
DERL2,1.3881301,1.2022064,-0.26823118,0.3745098,0.15974979,0.3074991703033447
UBASH3A,1.2828484,1.0468116,-0.34052908,0.3745098,0.15974979,0.3074991703033447
HMGCS1,0.8534986,0.7001838,-0.22118646,0.3745098,0.15974979,0.3074991703033447
BRD8,1.3295362,1.1073686,-0.3205201,0.3745098,0.15974979,0.3074991703033447
RSRC1,1.0009404,0.83353364,-0.24151696,0.3745098,0.15974979,0.3074991703033447
SPIDR,1.1912005,1.0504866,-0.2030073,0.3745098,0.15974979,0.3074991703033447
RABGGTA,0.6842275,0.5821748,-0.147231,0.3745098,0.15974979,0.3074991703033447
CTDSP2,0.48870295,0.56127125,0.10469392,0.6254902,0.15974979,0.3074991703033447
DUSP1,5.1352487,5.3881626,0.3648777,0.6254902,0.15974979,0.3074991703033447
PABPN1,1.0091566,0.86314446,-0.21065097,0.3745098,0.15974979,0.3074991703033447
PI4KAP2,0.4160841,0.4900376,0.10669232,0.6254902,0.15974979,0.3074991703033447
IGSF8,0.6442337,0.5689882,-0.10855631,0.3745098,0.15974979,0.3074991703033447
NUP210,1.5421013,1.3517233,-0.27465734,0.3745098,0.15974979,0.3074991703033447
NBPF20,0.318702,0.37221366,0.077200994,0.6254902,0.15974979,0.3074991703033447
FAM102A,1.4283282,1.6432182,0.31002074,0.6254902,0.15974979,0.3074991703033447
EIF4A1P10,0.6646839,0.5775199,-0.12575105,0.3745098,0.15974979,0.3074991703033447
REST,0.8542592,0.7335099,-0.17420441,0.3745098,0.15974979,0.3074991703033447
TOR1AIP1,1.3017163,1.1179494,-0.26511967,0.3745098,0.15974979,0.3074991703033447
BAG6,0.94794875,0.802203,-0.21026668,0.3745098,0.15974979,0.3074991703033447
ST8SIA4,1.2457643,1.032828,-0.30720213,0.3745098,0.15974979,0.3074991703033447
ARL14EP,0.583871,0.4819446,-0.14704874,0.3745098,0.15974979,0.3074991703033447
AFTPH,0.87329406,0.7832621,-0.1298887,0.3745098,0.15974979,0.3074991703033447
GK,0.47473755,0.35196722,-0.17712016,0.3745098,0.15974979,0.3074991703033447
MRPL34,1.0436078,0.8818797,-0.2333244,0.3745098,0.15974979,0.3074991703033447
LENG8,1.9896355,1.7277387,-0.37783712,0.3745098,0.15974979,0.3074991703033447
TOPORS-AS1,0.5008295,0.4024848,-0.14188144,0.3745098,0.15974979,0.3074991703033447
FXR1,1.257416,1.1182315,-0.20080075,0.3745098,0.15974979,0.3074991703033447
UBA52,6.034268,5.64466,-0.5620854,0.3745098,0.15974979,0.3074991703033447
STAMBPL1,1.0523833,0.87962484,-0.24923778,0.3745098,0.15974979,0.3074991703033447
DDX59,0.5524419,0.4634449,-0.12839554,0.3745098,0.15974979,0.3074991703033447
KPNA5,0.40734926,0.45559093,0.06959803,0.6254902,0.15974979,0.3074991703033447
PHF5A,0.7842747,0.6479712,-0.19664437,0.3745098,0.15974979,0.3074991703033447
KLHL36,0.43466765,0.5032027,0.09887515,0.6254902,0.15974979,0.3074991703033447
RP5-827C21.1,0.29991287,0.23406136,-0.09500365,0.3745098,0.15974979,0.3074991703033447
SH2D3C,1.0280411,0.79541224,-0.33561254,0.3745098,0.15974979,0.3074991703033447
JPX,0.7968923,0.62407726,-0.24931937,0.3745098,0.15974979,0.3074991703033447
ZNF317,0.72903454,0.60549766,-0.17822605,0.3745098,0.15974979,0.3074991703033447
IWS1,0.97989714,0.81016266,-0.24487509,0.3764706,0.16642791,0.31606927514076233
PGM2,0.47749627,0.37711978,-0.14481266,0.3764706,0.16642791,0.31606927514076233
NINJ1,0.8421262,0.7099009,-0.19076075,0.3764706,0.16642791,0.31606927514076233
LRRFIP2,0.71472603,0.6305196,-0.12148416,0.3764706,0.16642791,0.31606927514076233
GGPS1,0.52006924,0.44498754,-0.108320005,0.3764706,0.16642791,0.31606927514076233
TSPYL4,0.6835908,0.79103726,0.15501243,0.62352943,0.16642791,0.31606927514076233
HAUS6,0.39968455,0.32426724,-0.10880418,0.3764706,0.16642791,0.31606927514076233
RCOR3,0.8822025,0.7259546,-0.22541809,0.3764706,0.16642791,0.31606927514076233
SIK3-IT1,0.5560634,0.48803508,-0.09814414,0.3764706,0.16642791,0.31606927514076233
LRPPRC,0.9083548,0.80191094,-0.15356606,0.3764706,0.16642791,0.31606927514076233
TACC1,1.235365,1.0479254,-0.2704183,0.3764706,0.16642791,0.31606927514076233
RPS7,6.1598916,5.9295654,-0.33229044,0.3764706,0.16642791,0.31606927514076233
XPC,0.8320873,0.9184236,0.12455697,0.62352943,0.16642791,0.31606927514076233
RABGAP1L,2.5434494,2.3022962,-0.34791058,0.3764706,0.16642791,0.31606927514076233
MRPS27,0.84732974,0.73914695,-0.15607478,0.3764706,0.16642791,0.31606927514076233
PLRG1,0.7988501,0.68064123,-0.17053938,0.3764706,0.16642791,0.31606927514076233
HERC3,1.6286427,1.4702928,-0.22845057,0.3764706,0.16642791,0.31606927514076233
RDH11,1.0733268,0.92371106,-0.21584992,0.3764706,0.16642791,0.31606927514076233
RPS15AP1,0.96623695,0.8307925,-0.19540505,0.3764706,0.16642791,0.31606927514076233
EXOC2,1.1874404,1.0268203,-0.23172581,0.3764706,0.16642791,0.31606927514076233
RPS4XP13,0.37695503,0.30980873,-0.09687164,0.3764706,0.16642791,0.31606927514076233
SCAF4,1.030873,0.8597517,-0.24687576,0.3764706,0.16642791,0.31606927514076233
SEC23A,0.88552874,0.77615505,-0.15779288,0.3764706,0.16642791,0.31606927514076233
NAF1,0.40303946,0.55380034,0.21750198,0.62352943,0.16642791,0.31606927514076233
PIM2,3.0186424,2.754591,-0.3809457,0.3764706,0.16642791,0.31606927514076233
ASF1A,0.78511846,0.7064903,-0.11343649,0.3764706,0.16642791,0.31606927514076233
THEMIS,1.6837552,1.5638449,-0.17299391,0.3764706,0.16642791,0.31606927514076233
PNRC2,2.5138862,2.2777462,-0.34067804,0.3764706,0.16642791,0.31606927514076233
FAM160B1,0.7813404,0.7037157,-0.11198883,0.3764706,0.16642791,0.31606927514076233
SLC35F5,0.7339739,0.6088664,-0.18049201,0.3764706,0.16642791,0.31606927514076233
NOP14-AS1,0.43520436,0.37819532,-0.08224666,0.3764706,0.16642791,0.31606927514076233
HAUS5,0.67417717,0.5668817,-0.15479462,0.3764706,0.16642791,0.31606927514076233
IRAK4,0.97550935,0.8582593,-0.16915603,0.3764706,0.16642791,0.31606927514076233
RNU1-4,0.44274628,0.35267043,-0.12995198,0.3764706,0.16642791,0.31606927514076233
RNU1-2,0.44274628,0.35267043,-0.12995198,0.3764706,0.16642791,0.31606927514076233
RNU1-27P,0.44274628,0.35267043,-0.12995198,0.3764706,0.16642791,0.31606927514076233
IL27RA,1.1436715,0.98658437,-0.22662885,0.3764706,0.16642791,0.31606927514076233
LPCAT4,0.37696436,0.31749657,-0.08579389,0.3764706,0.16642791,0.31606927514076233
QRICH1,1.4467127,1.3186787,-0.184714,0.3764706,0.16642791,0.31606927514076233
FOSB,2.8963602,3.2441049,0.50168955,0.62352943,0.16642791,0.31606927514076233
RPL14,5.8861084,5.6644382,-0.31980243,0.3764706,0.16642791,0.31606927514076233
SF3B3,1.614982,1.3832533,-0.3343138,0.3764706,0.16642791,0.31606927514076233
ADAT2,0.59898895,0.47748533,-0.17529267,0.3764706,0.16642791,0.31606927514076233
FAM192A,1.5556338,1.3963331,-0.22982231,0.3764706,0.16642791,0.31606927514076233
NOL7,1.3108801,1.163588,-0.21249746,0.3764706,0.16642791,0.31606927514076233
TUBGCP6,1.4575112,1.2869518,-0.24606521,0.3764706,0.16642791,0.31606927514076233
BRAT1,0.7272988,0.6176735,-0.15815584,0.3764706,0.16642791,0.31606927514076233
SIK1,0.8011068,1.0538187,0.3645862,0.62352943,0.16642791,0.31606927514076233
KCNK5,0.5607319,0.4447229,-0.16736561,0.37745097,0.16983229,0.3223550319671631
PDE7B,0.42500952,0.30754134,-0.16947076,0.37745097,0.16983229,0.3223550319671631
CTD-2636A23.2,0.82013434,0.6325743,-0.2705919,0.37843138,0.17331375,0.32408958673477173
CYB561A3,0.78302443,0.6246657,-0.22846338,0.37843138,0.17331375,0.32408958673477173
LMBR1L,0.61625975,0.6947837,0.11328609,0.6215686,0.17331375,0.32408958673477173
GAK,1.8077725,1.6156015,-0.27724412,0.37843138,0.17331375,0.32408958673477173
YWHAZP3,2.872525,2.7288964,-0.20721227,0.37843138,0.17331375,0.32408958673477173
UPP1,0.9675653,0.8174453,-0.21657741,0.37843138,0.17331375,0.32408958673477173
RP11-894P9.1,0.702059,0.8277106,0.18127702,0.6215686,0.17331375,0.32408958673477173
LIN54,0.5477548,0.4303468,-0.16938399,0.37843138,0.17331375,0.32408958673477173
KBTBD2,1.3587396,1.1726605,-0.26845545,0.37843138,0.17331375,0.32408958673477173
ARAP1-AS1,0.65459746,0.56503737,-0.1292079,0.37843138,0.17331375,0.32408958673477173
STARD9,0.45290864,0.3884724,-0.092961825,0.37843138,0.17331375,0.32408958673477173
NLRP1,1.44363,1.6141325,0.24598317,0.6215686,0.17331375,0.32408958673477173
RP3-417G15.1,1.0121858,0.90877116,-0.1491958,0.37843138,0.17331375,0.32408958673477173
RP5-857K21.7,0.32844374,0.30676994,-0.031268682,0.37843138,0.17331375,0.32408958673477173
SUCLG2,1.1370931,0.9677733,-0.24427676,0.37843138,0.17331375,0.32408958673477173
NUTM2A-AS1,1.5883048,1.3891505,-0.28731886,0.37843138,0.17331375,0.32408958673477173
COX11,0.5640641,0.4765381,-0.12627332,0.37843138,0.17331375,0.32408958673477173
MBNL1,4.916829,4.6829205,-0.33745885,0.37843138,0.17331375,0.32408958673477173
GMDS,0.9318564,0.76739556,-0.23726684,0.37843138,0.17331375,0.32408958673477173
IKBKB,0.9620809,0.8381578,-0.17878327,0.37843138,0.17331375,0.32408958673477173
ATP8B4,0.5299152,0.38726553,-0.20579998,0.37843138,0.17331375,0.32408958673477173
SLC9A8,0.7276925,0.61794645,-0.15833007,0.37843138,0.17331375,0.32408958673477173
HSD17B11,0.9631584,0.8359655,-0.18350059,0.37843138,0.17331375,0.32408958673477173
MAN2B1,1.0188127,0.8932515,-0.18114649,0.37843138,0.17331375,0.32408958673477173
AC024560.3,0.45140883,0.5229417,0.10320012,0.6215686,0.17331375,0.32408958673477173
CD27-AS1,0.5518157,0.4781662,-0.106253766,0.37843138,0.17331375,0.32408958673477173
DNMT3A,0.64119184,0.5305622,-0.1596048,0.37843138,0.17331375,0.32408958673477173
HOOK3,0.61971873,0.5526172,-0.096807055,0.37843138,0.17331375,0.32408958673477173
HGSNAT,0.4638972,0.5744984,0.15956382,0.6215686,0.17331375,0.32408958673477173
TRIM27,0.9361169,0.7768516,-0.22977123,0.37843138,0.17331375,0.32408958673477173
NTRK1,0.4498215,0.38300475,-0.09639619,0.37843138,0.17331375,0.32408958673477173
ABCF1,1.1212498,1.007829,-0.16363169,0.37843138,0.17331375,0.32408958673477173
MESDC2,0.9181127,0.7871762,-0.18890144,0.37843138,0.17331375,0.32408958673477173
PTBP3,1.6186831,1.4036719,-0.31019565,0.37843138,0.17331375,0.32408958673477173
FKBP15,0.47134858,0.3820081,-0.12889107,0.37843138,0.17331375,0.32408958673477173
LRCH4,0.57203454,0.6563026,0.121573076,0.6215686,0.17331375,0.32408958673477173
CPSF7,1.0330867,0.89965755,-0.19249752,0.37843138,0.17331375,0.32408958673477173
ATF3,0.7738717,0.5993939,-0.25171828,0.37843138,0.17331375,0.32408958673477173
NT5DC1,0.6694066,0.5793806,-0.1298801,0.37843138,0.17331375,0.32408958673477173
CHD1L,0.6574868,0.5457257,-0.16123718,0.37843138,0.17331375,0.32408958673477173
KRI1,0.72658694,0.59602857,-0.18835591,0.37843138,0.17331375,0.32408958673477173
CCND2,2.5155613,2.2488172,-0.38483045,0.37843138,0.17331375,0.32408958673477173
IBTK,0.43345615,0.35400882,-0.114618264,0.37843138,0.17331375,0.32408958673477173
IFRD1,2.4061987,2.8642893,0.660885,0.6215686,0.17331375,0.32408958673477173
CC2D1B,0.63450587,0.5740485,-0.08722152,0.37843138,0.17331375,0.32408958673477173
MAP2K2,1.4736956,1.3150518,-0.22887468,0.37843138,0.17331375,0.32408958673477173
MRPS21,1.3813984,1.1676604,-0.30835888,0.37843138,0.17331375,0.32408958673477173
BBX,1.396712,1.6494942,0.36468765,0.6215686,0.17331375,0.32408958673477173
VEZF1,0.9213582,0.79485506,-0.18250549,0.37843138,0.17331375,0.32408958673477173
RP11-204C16.4,2.707231,2.5749352,-0.19086257,0.37843138,0.17331375,0.32408958673477173
PHF3,1.1290702,1.2506948,0.1754672,0.6215686,0.17331375,0.32408958673477173
HNRNPH2,1.310717,1.1482539,-0.23438466,0.37843138,0.17331375,0.32408958673477173
GBAS,0.72468984,0.5915953,-0.19201484,0.37843138,0.17331375,0.32408958673477173
TC2N,1.7868245,2.0480704,0.37689826,0.6215686,0.17331375,0.32408958673477173
ASXL1,0.9411833,0.8421022,-0.14294381,0.38039216,0.18041037,0.3323451578617096
PHKG2,1.0053288,0.8768661,-0.18533246,0.38039216,0.18041037,0.3323451578617096
SUPT4H1,0.9462957,0.8292262,-0.16889556,0.38039216,0.18041037,0.3323451578617096
C12orf23,0.7495214,0.6386558,-0.15994523,0.38039216,0.18041037,0.3323451578617096
C19orf43,1.1879077,1.0283748,-0.23015733,0.38039216,0.18041037,0.3323451578617096
NAMPTL,1.0225792,0.8286471,-0.2797849,0.38039216,0.18041037,0.3323451578617096
GRHPR,0.86399066,0.6519339,-0.30593324,0.38039216,0.18041037,0.3323451578617096
EIF4A1,4.8801465,4.6394315,-0.3472784,0.38039216,0.18041037,0.3323451578617096
HSPA5,3.359812,3.0189097,-0.4918181,0.38039216,0.18041037,0.3323451578617096
PIM3,0.8495461,0.71577424,-0.19299197,0.38039216,0.18041037,0.3323451578617096
CD8BP,1.177791,0.9618197,-0.31158072,0.38039216,0.18041037,0.3323451578617096
UBAP2L,1.6513747,1.4881316,-0.23550995,0.38039216,0.18041037,0.3323451578617096
RPL19P12,0.29788476,0.25591972,-0.06054275,0.38039216,0.18041037,0.3323451578617096
SLC11A2,0.53389573,0.446089,-0.12667833,0.38039216,0.18041037,0.3323451578617096
FAM111A,1.241842,1.0889584,-0.22056448,0.38039216,0.18041037,0.3323451578617096
CNOT10,0.8024172,0.682515,-0.1729823,0.38039216,0.18041037,0.3323451578617096
EFCAB14,1.7420179,1.5073398,-0.33856884,0.38039216,0.18041037,0.3323451578617096
EIF4EBP2,1.2930278,1.1306809,-0.23421697,0.38039216,0.18041037,0.3323451578617096
NPM1P39,0.5131575,0.45789838,-0.07972204,0.38039216,0.18041037,0.3323451578617096
RPL41,8.160877,8.1663885,0.007951102,0.61960787,0.18041037,0.3323451578617096
UPF2,0.9742977,0.8379157,-0.19675761,0.38039216,0.18041037,0.3323451578617096
RPL21,7.1538076,7.2156963,0.08928651,0.61960787,0.18041037,0.3323451578617096
RGPD2,0.5932062,0.743171,0.2163534,0.61960787,0.18041037,0.3323451578617096
MMGT1,0.5047661,0.44265395,-0.08960889,0.38039216,0.18041037,0.3323451578617096
C7orf49,0.7331585,0.58270574,-0.2170575,0.38039216,0.18041037,0.3323451578617096
CAPN7,0.5479909,0.61702746,0.099598676,0.61960787,0.18041037,0.3323451578617096
CMAHP,0.6009197,0.4961493,-0.15115176,0.38039216,0.18041037,0.3323451578617096
C3orf38,0.56964266,0.49527335,-0.107292235,0.38039216,0.18041037,0.3323451578617096
NOP58,3.4765499,3.247978,-0.32975954,0.38039216,0.18041037,0.3323451578617096
SEH1L,0.53979665,0.39959455,-0.20226888,0.38039216,0.18041037,0.3323451578617096
DGKZ,1.2561034,1.0697,-0.26892325,0.38039216,0.18041037,0.3323451578617096
RP11-1094M14.5,0.5017959,0.43072045,-0.10254018,0.38039216,0.18041037,0.3323451578617096
ZNF121,0.93045264,0.81559575,-0.16570348,0.38039216,0.18041037,0.3323451578617096
GRSF1,1.2699734,1.138229,-0.19006696,0.38039216,0.18041037,0.3323451578617096
RP5-821D11.7,0.4132114,0.31799197,-0.1373726,0.38039216,0.18041037,0.3323451578617096
CS,2.0873451,1.7801337,-0.44321236,0.38039216,0.18041037,0.3323451578617096
CD84,2.0633843,1.7233201,-0.4906089,0.38039216,0.18041037,0.3323451578617096
AC005154.6,0.7172319,0.8323238,0.16604246,0.61960787,0.18041037,0.3323451578617096
DNM2,1.5853922,1.4128247,-0.24896225,0.38039216,0.18041037,0.3323451578617096
NAP1L4,2.9631493,2.7211897,-0.3490739,0.38039216,0.18041037,0.3323451578617096
RPS11P5,0.6353933,0.5325707,-0.14834166,0.38039216,0.18041037,0.3323451578617096
GPR108,1.2072906,1.029329,-0.25674447,0.38039216,0.18041037,0.3323451578617096
CNTRL,1.4984248,1.2602191,-0.34365815,0.38039216,0.18041037,0.3323451578617096
SNHG1,2.3070264,2.6028118,0.42672816,0.61960787,0.18041037,0.3323451578617096
TRAF5,2.1178405,1.7285497,-0.5616279,0.38039216,0.18041037,0.3323451578617096
CHIC2,1.4401698,1.3676766,-0.10458557,0.38039216,0.18041037,0.3323451578617096
MED15,2.782196,2.5662758,-0.31150702,0.38039216,0.18041037,0.3323451578617096
ZNF43,0.40311438,0.3139975,-0.12856847,0.38039216,0.18041037,0.3323451578617096
VASP,0.5686625,0.49190718,-0.11073455,0.38039216,0.18041037,0.3323451578617096
AGPAT5,0.42880934,0.34823844,-0.11623925,0.38039216,0.18041037,0.3323451578617096
PSIP1,1.0789607,1.2660195,0.26986882,0.61960787,0.18041037,0.3323451578617096
TOLLIP,0.74785095,0.65092695,-0.13983178,0.38039216,0.18041037,0.3323451578617096
SRSF7,4.51262,4.2049756,-0.443837,0.38039216,0.18041037,0.3323451578617096
AMICA1,1.8075465,2.1675222,0.51933515,0.61960787,0.18041037,0.3323451578617096
MDC1,0.44446504,0.34694228,-0.14069562,0.38039216,0.18041037,0.3323451578617096
KIR2DL4,0.84697795,0.41310608,-0.6259448,0.38235295,0.18766956,0.3418390452861786
GIMAP7,2.9222856,2.5056987,-0.6010078,0.38235295,0.1877206,0.3418390452861786
RPTOR,0.44233707,0.4085851,-0.04869379,0.38235295,0.1877206,0.3418390452861786
TRIM28,0.8047065,0.6936955,-0.16015506,0.38235295,0.1877206,0.3418390452861786
CTC-487M23.8,0.41850886,0.35134476,-0.096897304,0.38235295,0.1877206,0.3418390452861786
RP11-252A24.7,1.1590286,1.0661392,-0.13401112,0.38235295,0.1877206,0.3418390452861786
RGPD3,0.16318753,0.20836055,0.06517089,0.61764705,0.1877206,0.3418390452861786
HLA-E,6.96673,6.878314,-0.12755747,0.38235295,0.1877206,0.3418390452861786
GIMAP2,1.2396214,0.9899338,-0.36022308,0.38235295,0.1877206,0.3418390452861786
CCDC84,0.7415124,0.6459911,-0.13780814,0.38235295,0.1877206,0.3418390452861786
OXNAD1,1.6327566,1.8504758,0.3141024,0.61764705,0.1877206,0.3418390452861786
CHMP7,0.961632,0.84821856,-0.16362102,0.38235295,0.1877206,0.3418390452861786
MTO1,0.60908246,0.5208048,-0.1273577,0.38235295,0.1877206,0.3418390452861786
SNRNP70,0.46687123,0.5545789,0.12653542,0.61764705,0.1877206,0.3418390452861786
ZNF506,0.7422167,0.8550922,0.16284496,0.61764705,0.1877206,0.3418390452861786
ATL3,0.7428841,0.61811984,-0.17999679,0.38235295,0.1877206,0.3418390452861786
SAMHD1,1.3785173,1.1629686,-0.31097093,0.38235295,0.1877206,0.3418390452861786
MT-ND4L,8.658446,8.797026,0.19992776,0.61764705,0.1877206,0.3418390452861786
NUP188,1.1100104,0.9537206,-0.22547846,0.38235295,0.1877206,0.3418390452861786
MBOAT1,0.8592042,1.044815,0.26777974,0.61764705,0.1877206,0.3418390452861786
NBPF11,0.9409239,1.0414764,0.1450665,0.61764705,0.1877206,0.3418390452861786
RPS15,6.9315877,6.585846,-0.4987999,0.38235295,0.1877206,0.3418390452861786
ZNF562,0.52964395,0.44829774,-0.117357776,0.38235295,0.1877206,0.3418390452861786
DNTTIP2,1.408076,1.367617,-0.05837005,0.38235295,0.1877206,0.3418390452861786
SAMD8,0.4643116,0.42372414,-0.05855532,0.38235295,0.1877206,0.3418390452861786
XPOT,0.6843077,0.5949346,-0.12893814,0.38235295,0.1877206,0.3418390452861786
ATP6V0A2,0.56550026,0.4566387,-0.15705404,0.38235295,0.1877206,0.3418390452861786
POLR1A,0.47863182,0.3890218,-0.12927991,0.38235295,0.1877206,0.3418390452861786
SERINC3,1.9491699,1.7914066,-0.22760424,0.38235295,0.1877206,0.3418390452861786
EPRS,0.96703583,0.8086909,-0.22844344,0.38235295,0.1877206,0.3418390452861786
UBQLN1,1.0622047,0.9467912,-0.16650654,0.38235295,0.1877206,0.3418390452861786
MT-CO1,8.209552,8.346226,0.1971788,0.61764705,0.1877206,0.3418390452861786
CBLL1,0.89190125,0.78369373,-0.15611045,0.38235295,0.1877206,0.3418390452861786
NIPSNAP1,0.7527141,0.6224048,-0.18799655,0.38235295,0.1877206,0.3418390452861786
ADAM17,0.5609909,0.48341712,-0.11191534,0.38235295,0.1877206,0.3418390452861786
LYSMD2,0.5297085,0.44937292,-0.11589976,0.38235295,0.1877206,0.3418390452861786
SNHG8,1.6451604,1.9391888,0.42419332,0.61764705,0.1877206,0.3418390452861786
FCHSD2,0.41387185,0.34432417,-0.1003361,0.38235295,0.1877206,0.3418390452861786
RALBP1,0.43223807,0.3922949,-0.057625797,0.38235295,0.1877206,0.3418390452861786
MORC3,0.8170317,0.73247755,-0.12198583,0.38235295,0.1877206,0.3418390452861786
RP11-1094M14.8,0.7203242,0.6226391,-0.1409298,0.38235295,0.1877206,0.3418390452861786
BRE,1.3383377,1.1903611,-0.21348499,0.38235295,0.1877206,0.3418390452861786
TMTC3,0.39265814,0.3409545,-0.074592575,0.38235295,0.1877206,0.3418390452861786
GEM,0.8751898,0.6143014,-0.3763824,0.38333333,0.19144382,0.34852591156959534
NPIPB4,5.4043903,5.549323,0.20909375,0.6156863,0.19524717,0.3502117693424225
HIVEP1,0.61131734,0.5058224,-0.15219699,0.38431373,0.19524717,0.3502117693424225
PHIP,1.2359321,1.1330023,-0.14849636,0.38431373,0.19524717,0.3502117693424225
GNB1,1.2291297,1.0481739,-0.261064,0.38431373,0.19524717,0.3502117693424225
INPPL1,0.5933822,0.5111146,-0.11868703,0.38431373,0.19524717,0.3502117693424225
UBN1,0.44590312,0.39596435,-0.072046414,0.38431373,0.19524717,0.3502117693424225
MANBA,0.47993883,0.4456073,-0.04952993,0.38431373,0.19524717,0.3502117693424225
RP5-1142A6.5,0.383089,0.3352797,-0.06897424,0.38431373,0.19524717,0.3502117693424225
DICER1,0.4866695,0.39130524,-0.13758156,0.38431373,0.19524717,0.3502117693424225
GPRIN3,1.582905,1.3847557,-0.28586903,0.38431373,0.19524717,0.3502117693424225
HDAC3,0.95083445,0.8046193,-0.21094386,0.38431373,0.19524717,0.3502117693424225
RPS3AP26,2.3508446,2.5327783,0.26247478,0.6156863,0.19524717,0.3502117693424225
SEPT7P2,0.55832314,0.59967804,0.059662502,0.6156863,0.19524717,0.3502117693424225
FTH1,6.595608,6.3793926,-0.3119332,0.38431373,0.19524717,0.3502117693424225
CCDC53,1.1227252,0.9245365,-0.2859259,0.38431373,0.19524717,0.3502117693424225
CTD-2313F11.1,0.7285441,0.61378217,-0.16556649,0.38431373,0.19524717,0.3502117693424225
TCOF1,0.86816806,0.7501165,-0.17031236,0.38431373,0.19524717,0.3502117693424225
FAM178A,0.6586699,0.5366388,-0.17605366,0.38431373,0.19524717,0.3502117693424225
PCNT,0.7812578,0.6690551,-0.16187428,0.38431373,0.19524717,0.3502117693424225
RP1-228H13.1,0.28660023,0.3224589,0.051733114,0.6156863,0.19524717,0.3502117693424225
SH2B1,0.2789637,0.33402753,0.07944029,0.6156863,0.19524717,0.3502117693424225
LINS,0.6669193,0.5337876,-0.19206841,0.38431373,0.19524717,0.3502117693424225
TRIP4,0.5769422,0.48792452,-0.12842537,0.38431373,0.19524717,0.3502117693424225
LINC00612,0.9023065,0.65705866,-0.35381785,0.38431373,0.19524717,0.3502117693424225
FKBP11,1.0610547,0.86351115,-0.2849951,0.38431373,0.19524717,0.3502117693424225
LRRC40,0.52456224,0.43583572,-0.12800531,0.38431373,0.19524717,0.3502117693424225
ZNF655,2.0781453,1.9071416,-0.24670619,0.38431373,0.19524717,0.3502117693424225
PREP,0.74674773,0.6398689,-0.15419354,0.38431373,0.19524717,0.3502117693424225
SS18,1.3988065,1.2698163,-0.18609348,0.38431373,0.19524717,0.3502117693424225
ZC3H11A,1.3085418,1.2053201,-0.14891736,0.38431373,0.19524717,0.3502117693424225
JUNB,5.532599,5.7241626,0.27636787,0.6156863,0.19524717,0.3502117693424225
XYLT2,0.5602772,0.46401468,-0.1388775,0.38431373,0.19524717,0.3502117693424225
ARF4,1.4477657,1.3269435,-0.17430958,0.38431373,0.19524717,0.3502117693424225
SLTM,2.2304087,2.0598905,-0.2460057,0.38431373,0.19524717,0.3502117693424225
RABEP1,1.0284339,0.91918296,-0.15761583,0.38431373,0.19524717,0.3502117693424225
NGDN,1.262345,1.1378325,-0.17963347,0.38431373,0.19524717,0.3502117693424225
DDX60L,0.7518347,0.60969806,-0.20505981,0.38431373,0.19524717,0.3502117693424225
COPA,1.9014957,1.7484741,-0.22076346,0.38431373,0.19524717,0.3502117693424225
MYO9A,0.44954887,0.5235492,0.106759906,0.6156863,0.19524717,0.3502117693424225
GLTP,0.9023179,0.7954558,-0.15416938,0.38431373,0.19524717,0.3502117693424225
ZNF431,0.47324732,0.39670348,-0.11042941,0.38431373,0.19524717,0.3502117693424225
FKBP4,0.82578886,0.8247341,-0.0015217025,0.38431373,0.19524717,0.3502117693424225
GATA3,1.2779452,1.1645362,-0.1636145,0.38431373,0.19524717,0.3502117693424225
RP11-353N4.6,1.7862511,1.9808398,0.28073227,0.6156863,0.19524717,0.3502117693424225
PAIP1,0.6946096,0.6415199,-0.076592214,0.38431373,0.19524717,0.3502117693424225
WDR61,0.95682704,0.82842964,-0.1852383,0.38431373,0.19524717,0.3502117693424225
PI4KA,1.1123867,1.0146843,-0.14095475,0.38431373,0.19524717,0.3502117693424225
TNPO1,0.8507782,0.7636303,-0.12572792,0.38431373,0.19524717,0.3502117693424225
TTL,0.27990645,0.2311541,-0.07033478,0.38431373,0.19524717,0.3502117693424225
DUSP22,0.5170954,0.41596782,-0.14589624,0.38431373,0.19524717,0.3502117693424225
KLRK1,5.7585382,5.5744376,-0.26560107,0.38431373,0.19524717,0.3502117693424225
TRA2A,4.512318,4.257886,-0.36706808,0.38431373,0.19524717,0.3502117693424225
IRF2BP2,0.77271825,0.9017846,0.18620338,0.6156863,0.19524717,0.3502117693424225
AMFR,0.55096513,0.50231916,-0.0701813,0.38431373,0.19524717,0.3502117693424225
METTL23,1.3311346,1.147822,-0.26446408,0.38431373,0.19524717,0.3502117693424225
RP11-514P8.6,0.2562218,0.3075886,0.07410663,0.6156863,0.19524717,0.3502117693424225
DPYD,0.8583735,1.0011008,0.2059119,0.6137255,0.20299271,0.35928285121917725
TUBGCP2,1.0139489,0.8719687,-0.20483418,0.38627452,0.20299271,0.35928285121917725
CYP51A1,1.0087372,0.8623697,-0.21116365,0.38627452,0.20299271,0.35928285121917725
FYN,4.7569776,4.5419717,-0.3101879,0.38627452,0.20299271,0.35928285121917725
SNORD3B-1,0.7842162,0.557056,-0.3277229,0.38627452,0.20299271,0.35928285121917725
PWP1,1.2187527,1.014043,-0.29533377,0.38627452,0.20299271,0.35928285121917725
NBPF16,0.8410876,0.954407,0.16348533,0.6137255,0.20299271,0.35928285121917725
IFITM3,1.6365699,1.21233,-0.61204875,0.38627452,0.20299271,0.35928285121917725
ATHL1,1.4255538,1.632151,0.29805678,0.6137255,0.20299271,0.35928285121917725
CHD8,0.8419357,0.7436258,-0.14183117,0.38627452,0.20299271,0.35928285121917725
C19orf25,0.7401258,0.67509794,-0.093815334,0.38627452,0.20299271,0.35928285121917725
UFM1,1.49317,1.3348739,-0.228373,0.38627452,0.20299271,0.35928285121917725
RSRC2,2.2896922,2.1635008,-0.18205567,0.38627452,0.20299271,0.35928285121917725
FIS1,1.4947592,1.3040415,-0.27514747,0.38627452,0.20299271,0.35928285121917725
ADRBK1,1.858268,1.6613451,-0.2840997,0.38627452,0.20299271,0.35928285121917725
RP4-717I23.3,1.0464126,1.2729644,0.3268451,0.6137255,0.20299271,0.35928285121917725
DFNB31,1.036062,0.8124987,-0.3225337,0.38627452,0.20299271,0.35928285121917725
NSRP1,0.91325927,0.7766602,-0.19707079,0.38627452,0.20299271,0.35928285121917725
EMR2,0.5656067,0.47060725,-0.13705525,0.38627452,0.20299271,0.35928285121917725
KPNA2,1.5765527,1.346224,-0.33229423,0.38627452,0.20299271,0.35928285121917725
ANKRD36B,1.7480445,1.846942,0.14267887,0.6137255,0.20299271,0.35928285121917725
HMGXB3,0.6839231,0.5542494,-0.18707964,0.38627452,0.20299271,0.35928285121917725
XAB2,0.4902244,0.41274157,-0.11178408,0.38627452,0.20299271,0.35928285121917725
SKIV2L2,0.7104085,0.5821629,-0.18501928,0.38627452,0.20299271,0.35928285121917725
CSTF2T,0.54283863,0.43505058,-0.1555053,0.38627452,0.20299271,0.35928285121917725
GTPBP1,1.6945103,1.5197616,-0.2521092,0.38627452,0.20299271,0.35928285121917725
CAST,1.866497,1.7046862,-0.23344375,0.38627452,0.20299271,0.35928285121917725
EP300,0.9332443,0.87040985,-0.09065094,0.38627452,0.20299271,0.35928285121917725
BIN3,0.51666,0.42745838,-0.1286907,0.38627452,0.20299271,0.35928285121917725
DIABLO,1.1709226,1.0399498,-0.18895389,0.38627452,0.20299271,0.35928285121917725
THAP9-AS1,0.6628284,0.80208427,0.20090377,0.6137255,0.20299271,0.35928285121917725
SCAMP3,1.3471731,1.1539091,-0.27882102,0.38627452,0.20299271,0.35928285121917725
ARL2,0.818339,0.66071475,-0.22740372,0.38627452,0.20299271,0.35928285121917725
TMEM194B,0.41500422,0.35393688,-0.08810155,0.38627452,0.20299271,0.35928285121917725
BTF3L4,1.0236894,0.86834234,-0.22411841,0.38627452,0.20299271,0.35928285121917725
TPP2,1.4678324,1.30064,-0.24120773,0.38627452,0.20299271,0.35928285121917725
CIAO1,1.4249508,1.2081481,-0.3127802,0.38627452,0.20299271,0.35928285121917725
IDI1,2.0299573,1.7700036,-0.37503397,0.38627452,0.20299271,0.35928285121917725
EP400,0.41425294,0.45779663,0.06282028,0.6137255,0.20299271,0.35928285121917725
BTG1,3.30973,3.6316004,0.4643607,0.6137255,0.20299271,0.35928285121917725
GVINP1,0.9808186,0.85692036,-0.17874742,0.38627452,0.20299271,0.35928285121917725
DDX49,0.59074914,0.53710914,-0.07738617,0.38627452,0.20299271,0.35928285121917725
MT-ND1,7.135898,7.272351,0.1968596,0.6137255,0.20299271,0.35928285121917725
AKAP13,3.7625656,3.4806538,-0.40671283,0.38627452,0.20299271,0.35928285121917725
LIMD1,0.39259022,0.31800753,-0.107600085,0.38627452,0.20299271,0.35928285121917725
PTCD3,1.0411631,0.917662,-0.17817438,0.38627452,0.20299271,0.35928285121917725
MOB4,1.1715034,1.0945412,-0.11103303,0.38627452,0.20299271,0.35928285121917725
AUP1,2.4159803,2.2145176,-0.2906493,0.38627452,0.20299271,0.35928285121917725
RP11-234N17.1,0.6254087,0.57564265,-0.07179725,0.38627452,0.20299271,0.35928285121917725
AARS,0.5570631,0.47209263,-0.12258648,0.38627452,0.20299271,0.35928285121917725
UBXN11,1.3275923,1.2120998,-0.1666204,0.38627452,0.20299271,0.35928285121917725
MAX,1.6454207,1.5257617,-0.17263137,0.3882353,0.21095964,0.36926063895225525
HECTD3,0.5191747,0.43788636,-0.117274284,0.3882353,0.21095964,0.36926063895225525
ZNF37A,0.43357986,0.36626524,-0.09711447,0.3882353,0.21095964,0.36926063895225525
RPL39P3,1.5284907,1.4499946,-0.113245934,0.3882353,0.21095964,0.36926063895225525
TNFRSF25,0.72581285,0.91881883,0.27844876,0.6117647,0.21095964,0.36926063895225525
RABGEF1,0.6041621,0.55700654,-0.06803109,0.3882353,0.21095964,0.36926063895225525
PPM1B,0.68354607,0.61286247,-0.101974875,0.3882353,0.21095964,0.36926063895225525
MYEOV2,0.70225453,0.5902372,-0.16160685,0.3882353,0.21095964,0.36926063895225525
COPS8,0.93516666,0.77540284,-0.23049046,0.3882353,0.21095964,0.36926063895225525
TCF25,2.4679782,2.2613528,-0.29809752,0.3882353,0.21095964,0.36926063895225525
NKIRAS2,0.48496696,0.41208276,-0.10514968,0.3882353,0.21095964,0.36926063895225525
ATP8A1,0.99375623,1.1507887,0.22654991,0.6117647,0.21095964,0.36926063895225525
NDEL1,1.3297857,1.519305,0.27341855,0.6117647,0.21095964,0.36926063895225525
SEPT7P6,0.15410665,0.12520517,-0.041696012,0.3882353,0.21095964,0.36926063895225525
RP11-254B13.1,0.3614706,0.3188161,-0.061537456,0.3882353,0.21095964,0.36926063895225525
TRAPPC6B,0.49832237,0.4297999,-0.098857,0.3882353,0.21095964,0.36926063895225525
RASAL3,1.4522265,1.2923783,-0.23061222,0.3882353,0.21095964,0.36926063895225525
HNRNPH3,2.2763176,2.0610516,-0.31056318,0.3882353,0.21095964,0.36926063895225525
TAF13,1.0819005,0.93650496,-0.2097614,0.3882353,0.21095964,0.36926063895225525
CERS2,1.1404411,1.0032761,-0.1978872,0.3882353,0.21095964,0.36926063895225525
MKNK1,0.79116714,0.72531533,-0.095004074,0.3882353,0.21095964,0.36926063895225525
EEF1D,6.242638,6.0499268,-0.27802372,0.3882353,0.21095964,0.36926063895225525
RNF149,2.9217975,2.8273413,-0.13627149,0.3882353,0.21095964,0.36926063895225525
CD96,3.7649908,3.5798151,-0.267152,0.3882353,0.21095964,0.36926063895225525
BCL7B,0.6514775,0.5514949,-0.14424443,0.3882353,0.21095964,0.36926063895225525
KPNA6,1.5157793,1.3437256,-0.24822101,0.3882353,0.21095964,0.36926063895225525
HSPA8P1,0.61603296,0.5516187,-0.09293014,0.3882353,0.21095964,0.36926063895225525
TSG101,1.1943644,1.0105734,-0.26515442,0.3882353,0.21095964,0.36926063895225525
ORAI1,0.5176882,0.44015232,-0.111860655,0.3882353,0.21095964,0.36926063895225525
UBE2J2,0.7952835,0.6852942,-0.15868099,0.3882353,0.21095964,0.36926063895225525
GPR89C,0.415197,0.36899066,-0.06666168,0.3882353,0.21095964,0.36926063895225525
CRYBB2P1,0.54305875,0.43314746,-0.15856847,0.3882353,0.21095964,0.36926063895225525
RBM12,1.9773347,1.7788805,-0.28630897,0.3882353,0.21095964,0.36926063895225525
CDV3,1.6076102,1.4295882,-0.2568315,0.3882353,0.21095964,0.36926063895225525
DDIT4,3.825488,3.4587646,-0.5290702,0.3882353,0.21095964,0.36926063895225525
SKI,0.20517704,0.2436793,0.05554702,0.6117647,0.21095964,0.36926063895225525
S1PR1,0.69999903,0.9700564,0.38961044,0.6117647,0.21095964,0.36926063895225525
AIM1,1.0876702,1.2876328,0.28848508,0.6117647,0.21095964,0.36926063895225525
FTX,0.48931867,0.6012753,0.16151932,0.6117647,0.21095964,0.36926063895225525
TMEM223,0.51516503,0.45355842,-0.088879555,0.3882353,0.21095964,0.36926063895225525
RBM26,0.896896,0.78849494,-0.15638967,0.3882353,0.21095964,0.36926063895225525
CASC3,1.5655723,1.4133202,-0.21965332,0.3882353,0.21095964,0.36926063895225525
DGCR6L,1.2684621,1.019805,-0.35873637,0.3882353,0.21095964,0.36926063895225525
PER1,1.7051207,2.0455284,0.49110454,0.6098039,0.2191503,0.3784465193748474
EME2,0.307758,0.2735379,-0.049369168,0.39019608,0.2191503,0.3784465193748474
NBEAL1,1.9488385,1.8023473,-0.21134208,0.39019608,0.2191503,0.3784465193748474
NARS,0.9968985,0.8855308,-0.16066955,0.39019608,0.2191503,0.3784465193748474
WAPAL,1.0389253,0.9465744,-0.13323419,0.39019608,0.2191503,0.3784465193748474
NXPE3,0.4441405,0.38752994,-0.08167177,0.39019608,0.2191503,0.3784465193748474
CRCP,0.62626904,0.51934975,-0.15425193,0.39019608,0.2191503,0.3784465193748474
NPIPB6,0.21378216,0.24361674,0.043042205,0.6098039,0.2191503,0.3784465193748474
FAM122C,0.4675159,0.40306988,-0.09297593,0.39019608,0.2191503,0.3784465193748474
RP11-802E16.3,0.8229673,0.7200624,-0.14846042,0.39019608,0.2191503,0.3784465193748474
PPIP5K2,1.0749364,0.952733,-0.17630225,0.39019608,0.2191503,0.3784465193748474
RP11-1415C14.4,0.63327813,0.7320412,0.14248496,0.6098039,0.2191503,0.3784465193748474
LAT,3.0622225,2.8232915,-0.34470448,0.39019608,0.2191503,0.3784465193748474
FAM117A,0.47024626,0.42257422,-0.068776205,0.39019608,0.2191503,0.3784465193748474
C1D,0.8331088,0.6621648,-0.24662003,0.39019608,0.2191503,0.3784465193748474
RP11-466H18.1,3.3810618,3.0954695,-0.41202262,0.39019608,0.2191503,0.3784465193748474
RP11-252A24.2,0.42571843,0.3747746,-0.0734964,0.39019608,0.2191503,0.3784465193748474
CUTC,0.62376344,0.54099566,-0.119408675,0.39019608,0.2191503,0.3784465193748474
CUL9,0.7323555,0.61969185,-0.16253926,0.39019608,0.2191503,0.3784465193748474
SMARCC1,0.7020437,0.6340605,-0.09807904,0.39019608,0.2191503,0.3784465193748474
DNAJC13,0.39348608,0.32599625,-0.09736725,0.39019608,0.2191503,0.3784465193748474
ZNF708,0.34878674,0.28345135,-0.094259046,0.39019608,0.2191503,0.3784465193748474
SDHAP3,0.5477533,0.6090678,0.08845816,0.6098039,0.2191503,0.3784465193748474
ZC3H7B,0.288084,0.24579121,-0.061015595,0.39019608,0.2191503,0.3784465193748474
RASA3,0.9483873,1.1055812,0.22678277,0.6098039,0.2191503,0.3784465193748474
PIGG,0.833501,0.9210382,0.12628953,0.6098039,0.2191503,0.3784465193748474
GGA1,1.1351911,0.9972056,-0.19907095,0.39019608,0.2191503,0.3784465193748474
YPEL5,3.2929108,3.961358,0.96436554,0.6098039,0.2191503,0.3784465193748474
LTV1,0.5164318,0.46782833,-0.07011999,0.39019608,0.2191503,0.3784465193748474
BRIX1,0.6944701,0.56961125,-0.18013325,0.39019608,0.2191503,0.3784465193748474
UBXN2B,0.6570713,0.56387985,-0.13444683,0.39019608,0.2191503,0.3784465193748474
PMM1,0.7415056,0.6223512,-0.17190345,0.39019608,0.2191503,0.3784465193748474
RPL7,7.043525,7.1446037,0.14582546,0.6098039,0.2191503,0.3784465193748474
PNPLA2,0.48953187,0.55692685,0.09723039,0.6098039,0.2191503,0.3784465193748474
SREK1IP1,0.67201257,0.5663098,-0.15249684,0.39019608,0.2191503,0.3784465193748474
IKZF5,0.64187723,0.72404665,0.118545406,0.6098039,0.2191503,0.3784465193748474
RP11-488L18.10,1.860437,1.7136561,-0.21176018,0.39019608,0.2191503,0.3784465193748474
ABLIM1,1.3997597,1.6609175,0.37677115,0.6098039,0.2191503,0.3784465193748474
CD55,1.8208061,2.1828535,0.52232385,0.6098039,0.2191503,0.3784465193748474
DHX16,0.6285518,0.53534585,-0.13446774,0.39019608,0.2191503,0.3784465193748474
TAF15,0.77844805,0.667319,-0.16032532,0.39019608,0.2191503,0.3784465193748474
WBP11,1.4614315,1.3597827,-0.14664823,0.39019608,0.2191503,0.3784465193748474
RNF216P1,0.60167193,0.69238853,0.13087639,0.6098039,0.2191503,0.3784465193748474
PDHA1,1.3002177,1.1636941,-0.19696192,0.39019608,0.2191503,0.3784465193748474
TIMM23B,0.66519105,0.60228366,-0.09075619,0.39019608,0.2191503,0.3784465193748474
UBR2,1.5098494,1.4095551,-0.14469416,0.39019608,0.2191503,0.3784465193748474
RNF38,0.9108352,0.79676455,-0.16456917,0.39019608,0.2191503,0.3784465193748474
TMEM134,0.9845383,0.8799838,-0.15084031,0.39019608,0.2191503,0.3784465193748474
MT-CO3,5.8993473,6.262885,0.52447414,0.6098039,0.2191503,0.3784465193748474
SNORA67,0.24516131,0.30586025,0.087570064,0.6098039,0.2191503,0.3784465193748474
CWC25,0.8493278,0.80762434,-0.06016538,0.39019608,0.2191503,0.3784465193748474
DHX30,1.1083764,0.95150083,-0.22632357,0.39019608,0.2191503,0.3784465193748474
HPCAL1,0.5592951,0.52002555,-0.05665401,0.39019608,0.2191503,0.3784465193748474
RP4-765C7.2,0.7325632,0.40936577,-0.46627533,0.39215687,0.22751309,0.38758015632629395
RPS9,6.4496703,6.2024293,-0.3566934,0.39215687,0.22756687,0.38758015632629395
COPS7A,0.64166665,0.53232384,-0.15774834,0.39215687,0.22756687,0.38758015632629395
DDHD1,1.1227802,1.1889825,0.09550971,0.60784316,0.22756687,0.38758015632629395
FCHSD1,1.0916382,0.98001987,-0.16103123,0.39215687,0.22756687,0.38758015632629395
TGFBR3,0.70781606,0.60087025,-0.1542902,0.39215687,0.22756687,0.38758015632629395
JKAMP,0.79245067,0.6595203,-0.19177794,0.39215687,0.22756687,0.38758015632629395
NAE1,0.93977326,0.8382045,-0.14653274,0.39215687,0.22756687,0.38758015632629395
RGL4,0.73948926,0.62511045,-0.16501375,0.39215687,0.22756687,0.38758015632629395
SRPK2,1.3384769,1.2315637,-0.15424316,0.39215687,0.22756687,0.38758015632629395
GTF2H2,0.4505646,0.36984563,-0.11645285,0.39215687,0.22756687,0.38758015632629395
ZRANB2,1.1924318,1.0911607,-0.14610338,0.39215687,0.22756687,0.38758015632629395
RAD9A,0.3373335,0.2771877,-0.08677204,0.39215687,0.22756687,0.38758015632629395
CD58,1.5090232,1.3074754,-0.29077193,0.39215687,0.22756687,0.38758015632629395
ZCCHC7,0.86323124,0.8157979,-0.06843181,0.39215687,0.22756687,0.38758015632629395
PRKY,0.5010772,0.69899446,0.2855343,0.60784316,0.22756687,0.38758015632629395
FNIP1,0.68665653,0.6197275,-0.0965582,0.39215687,0.22756687,0.38758015632629395
DHRS7,1.9625268,1.7629908,-0.28786954,0.39215687,0.22756687,0.38758015632629395
PPME1,0.56084627,0.4814384,-0.11456134,0.39215687,0.22756687,0.38758015632629395
NSD1,1.2488728,1.100728,-0.21372765,0.39215687,0.22756687,0.38758015632629395
RP11-254B13.4,0.823198,0.7060125,-0.16906299,0.39215687,0.22756687,0.38758015632629395
HSPA8P5,0.20982419,0.19092666,-0.027263377,0.39215687,0.22756687,0.38758015632629395
INIP,0.4467904,0.38367125,-0.091061674,0.39215687,0.22756687,0.38758015632629395
ARAP2,1.5533882,1.4324465,-0.17448208,0.39215687,0.22756687,0.38758015632629395
TMEM66,5.974494,6.219093,0.35288158,0.60784316,0.22756687,0.38758015632629395
PTGER4,2.3708718,2.1373997,-0.33682907,0.39215687,0.22756687,0.38758015632629395
AMBRA1,0.6067677,0.5429092,-0.09212835,0.39215687,0.22756687,0.38758015632629395
RP11-277P12.20,0.36194268,0.28125829,-0.116402976,0.39215687,0.22756687,0.38758015632629395
AP2A2,0.43584678,0.51920855,0.12026562,0.60784316,0.22756687,0.38758015632629395
WDR36,0.6612095,0.5828527,-0.11304497,0.39215687,0.22756687,0.38758015632629395
UHRF1BP1L,0.4758147,0.38648912,-0.12886956,0.39215687,0.22756687,0.38758015632629395
ACSL3,0.5456874,0.46106595,-0.12208292,0.39215687,0.22756687,0.38758015632629395
GLMN,0.63301975,0.5423977,-0.13074,0.39215687,0.22756687,0.38758015632629395
N4BP2L2,2.8498769,3.0927281,0.3503603,0.60784316,0.22756687,0.38758015632629395
SCYL1,0.85012996,0.697688,-0.21992728,0.39215687,0.22756687,0.38758015632629395
C1orf52,0.8178674,0.74898636,-0.099374324,0.39215687,0.22756687,0.38758015632629395
C12orf65,0.7207338,0.6261476,-0.13645904,0.39215687,0.22756687,0.38758015632629395
GPR65,1.3697151,1.1763366,-0.27898613,0.39215687,0.22756687,0.38758015632629395
ATE1,0.5232941,0.44558755,-0.112106845,0.39215687,0.22756687,0.38758015632629395
ARID3B,0.87692994,0.75785214,-0.17179295,0.39215687,0.22756687,0.38758015632629395
PPIL4,0.98096263,1.1952288,0.30912074,0.60784316,0.22756687,0.38758015632629395
RP11-51J9.5,1.0500053,1.2303469,0.26017794,0.60784316,0.22756687,0.38758015632629395
RERE,0.4431837,0.5234423,0.115788735,0.60784316,0.22756687,0.38758015632629395
STXBP3,1.4363128,1.3127425,-0.17827429,0.39215687,0.22756687,0.38758015632629395
NGLY1,1.3169782,1.2411097,-0.109455094,0.39215687,0.22756687,0.38758015632629395
HSPE1,3.0887303,2.7915437,-0.42874965,0.39215687,0.22756687,0.38758015632629395
CHERP,0.65460724,0.5400998,-0.16519931,0.39215687,0.22756687,0.38758015632629395
SULT1A3,0.9007384,0.837457,-0.091295786,0.39215687,0.22756687,0.38758015632629395
DHRS3,0.52117723,0.70713985,0.26828733,0.60784316,0.22756687,0.38758015632629395
SPTLC1,0.76680434,0.65541095,-0.1607067,0.39215687,0.22756687,0.38758015632629395
PHTF2,1.0011042,0.8395241,-0.23311087,0.39215687,0.22756687,0.38758015632629395
TERF2IP,1.4162041,1.3452473,-0.10236906,0.39215687,0.22756687,0.38758015632629395
WDR75,0.45846888,0.50505924,0.06721568,0.60784316,0.22756687,0.38758015632629395
THOC6,0.6412888,0.49352983,-0.21317117,0.39215687,0.22756687,0.38758015632629395
CACYBP,2.2867267,2.1237414,-0.23513812,0.39215687,0.22756687,0.38758015632629395
TRIM13,1.0618134,0.9351478,-0.18273973,0.39411765,0.23621128,0.39724060893058777
LINC00987,0.2380039,0.19246586,-0.0656975,0.39411765,0.23621128,0.39724060893058777
NAB1,1.6229132,1.2774141,-0.49844992,0.39411765,0.23621128,0.39724060893058777
CRTC2,1.1694354,1.1053648,-0.09243431,0.39411765,0.23621128,0.39724060893058777
AEBP2,1.1061198,1.0173233,-0.12810627,0.39411765,0.23621128,0.39724060893058777
POM121C,0.9979335,0.9491619,-0.070362575,0.39411765,0.23621128,0.39724060893058777
SRPR,1.7585784,1.6391367,-0.17231801,0.39411765,0.23621128,0.39724060893058777
KAT6B,0.76759523,0.91176677,0.20799556,0.60588235,0.23621128,0.39724060893058777
PPP1R16B,1.2344565,1.1558284,-0.11343649,0.39411765,0.23621128,0.39724060893058777
TTPAL,0.5426872,0.63535243,0.1336877,0.60588235,0.23621128,0.39724060893058777
RFTN1,1.5958016,1.492946,-0.1483892,0.39411765,0.23621128,0.39724060893058777
RP11-119D9.1,0.17630099,0.22530273,0.070694566,0.60588235,0.23621128,0.39724060893058777
TDP2,0.64329165,0.5423956,-0.14556225,0.39411765,0.23621128,0.39724060893058777
ADPGK,1.639193,1.4958203,-0.20684318,0.39411765,0.23621128,0.39724060893058777
NNT-AS1,0.34536698,0.29427314,-0.07371284,0.39411765,0.23621128,0.39724060893058777
MON2,1.0857866,1.2001264,0.16495751,0.60588235,0.23621128,0.39724060893058777
PTP4A1,2.305153,2.0848053,-0.31789446,0.39411765,0.23621128,0.39724060893058777
ASCC3,1.3894564,1.2662588,-0.1777365,0.39411765,0.23621128,0.39724060893058777
PELI1,1.1392912,0.83011097,-0.44605273,0.39411765,0.23621128,0.39724060893058777
HERPUD2,1.584913,1.4328088,-0.21944006,0.39411765,0.23621128,0.39724060893058777
PSMD3,0.6955368,0.62689096,-0.099035,0.39411765,0.23621128,0.39724060893058777
CD3E,4.4164667,4.254978,-0.2329787,0.39411765,0.23621128,0.39724060893058777
NAMPT,2.051432,1.6994615,-0.507786,0.39411765,0.23621128,0.39724060893058777
SLC4A7,0.9300919,0.98182833,0.07463987,0.60588235,0.23621128,0.39724060893058777
SEC22C,0.5963786,0.5173555,-0.114006266,0.39411765,0.23621128,0.39724060893058777
WDR33,1.4588498,1.324,-0.19454712,0.39411765,0.23621128,0.39724060893058777
IMP4,1.1059338,0.9968516,-0.1573723,0.39411765,0.23621128,0.39724060893058777
SH3BP5-AS1,0.292422,0.33660507,0.063742705,0.60588235,0.23621128,0.39724060893058777
SKIL,1.8310812,2.0949953,0.3807476,0.60588235,0.23621128,0.39724060893058777
BAG5,0.47577745,0.4014544,-0.10722551,0.39411765,0.23621128,0.39724060893058777
C5orf45,1.1761528,1.2760668,0.14414537,0.60588235,0.23621128,0.39724060893058777
SETDB1,0.5774079,0.47046313,-0.1542887,0.39411765,0.23621128,0.39724060893058777
CASP8AP2,0.6401815,0.54760844,-0.13355468,0.39411765,0.23621128,0.39724060893058777
NBPF12,0.6262728,0.73985654,0.1638667,0.60588235,0.23621128,0.39724060893058777
SMARCA2,1.5028421,1.364578,-0.19947287,0.39411765,0.23621128,0.39724060893058777
ESPN,0.243077,0.32462704,0.11765185,0.60588235,0.23621128,0.39724060893058777
STAT4,3.0231779,3.3116343,0.41615468,0.60588235,0.23621128,0.39724060893058777
NOL12,0.55336213,0.44998857,-0.14913651,0.39411765,0.23621128,0.39724060893058777
TMOD3,1.0708522,0.88774294,-0.26417077,0.39411765,0.23621128,0.39724060893058777
ABR,0.88472486,0.79186434,-0.13396941,0.39411765,0.23621128,0.39724060893058777
ITM2C,1.2414411,1.3981682,0.22610937,0.60588235,0.23621128,0.39724060893058777
MPPE1,0.8565231,0.7338406,-0.17699344,0.39411765,0.23621128,0.39724060893058777
HCG4P5,1.382021,1.7293228,0.50105065,0.60588235,0.23621128,0.39724060893058777
C20orf194,0.31031471,0.25537154,-0.07926624,0.39411765,0.23621128,0.39724060893058777
ZKSCAN1,0.7333986,0.6307252,-0.14812642,0.39411765,0.23621128,0.39724060893058777
STRAP,2.248029,1.9961092,-0.36344337,0.39411765,0.23621128,0.39724060893058777
CLK1,4.791142,4.9786034,0.2704496,0.60588235,0.23621128,0.39724060893058777
TFAM,0.5162464,0.46557117,-0.07310888,0.39411765,0.23621128,0.39724060893058777
NECAP1,0.76356477,0.81986034,0.08121734,0.60588235,0.23621128,0.39724060893058777
RP11-773D16.1,0.9529706,0.837194,-0.16703032,0.39411765,0.23621128,0.39724060893058777
ETV1,0.6658842,0.48865083,-0.2556937,0.39411765,0.23621128,0.39724060893058777
TGFB1,0.38054976,0.4589272,0.113074765,0.6039216,0.24508542,0.40734022855758667
WTAP,2.8919475,2.7343237,-0.22740303,0.39607844,0.24508542,0.40734022855758667
SNHG9,0.8653699,0.73209286,-0.19227815,0.39607844,0.24508542,0.40734022855758667
AC119673.1,0.53433496,0.41946936,-0.16571604,0.39607844,0.24508542,0.40734022855758667
MRPS5,1.0744932,0.95432395,-0.17336755,0.39607844,0.24508542,0.40734022855758667
C10orf54,1.5351144,1.4264605,-0.15675445,0.39607844,0.24508542,0.40734022855758667
NBPF24,0.46925896,0.50899655,0.05732921,0.6039216,0.24508542,0.40734022855758667
RGS1,6.2966247,5.480633,-1.1772274,0.39607844,0.24508542,0.40734022855758667
OPA1,0.9059502,0.77066666,-0.19517288,0.39607844,0.24508542,0.40734022855758667
ICAM2,0.62497103,0.76022446,0.19512945,0.6039216,0.24508542,0.40734022855758667
WDR45B,0.9133918,1.0670873,0.22173569,0.6039216,0.24508542,0.40734022855758667
MAN2A1,0.9099467,0.78922397,-0.17416605,0.39607844,0.24508542,0.40734022855758667
MED23,1.0989207,1.0165886,-0.11878016,0.39607844,0.24508542,0.40734022855758667
ZFP36L1,4.880777,4.564479,-0.45632157,0.39607844,0.24508542,0.40734022855758667
RPL35,4.986629,4.6352396,-0.50694776,0.39607844,0.24508542,0.40734022855758667
MAP3K11,0.4796426,0.4496918,-0.043209866,0.39607844,0.24508542,0.40734022855758667
HLA-DQB2,0.74739355,0.58450764,-0.23499468,0.39607844,0.24508542,0.40734022855758667
RNF220,0.43585223,0.38759208,-0.069624685,0.39607844,0.24508542,0.40734022855758667
RGPD1,0.607472,0.7062141,0.14245468,0.6039216,0.24508542,0.40734022855758667
MPV17L,0.24481563,0.26082245,0.02309295,0.6039216,0.24508542,0.40734022855758667
PIK3C2A,0.48131487,0.49492875,0.019640677,0.6039216,0.24508542,0.40734022855758667
RP11-166B2.3,0.7193607,0.59035987,-0.18610887,0.39607844,0.24508542,0.40734022855758667
SYTL3,2.2429378,1.9720528,-0.39080444,0.39607844,0.24508542,0.40734022855758667
RPF1,0.710824,0.6412913,-0.10031447,0.39607844,0.24508542,0.40734022855758667
RPL18,5.8765106,5.5278497,-0.5030114,0.39607844,0.24508542,0.40734022855758667
PPA2,0.94315225,0.814143,-0.186121,0.39607844,0.24508542,0.40734022855758667
SSB,1.9135824,1.7666299,-0.21200766,0.39607844,0.24508542,0.40734022855758667
FBXO9,0.4416975,0.5101001,0.09868412,0.6039216,0.24508542,0.40734022855758667
AC079250.1,0.6213979,0.54760605,-0.106459156,0.39607844,0.24508542,0.40734022855758667
DDI2,0.56274694,0.47303906,-0.12942111,0.39607844,0.24508542,0.40734022855758667
RP11-556K13.1,0.41827285,0.348989,-0.099955454,0.39607844,0.24508542,0.40734022855758667
NOMO2,0.46827468,0.42191362,-0.06688487,0.39607844,0.24508542,0.40734022855758667
PSMD5,0.6601412,0.5620572,-0.14150535,0.39607844,0.24508542,0.40734022855758667
XIAP,0.93996733,0.79547495,-0.20845845,0.39607844,0.24508542,0.40734022855758667
OFD1,1.3137249,1.400871,0.12572534,0.6039216,0.24508542,0.40734022855758667
PROSC,0.86025465,0.73983485,-0.17372905,0.39607844,0.24508542,0.40734022855758667
ENOSF1,0.9823964,0.8792391,-0.14882459,0.39607844,0.24508542,0.40734022855758667
RPP21,1.0831192,0.96034735,-0.17712227,0.39607844,0.24508542,0.40734022855758667
RP11-521J5.1,0.38402742,0.43825367,0.07823194,0.6039216,0.24508542,0.40734022855758667
RPS27,8.0829,8.094095,0.016151235,0.6039216,0.24508542,0.40734022855758667
RBM10,0.9052498,0.78264403,-0.1768827,0.39607844,0.24508542,0.40734022855758667
RGL2,0.43866187,0.4956545,0.08222297,0.6039216,0.24508542,0.40734022855758667
ANXA1,3.5984225,3.1951747,-0.5817636,0.39607844,0.24508542,0.40734022855758667
KIAA1468,0.7385003,0.6737075,-0.093476266,0.39607844,0.24508542,0.40734022855758667
AHNAK,3.3011703,3.072833,-0.32942107,0.39607844,0.24508542,0.40734022855758667
GABPA,0.45164338,0.38218182,-0.10021184,0.39607844,0.24508542,0.40734022855758667
GPX4,2.3146815,2.0891855,-0.32532203,0.39607844,0.24508542,0.40734022855758667
UHRF2,1.0495951,0.97653925,-0.10539733,0.39607844,0.24508542,0.40734022855758667
NUP155,0.5356314,0.42574966,-0.15852587,0.39803922,0.2541908,0.4166821837425232
SERINC1,2.593671,2.4991612,-0.13634887,0.39803922,0.2541908,0.4166821837425232
RRN3,0.7607203,0.66717887,-0.13495177,0.39803922,0.2541908,0.4166821837425232
TSC22D2,1.2116008,1.394399,0.26372215,0.6019608,0.2541908,0.4166821837425232
ABHD14A,0.63049704,0.5695793,-0.087885715,0.39803922,0.2541908,0.4166821837425232
SUPT5H,1.94488,1.7779636,-0.24080943,0.39803922,0.2541908,0.4166821837425232
SLK,0.40512803,0.34206617,-0.09097904,0.39803922,0.2541908,0.4166821837425232
DNAH1,0.43660653,0.36431894,-0.10428894,0.39803922,0.2541908,0.4166821837425232
FAM215B,0.9840511,1.0420716,0.08370585,0.6019608,0.2541908,0.4166821837425232
DNAJC16,0.4893573,0.42095044,-0.09869023,0.39803922,0.2541908,0.4166821837425232
ATP2B4,1.9243988,1.7698041,-0.22303295,0.39803922,0.2541908,0.4166821837425232
MED28,1.2889824,1.1643485,-0.17980872,0.39803922,0.2541908,0.4166821837425232
ITGB1,2.353711,2.0110064,-0.49441814,0.39803922,0.2541908,0.4166821837425232
SPATA20,0.61815053,0.5001937,-0.17017572,0.39803922,0.2541908,0.4166821837425232
DNAJA3,0.7562612,0.6198735,-0.19676587,0.39803922,0.2541908,0.4166821837425232
ERICH1,1.2863716,1.1806921,-0.1524633,0.39803922,0.2541908,0.4166821837425232
MRPS14,0.6788881,0.58291316,-0.13846254,0.39803922,0.2541908,0.4166821837425232
FAF1,0.37457064,0.29073036,-0.12095596,0.39803922,0.2541908,0.4166821837425232
SMDT1,0.94906586,0.8576225,-0.13192488,0.39803922,0.2541908,0.4166821837425232
METTL8,0.5881872,0.42044854,-0.24199575,0.39803922,0.2541908,0.4166821837425232
MRPS11,0.7195612,0.5720985,-0.21274374,0.39803922,0.2541908,0.4166821837425232
COG2,0.6718697,0.58108145,-0.13097975,0.39803922,0.2541908,0.4166821837425232
MSTO1,0.6919237,0.5871464,-0.15116166,0.39803922,0.2541908,0.4166821837425232
OARD1,0.56834096,0.46539903,-0.14851381,0.39803922,0.2541908,0.4166821837425232
RPSAP15,1.340805,1.1846443,-0.22529228,0.39803922,0.2541908,0.4166821837425232
ZDHHC20,0.671569,0.5904867,-0.116977006,0.39803922,0.2541908,0.4166821837425232
DAP3,1.7042705,1.5460896,-0.22820671,0.39803922,0.2541908,0.4166821837425232
PNMA1,0.51877016,0.48493454,-0.04881448,0.39803922,0.2541908,0.4166821837425232
TES,1.5737119,1.3922027,-0.26186234,0.39803922,0.2541908,0.4166821837425232
ATP6V1C1,0.5189069,0.3965376,-0.17654157,0.39803922,0.2541908,0.4166821837425232
ACD,0.89935124,0.7665356,-0.1916125,0.39803922,0.2541908,0.4166821837425232
CTD-2521M24.9,0.56054604,0.47197112,-0.12778659,0.39803922,0.2541908,0.4166821837425232
MAP3K8,1.1512486,0.97165996,-0.25909162,0.39803922,0.2541908,0.4166821837425232
SHPRH,0.4699513,0.42138836,-0.07006152,0.39803922,0.2541908,0.4166821837425232
VDAC3,1.6167239,1.3850445,-0.3342428,0.39803922,0.2541908,0.4166821837425232
SLA,3.9850197,3.6695168,-0.45517445,0.39803922,0.2541908,0.4166821837425232
NUP205,0.5757348,0.48313516,-0.13359302,0.39803922,0.2541908,0.4166821837425232
RNF115,0.56798893,0.51429987,-0.07745694,0.39803922,0.2541908,0.4166821837425232
RPRD1B,0.54509854,0.48497072,-0.08674611,0.39803922,0.2541908,0.4166821837425232
RASSF2,0.47802395,0.57549286,0.14061792,0.6019608,0.2541908,0.4166821837425232
RSU1,1.396179,1.1952758,-0.289842,0.39803922,0.2541908,0.4166821837425232
COMMD10,0.70247203,0.60347617,-0.14282084,0.39803922,0.2541908,0.4166821837425232
OXR1,0.54905915,0.4686339,-0.11602913,0.39803922,0.2541908,0.4166821837425232
FOXK1,0.52791274,0.4639967,-0.092211336,0.39803922,0.2541908,0.4166821837425232
AGPS,0.30385774,0.2569637,-0.067653805,0.39803922,0.2541908,0.4166821837425232
UBASH3B,0.6793727,0.525683,-0.22172743,0.39803922,0.2541908,0.4166821837425232
RP11-255J3.2,0.32976425,0.28352454,-0.066709794,0.39803922,0.2541908,0.4166821837425232
ALKBH6,0.8745022,0.7942872,-0.11572575,0.39803922,0.2541908,0.4166821837425232
WDPCP,0.28972346,0.3147242,0.036068458,0.6019608,0.2541908,0.4166821837425232
SOS1,0.7419034,0.6408573,-0.14577878,0.39803922,0.2541908,0.4166821837425232
AKT2,0.8426228,0.7790516,-0.091713876,0.39803922,0.2541908,0.4166821837425232
ZNF26,0.5016884,0.4466546,-0.07939704,0.39803922,0.2541908,0.4166821837425232
USP38,0.7413139,0.6304835,-0.15989442,0.39803922,0.2541908,0.4166821837425232
C11orf49,0.56178814,0.46684986,-0.13696699,0.39803922,0.2541908,0.4166821837425232
SKAP1,2.6671617,2.5222743,-0.20902841,0.39803922,0.2541908,0.4166821837425232
VPS53,1.1507534,1.0817789,-0.099509165,0.39803922,0.2541908,0.4166821837425232
NPTN,0.9025801,0.7956509,-0.15426621,0.39803922,0.2541908,0.4166821837425232
STAG3L1,1.0632789,1.1466365,0.12025955,0.6,0.26352906,0.4256431460380554
TM2D1,1.0984082,0.9340018,-0.23718832,0.4,0.26352906,0.4256431460380554
ARHGAP27,0.93561095,0.85970706,-0.10950617,0.4,0.26352906,0.4256431460380554
LINC00861,1.133948,1.2784284,0.20844126,0.6,0.26352906,0.4256431460380554
BCKDHA,0.8613545,0.7383583,-0.17744593,0.4,0.26352906,0.4256431460380554
COX7A2L,1.9738995,1.7509102,-0.32170558,0.4,0.26352906,0.4256431460380554
KRCC1,0.5415148,0.4653052,-0.10994722,0.4,0.26352906,0.4256431460380554
SAR1A,2.9931896,2.680083,-0.45171726,0.4,0.26352906,0.4256431460380554
EXOSC3,0.87677836,0.7630673,-0.16405039,0.4,0.26352906,0.4256431460380554
NUP160,0.768864,0.6841733,-0.12218284,0.4,0.26352906,0.4256431460380554
CBWD2,0.9648678,0.8727488,-0.1328996,0.4,0.26352906,0.4256431460380554
HARS,1.0162299,0.8719037,-0.20821862,0.4,0.26352906,0.4256431460380554
RPL10AP2,0.62882537,0.5654788,-0.091389775,0.4,0.26352906,0.4256431460380554
ECE1,0.7734117,0.65759057,-0.16709456,0.4,0.26352906,0.4256431460380554
RSBN1L,0.9392566,0.83121526,-0.15587072,0.4,0.26352906,0.4256431460380554
NUP107,0.8567006,0.68994623,-0.2405757,0.4,0.26352906,0.4256431460380554
SUDS3,0.5794065,0.49016082,-0.12875429,0.4,0.26352906,0.4256431460380554
MYO5A,0.6240439,0.69544077,0.103003934,0.6,0.26352906,0.4256431460380554
AC020663.1,0.35579696,0.30631042,-0.071394,0.4,0.26352906,0.4256431460380554
RP11-489E7.4,0.90982145,1.0375698,0.18430185,0.6,0.26352906,0.4256431460380554
SLC7A6,1.0257396,1.1373665,0.16104369,0.6,0.26352906,0.4256431460380554
PIP5K1A,0.7925699,0.7134584,-0.11413371,0.4,0.26352906,0.4256431460380554
NPIPB3,4.2263556,4.411416,0.26698586,0.6,0.26352906,0.4256431460380554
HIATL1,0.42563114,0.3492089,-0.11025399,0.4,0.26352906,0.4256431460380554
TCF20,0.3350717,0.28326136,-0.07474654,0.4,0.26352906,0.4256431460380554
CLASP2,0.99513274,1.0261213,0.044706974,0.6,0.26352906,0.4256431460380554
TMED10,2.270906,2.0440168,-0.32733184,0.4,0.26352906,0.4256431460380554
AC018462.2,0.69990283,0.67038053,-0.042591676,0.4,0.26352906,0.4256431460380554
SS18L2,1.3573644,1.1708361,-0.2691035,0.4,0.26352906,0.4256431460380554
SEC23IP,0.57396,0.4660327,-0.15570617,0.4,0.26352906,0.4256431460380554
RPP30,0.5889674,0.5047369,-0.1215189,0.4,0.26352906,0.4256431460380554
MYLIP,0.59110224,0.7149769,0.17871337,0.6,0.26352906,0.4256431460380554
LUC7L,1.3643165,1.4942408,0.18744114,0.6,0.26352906,0.4256431460380554
CCT8P1,0.15536216,0.1335327,-0.031493247,0.4,0.26352906,0.4256431460380554
PLD3,0.94962466,0.8309941,-0.17114767,0.4,0.26352906,0.4256431460380554
MPHOSPH9,1.4240495,1.2093527,-0.30974194,0.4,0.26352906,0.4256431460380554
METTL10,0.60461354,0.48418897,-0.17373593,0.4,0.26352906,0.4256431460380554
PSD4,1.660184,1.4964795,-0.23617569,0.4,0.26352906,0.4256431460380554
ELP3,0.56562954,0.48705724,-0.113355875,0.4,0.26352906,0.4256431460380554
RAB2B,0.43795156,0.40122923,-0.052979127,0.4,0.26352906,0.4256431460380554
AD000092.3,0.38525668,0.45104855,0.09491761,0.6,0.26352906,0.4256431460380554
HTATSF1,0.54254264,0.46417993,-0.113053486,0.4,0.26352906,0.4256431460380554
FGFR1OP,0.5269268,0.44631523,-0.11629794,0.4,0.26352906,0.4256431460380554
ANKRD12,2.9731445,2.9283655,-0.06460253,0.4,0.26352906,0.4256431460380554
MED17,0.7661292,0.6998602,-0.09560593,0.4,0.26352906,0.4256431460380554
TFRC,2.4280207,2.121745,-0.4418623,0.4,0.26352906,0.4256431460380554
AKAP11,0.56851774,0.49498534,-0.10608483,0.4,0.26352906,0.4256431460380554
ZNFX1,1.3556525,1.246533,-0.15742604,0.4,0.26352906,0.4256431460380554
PTK2B,2.367544,2.2022192,-0.23851311,0.4,0.26352906,0.4256431460380554
SMU1,1.5256449,1.4322985,-0.13467033,0.4,0.26352906,0.4256431460380554
PELO,0.91906893,0.7776858,-0.20397271,0.4,0.26352906,0.4256431460380554
PSEN1,1.1501863,1.011255,-0.20043546,0.4,0.26352906,0.4256431460380554
MGA,0.750496,0.73718363,-0.019205647,0.4,0.26352906,0.4256431460380554
ZBTB11,0.5263069,0.46148565,-0.093517326,0.4,0.26352906,0.4256431460380554
GIT2,1.6805595,1.502915,-0.25628683,0.4,0.26352906,0.4256431460380554
EPS15,2.197289,1.9942197,-0.2929671,0.4,0.26352906,0.4256431460380554
RP11-231C14.3,1.3244718,1.2457958,-0.11350545,0.4,0.26352906,0.4256431460380554
KLF13,0.8826746,0.75398946,-0.18565337,0.4,0.26352906,0.4256431460380554
MPHOSPH6,0.6248056,0.5106678,-0.16466607,0.4,0.26352906,0.4256431460380554
YTHDF3,1.2374698,1.1255147,-0.161517,0.4,0.26352906,0.4256431460380554
DSTN,1.0874718,0.9670592,-0.17371874,0.4,0.26352906,0.4256431460380554
ANKRD36C,1.850698,1.7241633,-0.18255098,0.4,0.26352906,0.4256431460380554
SNX22,0.23625126,0.20970237,-0.038301956,0.4019608,0.27310133,0.43624529242515564
GOLGA2,0.4142166,0.3722017,-0.060614683,0.4019608,0.27310133,0.43624529242515564
NAA25,0.7339731,0.67094713,-0.09092723,0.4019608,0.27310133,0.43624529242515564
CPNE3,0.86892897,0.74532354,-0.17832494,0.4019608,0.27310133,0.43624529242515564
ZMIZ1,0.35983852,0.292872,-0.096612245,0.4019608,0.27310133,0.43624529242515564
CDKN1B,1.2407825,1.1281672,-0.1624696,0.4019608,0.27310133,0.43624529242515564
TGS1,0.50521684,0.47203755,-0.04786759,0.4019608,0.27310133,0.43624529242515564
TFDP2,0.6382147,0.5753913,-0.09063503,0.4019608,0.27310133,0.43624529242515564
ZNF493,0.6175093,0.62937963,0.017125258,0.5980392,0.27310133,0.43624529242515564
PCMTD1,0.7394149,0.815376,0.10958872,0.5980392,0.27310133,0.43624529242515564
TIFA,0.6592465,0.53332585,-0.18166511,0.4019608,0.27310133,0.43624529242515564
C1orf56,3.3209124,3.0969386,-0.3231258,0.4019608,0.27310133,0.43624529242515564
PBXIP1,1.9727014,2.0599496,0.12587255,0.5980392,0.27310133,0.43624529242515564
ERCC3,0.9648383,0.85019636,-0.1653934,0.4019608,0.27310133,0.43624529242515564
L3MBTL2,0.5091431,0.43205953,-0.11120811,0.4019608,0.27310133,0.43624529242515564
AKNA,3.134561,2.9624107,-0.24836048,0.4019608,0.27310133,0.43624529242515564
DDX58,0.8664968,0.73608357,-0.18814653,0.4019608,0.27310133,0.43624529242515564
SLC9A3R1,2.7577136,2.5183742,-0.3452937,0.4019608,0.27310133,0.43624529242515564
UBE2J1,0.67681634,0.61211,-0.0933515,0.4019608,0.27310133,0.43624529242515564
RPL9,6.9648414,7.01622,0.07412384,0.5980392,0.27310133,0.43624529242515564
UGP2,1.3539644,1.2716205,-0.11879719,0.4019608,0.27310133,0.43624529242515564
B4GALT1,3.099585,2.8904576,-0.3017071,0.4019608,0.27310133,0.43624529242515564
HELZ,1.9769355,1.832641,-0.20817296,0.4019608,0.27310133,0.43624529242515564
UFSP2,0.5543708,0.48916423,-0.09407322,0.4019608,0.27310133,0.43624529242515564
PEX19,0.57587284,0.48591176,-0.1297864,0.4019608,0.27310133,0.43624529242515564
IREB2,0.6931593,0.5914375,-0.14675349,0.4019608,0.27310133,0.43624529242515564
VPS45,0.59448975,0.5038443,-0.13077371,0.4019608,0.27310133,0.43624529242515564
PLEKHB2,1.2397401,1.1416708,-0.14148411,0.4019608,0.27310133,0.43624529242515564
AP3B1,0.94639707,0.8350377,-0.1606576,0.4019608,0.27310133,0.43624529242515564
CCDC93,0.605052,0.5803257,-0.03567247,0.4019608,0.27310133,0.43624529242515564
RPL35A,5.9876094,5.638863,-0.50313455,0.4019608,0.27310133,0.43624529242515564
LOH12CR1,1.0251068,0.96431136,-0.08770926,0.4019608,0.27310133,0.43624529242515564
GSE1,0.575402,0.5221961,-0.0767599,0.4019608,0.27310133,0.43624529242515564
ATR,0.64574224,0.55019796,-0.13784125,0.4019608,0.27310133,0.43624529242515564
CEP135,0.4379138,0.46718037,0.04222273,0.5980392,0.27310133,0.43624529242515564
RPS7P1,1.887214,1.7414883,-0.2102376,0.4019608,0.27310133,0.43624529242515564
HDAC4,0.71701694,0.6995997,-0.025127783,0.4019608,0.27310133,0.43624529242515564
ZBTB4,0.42717436,0.47207043,0.06477133,0.5980392,0.27310133,0.43624529242515564
MICAL1,1.2092432,1.0798385,-0.18669146,0.4019608,0.27310133,0.43624529242515564
FAM78A,0.5506895,0.49754682,-0.0766687,0.4019608,0.27310133,0.43624529242515564
RP13-1032I1.7,0.34216452,0.31100935,-0.04494741,0.4019608,0.27310133,0.43624529242515564
MAST4,0.44728863,0.3203705,-0.18310417,0.4019608,0.27310133,0.43624529242515564
ACO2,1.0223459,0.86330444,-0.22944833,0.4019608,0.27310133,0.43624529242515564
VPS52,0.790935,0.6980171,-0.13405213,0.4019608,0.27310133,0.43624529242515564
TPD52L2,0.740641,0.6502444,-0.1304147,0.4019608,0.27310133,0.43624529242515564
ARMCX3,0.64735466,0.57259655,-0.10785316,0.4019608,0.27310133,0.43624529242515564
UGCG,0.69618016,0.79840624,0.14748105,0.5980392,0.27310133,0.43624529242515564
RPL13,7.926828,7.99526,0.098726295,0.59607846,0.2829087,0.4482347071170807
KDM6B,0.9806651,1.1982757,0.31394574,0.59607846,0.2829087,0.4482347071170807
ANKLE2,0.57984865,0.5304278,-0.07129919,0.40392157,0.2829087,0.4482347071170807
SMEK1,0.9303443,0.86347884,-0.096466444,0.40392157,0.2829087,0.4482347071170807
CAPNS1,0.63151675,0.5552204,-0.11007234,0.40392157,0.2829087,0.4482347071170807
MDFIC,0.43028542,0.37294888,-0.08271914,0.40392157,0.2829087,0.4482347071170807
UBAP1,0.9685618,0.91617256,-0.07558173,0.40392157,0.2829087,0.4482347071170807
ARHGAP15,3.0969093,2.8835657,-0.30778977,0.40392157,0.2829087,0.4482347071170807
PCID2,1.2409894,1.1389854,-0.14716074,0.40392157,0.2829087,0.4482347071170807
GLO1,0.67810637,0.5527693,-0.18082316,0.40392157,0.2829087,0.4482347071170807
ZNF266,0.94543684,0.8594742,-0.124017894,0.40392157,0.2829087,0.4482347071170807
ACAT1,0.86336327,0.68828064,-0.25259084,0.40392157,0.2829087,0.4482347071170807
TAF3,0.48670256,0.4463538,-0.05821097,0.40392157,0.2829087,0.4482347071170807
COA4,0.9271785,0.74808514,-0.2583771,0.40392157,0.2829087,0.4482347071170807
LPCAT1,0.43887532,0.4058961,-0.047578957,0.40392157,0.2829087,0.4482347071170807
MBNL3,0.5941977,0.48890483,-0.15190548,0.40392157,0.2829087,0.4482347071170807
IDS,2.8143783,2.63039,-0.26543906,0.40392157,0.2829087,0.4482347071170807
KMT2A,1.8199474,1.6282952,-0.27649564,0.40392157,0.2829087,0.4482347071170807
BRAF,0.63026565,0.7245192,0.13597912,0.59607846,0.2829087,0.4482347071170807
ZFP36L2,3.4831748,3.890361,0.5874456,0.59607846,0.2829087,0.4482347071170807
AGAP8,0.46403828,0.5164573,0.07562468,0.59607846,0.2829087,0.4482347071170807
TP53BP1,0.77639985,0.6788435,-0.14074406,0.40392157,0.2829087,0.4482347071170807
CREBRF,0.58782834,0.68615323,0.14185284,0.59607846,0.2829087,0.4482347071170807
RSL1D1,2.1925743,1.968393,-0.32342523,0.40392157,0.2829087,0.4482347071170807
DIMT1,0.7445009,0.8016539,0.08245441,0.59607846,0.2829087,0.4482347071170807
SLAIN2,0.5862483,0.5511847,-0.05058603,0.40392157,0.2829087,0.4482347071170807
FBL,1.7030989,1.5065825,-0.28351322,0.40392157,0.2829087,0.4482347071170807
ATXN7L3B,0.74134105,0.635132,-0.15322725,0.40392157,0.2829087,0.4482347071170807
ARHGAP35,0.5178077,0.59462845,0.110828884,0.59607846,0.2829087,0.4482347071170807
GIMAP5,2.4089494,2.0765824,-0.47950414,0.40392157,0.2829087,0.4482347071170807
UBE2Z,0.55585885,0.4823747,-0.10601522,0.40392157,0.2829087,0.4482347071170807
PPWD1,1.2185208,1.084548,-0.19328184,0.40392157,0.2829087,0.4482347071170807
KLRC4-KLRK1,2.2985916,2.1751518,-0.17808597,0.40392157,0.2829087,0.4482347071170807
HERC1,1.7227,1.8439281,0.17489518,0.59607846,0.2829087,0.4482347071170807
RP11-1094M14.4,0.75490576,0.6560716,-0.14258754,0.40392157,0.2829087,0.4482347071170807
TXLNG2P,0.5014707,0.65660995,0.22381864,0.59411764,0.2898637,0.4570293128490448
TNS3,0.49100244,0.43748912,-0.0772034,0.40588236,0.29293802,0.4570293128490448
C19orf48,0.7481972,0.5828906,-0.23848696,0.40588236,0.29295203,0.4570293128490448
RP11-473I1.5,1.0828133,0.8907927,-0.27702707,0.40588236,0.29295203,0.4570293128490448
TMEM175,0.8110859,0.9304902,0.17226401,0.59411764,0.29295203,0.4570293128490448
NAT10,0.5297721,0.47429258,-0.08004004,0.40588236,0.29295203,0.4570293128490448
KCMF1,0.3856865,0.34454456,-0.059355255,0.40588236,0.29295203,0.4570293128490448
MTERFD2,0.7284105,0.85909814,0.18854243,0.59411764,0.29295203,0.4570293128490448
MTIF3,0.75961965,0.6379078,-0.17559308,0.40588236,0.29295203,0.4570293128490448
RBM8B,0.4362256,0.39782044,-0.05540692,0.40588236,0.29295203,0.4570293128490448
RNF2,0.6485555,0.5682339,-0.11587959,0.40588236,0.29295203,0.4570293128490448
FAUP1,0.61219,0.56035477,-0.07478244,0.40588236,0.29295203,0.4570293128490448
HMCES,0.6479676,0.6053324,-0.061509594,0.40588236,0.29295203,0.4570293128490448
SLC16A7,0.49532333,0.44393945,-0.07413127,0.40588236,0.29295203,0.4570293128490448
IARS2,0.65709615,0.5768552,-0.11576324,0.40588236,0.29295203,0.4570293128490448
AOAH,2.3490894,2.5638292,0.30980405,0.59411764,0.29295203,0.4570293128490448
TRAM1,2.2735093,2.0872884,-0.26865995,0.40588236,0.29295203,0.4570293128490448
AC007969.5,1.6408887,1.4685822,-0.24858579,0.40588236,0.29295203,0.4570293128490448
CEP78,0.5862668,0.5048485,-0.11746183,0.40588236,0.29295203,0.4570293128490448
POLE3,0.96802706,0.82193035,-0.21077299,0.40588236,0.29295203,0.4570293128490448
LRSAM1,0.55201846,0.50843316,-0.0628803,0.40588236,0.29295203,0.4570293128490448
LYRM4,0.6044677,0.49651444,-0.15574361,0.40588236,0.29295203,0.4570293128490448
DCUN1D1,1.0590264,0.9607854,-0.14173177,0.40588236,0.29295203,0.4570293128490448
RP11-366M4.1,0.29384395,0.254704,-0.05646702,0.40588236,0.29295203,0.4570293128490448
RBM38,0.8033439,0.93346953,0.18773162,0.59411764,0.29295203,0.4570293128490448
BCL2L13,0.48971376,0.42003503,-0.10052515,0.40588236,0.29295203,0.4570293128490448
RP11-153M3.1,0.31339508,0.3287608,0.022168048,0.40588236,0.29295203,0.4570293128490448
KIAA0195,0.7975405,0.7097554,-0.12664708,0.40588236,0.29295203,0.4570293128490448
XPO4,0.36328107,0.3706304,0.01060286,0.59411764,0.29295203,0.4570293128490448
TRAF3IP3,2.9019852,2.6579304,-0.35209665,0.40588236,0.29295203,0.4570293128490448
RSL24D1,1.6699544,1.6095155,-0.08719486,0.40588236,0.29295203,0.4570293128490448
H2AFJ,0.65037984,0.56287193,-0.12624721,0.40588236,0.29295203,0.4570293128490448
RRP7A,1.2484003,1.1070874,-0.2038715,0.40588236,0.29295203,0.4570293128490448
ORC2,0.6213791,0.5574866,-0.09217737,0.40588236,0.29295203,0.4570293128490448
TRAK2,0.48325163,0.40063444,-0.119191416,0.40588236,0.29295203,0.4570293128490448
STK17B,5.179018,5.3293533,0.21688801,0.59411764,0.29295203,0.4570293128490448
TTC24,0.6346976,0.53360766,-0.14584197,0.40588236,0.29295203,0.4570293128490448
RP11-220I1.1,0.79477704,0.89393777,0.14305869,0.59411764,0.29295203,0.4570293128490448
GON4L,1.5758702,1.4439415,-0.19033286,0.40588236,0.29295203,0.4570293128490448
WASF4P,0.23322004,0.21731617,-0.022944441,0.40588236,0.29295203,0.4570293128490448
SNX3,0.6339597,0.61532456,-0.026884845,0.40588236,0.29295203,0.4570293128490448
TRAPPC4,1.2366306,1.090201,-0.21125317,0.40588236,0.29295203,0.4570293128490448
WDR48,0.6560872,0.59678024,-0.08556189,0.40588236,0.29295203,0.4570293128490448
USP4,1.3838679,1.2523295,-0.18976979,0.40588236,0.29295203,0.4570293128490448
ABCE1,0.8213851,0.6983166,-0.17755033,0.40588236,0.29295203,0.4570293128490448
AFG3L2,0.42239386,0.4043485,-0.02603396,0.40588236,0.29295203,0.4570293128490448
SLC16A3,0.6342213,0.5706541,-0.091708116,0.40588236,0.29295203,0.4570293128490448
CLPX,0.55444854,0.486962,-0.09736252,0.40588236,0.29295203,0.4570293128490448
SIDT2,0.34956694,0.40501204,0.07999038,0.59411764,0.29295203,0.4570293128490448
C12orf57,2.0405047,1.7062467,-0.4822323,0.40588236,0.29295203,0.4570293128490448
CARS,0.9756761,0.8360656,-0.20141542,0.40588236,0.29295203,0.4570293128490448
PRMT2,2.1024437,2.2210343,0.17109007,0.59411764,0.29295203,0.4570293128490448
NCOA2,1.1583657,1.0917748,-0.09607037,0.40588236,0.29295203,0.4570293128490448
ARHGAP4,2.638182,2.4075124,-0.33278576,0.40588236,0.29295203,0.4570293128490448
NUP88,0.84341335,0.7538253,-0.12924823,0.40588236,0.29295203,0.4570293128490448
RPL3P2,0.8817451,1.0303086,0.21433184,0.59411764,0.29295203,0.4570293128490448
CHCHD3,1.4845378,1.367806,-0.16840851,0.40588236,0.29295203,0.4570293128490448
GLUD1,0.881512,0.776533,-0.15145265,0.40588236,0.29295203,0.4570293128490448
SPDYE2,0.87373656,0.98757476,0.1642338,0.59411764,0.29295203,0.4570293128490448
PON2,1.2784882,1.0448011,-0.33713913,0.40588236,0.29295203,0.4570293128490448
BAZ1B,0.58557445,0.5273352,-0.084021434,0.40588236,0.29295203,0.4570293128490448
HSP90AB2P,0.37042004,0.35191178,-0.026701769,0.40588236,0.29295203,0.4570293128490448
RRN3P2,0.9329117,0.8740096,-0.084977746,0.40588236,0.29295203,0.4570293128490448
CBX7,0.47215843,0.5440796,0.10376032,0.59411764,0.29295203,0.4570293128490448
JAK1,2.7185485,2.5986161,-0.17302589,0.40588236,0.29295203,0.4570293128490448
HPS4,0.5051308,0.44569817,-0.0857432,0.40588236,0.29295203,0.4570293128490448
ELAC2,0.9624883,0.7996736,-0.23489192,0.40588236,0.29295203,0.4570293128490448
RP11-889L3.1,1.771641,1.6190491,-0.22014365,0.40784314,0.30323195,0.4666581451892853
INPP4A,0.6700659,0.5941418,-0.10953532,0.40784314,0.30323195,0.4666581451892853
TNFAIP8,1.5015981,1.3631386,-0.19975492,0.40784314,0.30323195,0.4666581451892853
MRPL19,0.6264666,0.52226305,-0.15033391,0.40784314,0.30323195,0.4666581451892853
NUPL1,0.87395734,0.7539219,-0.17317449,0.40784314,0.30323195,0.4666581451892853
DNAJB6,2.8780077,2.8249817,-0.07650029,0.40784314,0.30323195,0.4666581451892853
EIF5AP4,0.2989703,0.24256134,-0.08138094,0.40784314,0.30323195,0.4666581451892853
ITGAE,2.1747177,1.8390424,-0.484277,0.40784314,0.30323195,0.4666581451892853
RN7SL1,0.61591554,0.56292385,-0.07645085,0.40784314,0.30323195,0.4666581451892853
SUPT3H,0.46978724,0.42491612,-0.064735346,0.40784314,0.30323195,0.4666581451892853
SPIN1,0.5835981,0.62418234,0.05855072,0.5921569,0.30323195,0.4666581451892853
TRPM7,1.1862513,1.0760692,-0.15895909,0.40784314,0.30323195,0.4666581451892853
LYAR,1.2362788,1.0612881,-0.25245816,0.40784314,0.30323195,0.4666581451892853
NEDD1,0.5714676,0.48561114,-0.12386466,0.40784314,0.30323195,0.4666581451892853
AGPAT1,0.69656426,0.61319,-0.12028363,0.40784314,0.30323195,0.4666581451892853
TMEM245,0.419588,0.49451542,0.10809742,0.5921569,0.30323195,0.4666581451892853
MED16,0.6641754,0.5774616,-0.12510155,0.40784314,0.30323195,0.4666581451892853
RC3H1,2.21315,2.1068127,-0.15341231,0.40784314,0.30323195,0.4666581451892853
PRKAR2A,0.54009336,0.6262237,0.124259785,0.5921569,0.30323195,0.4666581451892853
GFM1,0.70685685,0.608558,-0.14181526,0.40784314,0.30323195,0.4666581451892853
MCMBP,0.40555847,0.40674677,0.001714366,0.40784314,0.30323195,0.4666581451892853
VPS13C,1.8816447,1.8176064,-0.092387706,0.40784314,0.30323195,0.4666581451892853
PDZD8,0.58866894,0.45117038,-0.19836849,0.40784314,0.30323195,0.4666581451892853
PCNXL3,0.51047194,0.4299474,-0.11617234,0.40784314,0.30323195,0.4666581451892853
FOXN3,1.1746514,1.0835332,-0.1314558,0.40784314,0.30323195,0.4666581451892853
RP11-384K6.6,0.46117917,0.40714917,-0.077948816,0.40784314,0.30323195,0.4666581451892853
NHLRC2,0.45590705,0.38528088,-0.101892024,0.40784314,0.30323195,0.4666581451892853
CEP250,0.6219537,0.53634226,-0.12351123,0.40784314,0.30323195,0.4666581451892853
MED1,0.6756267,0.593813,-0.11803221,0.40784314,0.30323195,0.4666581451892853
MARK3,1.1427186,1.0389693,-0.14967856,0.40784314,0.30323195,0.4666581451892853
BRWD3,0.29159984,0.23980783,-0.07472008,0.40784314,0.30323195,0.4666581451892853
HMGCR,0.58221203,0.47052363,-0.1611323,0.40784314,0.30323195,0.4666581451892853
SMC5,0.84686387,0.8063612,-0.058432996,0.40784314,0.30323195,0.4666581451892853
LYSMD3,0.41178337,0.47050515,0.084717624,0.5921569,0.30323195,0.4666581451892853
ZNF683,0.90208805,0.5950613,-0.44294596,0.40784314,0.30323195,0.4666581451892853
ADRB2,0.59949553,0.62639886,0.038813304,0.5921569,0.30323195,0.4666581451892853
MTG1,1.2578772,1.1051824,-0.22029206,0.40784314,0.30323195,0.4666581451892853
DCAF6,0.7503154,0.6763017,-0.10677921,0.40784314,0.30323195,0.4666581451892853
KIF13B,0.5984251,0.5264458,-0.10384416,0.40784314,0.30323195,0.4666581451892853
MCL1,3.0651636,2.790736,-0.39591542,0.40784314,0.30323195,0.4666581451892853
UBE3C,0.46527678,0.41295162,-0.075489245,0.40784314,0.30323195,0.4666581451892853
ELF2,0.8595528,0.8045246,-0.07938891,0.40784314,0.30323195,0.4666581451892853
C10orf118,0.99697673,0.92488843,-0.10400143,0.40784314,0.30323195,0.4666581451892853
ATG16L1,0.8048831,0.71365756,-0.13161066,0.40784314,0.30323195,0.4666581451892853
ING3,0.83614403,0.7478618,-0.12736434,0.40784314,0.30323195,0.4666581451892853
MRPS31,0.7521139,0.6609118,-0.13157679,0.40784314,0.30323195,0.4666581451892853
ASB16-AS1,0.5599225,0.480626,-0.11440071,0.40784314,0.30323195,0.4666581451892853
C14orf159,1.1859454,1.0708019,-0.16611701,0.40784314,0.30323195,0.4666581451892853
ATG2A,0.73533595,0.664822,-0.101730146,0.40784314,0.30323195,0.4666581451892853
PIAS3,0.81637615,0.7210345,-0.13754888,0.40784314,0.30323195,0.4666581451892853
PRR5,0.5098177,0.41382897,-0.1384825,0.40784314,0.30323195,0.4666581451892853
NPM1P21,0.78440994,0.72629327,-0.08384464,0.40784314,0.30323195,0.4666581451892853
BCR,0.4834701,0.38396585,-0.1435543,0.40784314,0.30323195,0.4666581451892853
RPS3AP47,0.32589057,0.37821406,0.07548684,0.5921569,0.30323195,0.4666581451892853
RASGEF1B,1.9854958,2.308382,0.46582636,0.5921569,0.30323195,0.4666581451892853
PAFAH1B1,1.0510858,0.97845143,-0.10478929,0.40784314,0.30323195,0.4666581451892853
ZEB2,1.9663696,1.7351519,-0.33357668,0.40784314,0.30323195,0.4666581451892853
CNBP,4.917765,4.7705655,-0.21236418,0.40784314,0.30323195,0.4666581451892853
RMDN1,0.7630108,0.6543301,-0.15679315,0.40784314,0.30323195,0.4666581451892853
AC006460.2,0.3966404,0.29798877,-0.1423242,0.40784314,0.30323195,0.4666581451892853
TMUB2,0.72586215,0.63373613,-0.13290974,0.40980393,0.31374887,0.4772399663925171
INPP5B,0.77272797,0.6793645,-0.13469501,0.40980393,0.31374887,0.4772399663925171
PPM1D,0.5705485,0.50282717,-0.09770119,0.40980393,0.31374887,0.4772399663925171
HSPA9P1,0.13066177,0.11221535,-0.026612563,0.40980393,0.31374887,0.4772399663925171
ZNF544,0.49364093,0.41452312,-0.114142865,0.40980393,0.31374887,0.4772399663925171
CYFIP2,2.7298973,2.5363076,-0.27929088,0.40980393,0.31374887,0.4772399663925171
STAG3L2,1.1974891,1.2659388,0.098751925,0.5901961,0.31374887,0.4772399663925171
CCDC64,1.2238268,1.1840866,-0.057332996,0.40980393,0.31374887,0.4772399663925171
OTUD5,0.8228557,0.7390227,-0.120945506,0.40980393,0.31374887,0.4772399663925171
MED13,1.1285388,1.0573394,-0.102719046,0.40980393,0.31374887,0.4772399663925171
C10orf137,0.46699947,0.4443654,-0.032654043,0.40980393,0.31374887,0.4772399663925171
PUM2,1.3472135,1.2765064,-0.10200876,0.40980393,0.31374887,0.4772399663925171
TCP1P1,0.11772763,0.11140804,-0.009117241,0.40980393,0.31374887,0.4772399663925171
GALNT2,1.0037322,0.8911436,-0.16243099,0.40980393,0.31374887,0.4772399663925171
DAZAP1,0.6436306,0.52771926,-0.16722475,0.40980393,0.31374887,0.4772399663925171
TTN-AS1,0.60709935,0.6703711,0.09128185,0.5901961,0.31374887,0.4772399663925171
MARK2,0.5195494,0.45225626,-0.09708352,0.40980393,0.31374887,0.4772399663925171
KMT2C,1.400571,1.3567774,-0.06318075,0.40980393,0.31374887,0.4772399663925171
RPS3P6,0.52311367,0.56043106,0.05383762,0.5901961,0.31374887,0.4772399663925171
STAG3L5P,0.732353,0.6537336,-0.113423765,0.40980393,0.31374887,0.4772399663925171
POU2F2,0.32595995,0.41163677,0.12360552,0.5901961,0.31374887,0.4772399663925171
CIRH1A,0.54173017,0.48504823,-0.08177474,0.40980393,0.31374887,0.4772399663925171
KIAA0319L,1.1786975,1.0416727,-0.19768494,0.40980393,0.31374887,0.4772399663925171
MUM1,0.63552034,0.61783564,-0.025513627,0.40980393,0.31374887,0.4772399663925171
RP11-452G18.2,0.40984687,0.47055334,0.08758092,0.5901961,0.31374887,0.4772399663925171
HEXB,1.1694806,1.0518681,-0.16967894,0.40980393,0.31374887,0.4772399663925171
ACSL5,1.2639639,1.1008662,-0.2353003,0.40980393,0.31374887,0.4772399663925171
DNAJB14,1.785407,1.9066234,0.17487833,0.5901961,0.31374887,0.4772399663925171
CPSF6,1.3350147,1.213364,-0.17550485,0.40980393,0.31374887,0.4772399663925171
TP53RK,0.45933113,0.40828064,-0.07365028,0.40980393,0.31374887,0.4772399663925171
PNKP,0.5691143,0.51472026,-0.07847405,0.40980393,0.31374887,0.4772399663925171
MRPL50,0.5462982,0.47767302,-0.09900521,0.40980393,0.31374887,0.4772399663925171
ABHD3,1.2597003,1.2433436,-0.02359774,0.40980393,0.31374887,0.4772399663925171
ME2,0.41919217,0.37900156,-0.05798279,0.40980393,0.31374887,0.4772399663925171
DDX46,1.4528852,1.3106164,-0.20525046,0.40980393,0.31374887,0.4772399663925171
RP11-442H21.2,0.67980975,0.7306938,0.07341019,0.5901961,0.31374887,0.4772399663925171
ALG6,0.7413849,0.641443,-0.14418569,0.40980393,0.31374887,0.4772399663925171
RPLP0P6,2.6717691,2.504747,-0.24096213,0.40980393,0.31374887,0.4772399663925171
CPT1A,1.045342,0.9069524,-0.19965397,0.40980393,0.31374887,0.4772399663925171
STAG3,0.5082264,0.45269266,-0.08011825,0.40980393,0.31374887,0.4772399663925171
PDK3,0.6146901,0.5274427,-0.12587143,0.40980393,0.31374887,0.4772399663925171
R3HDM1,1.0559909,0.90234864,-0.22165897,0.40980393,0.31374887,0.4772399663925171
SKP1P1,0.34824175,0.30175412,-0.067067474,0.40980393,0.31374887,0.4772399663925171
UQCRC2,1.8489532,1.7803919,-0.098913066,0.40980393,0.31374887,0.4772399663925171
PRKX,0.6578,0.6287854,-0.041859288,0.40980393,0.31374887,0.4772399663925171
MCRS1,0.8869279,0.7885289,-0.14195973,0.40980393,0.31374887,0.4772399663925171
ZNF83,0.70871264,0.7555537,0.0675774,0.5901961,0.31374887,0.4772399663925171
RP3-340B19.2,0.6935329,0.6182691,-0.108582705,0.40980393,0.31374887,0.4772399663925171
ADCY7,1.0190171,0.95399994,-0.09379994,0.40980393,0.31374887,0.4772399663925171
PIGQ,0.6676075,0.62792575,-0.057248637,0.40980393,0.31374887,0.4772399663925171
EXOSC10,1.4858992,1.3208482,-0.23811823,0.40980393,0.31374887,0.4772399663925171
APPBP2,0.4785126,0.42031693,-0.08395857,0.40980393,0.31374887,0.4772399663925171
HLA-V,0.66034496,0.44073063,-0.3168365,0.4117647,0.32444704,0.48804333806037903
NFATC2,1.1605605,1.0705378,-0.12987527,0.4117647,0.32450297,0.48804333806037903
RPL32,6.2430615,6.2536016,0.015206018,0.5882353,0.32450297,0.48804333806037903
FGD5-AS1,0.7173755,0.6630806,-0.078331046,0.4117647,0.32450297,0.48804333806037903
UTRN,2.1525633,2.0737002,-0.11377547,0.4117647,0.32450297,0.48804333806037903
DHX38,0.9106826,0.80795664,-0.14820227,0.4117647,0.32450297,0.48804333806037903
KLF6,5.1144543,4.799941,-0.45374665,0.4117647,0.32450297,0.48804333806037903
PTTG1IP,0.8516199,0.7590355,-0.13357101,0.4117647,0.32450297,0.48804333806037903
ENTPD1-AS1,0.41367528,0.3502185,-0.09154877,0.4117647,0.32450297,0.48804333806037903
TMF1,1.1129746,1.0515097,-0.08867511,0.4117647,0.32450297,0.48804333806037903
SACM1L,1.4911082,1.3513111,-0.20168456,0.4117647,0.32450297,0.48804333806037903
CALHM2,0.7938536,0.6917992,-0.14723332,0.4117647,0.32450297,0.48804333806037903
CBWD1,1.0751334,0.980128,-0.13706389,0.4117647,0.32450297,0.48804333806037903
ATF7IP2,0.72204804,0.63971925,-0.118775345,0.4117647,0.32450297,0.48804333806037903
PTPLAD2,0.86658555,0.7491565,-0.16941434,0.4117647,0.32450297,0.48804333806037903
RPSAP58,3.6079626,3.3237455,-0.41003862,0.4117647,0.32450297,0.48804333806037903
PLEKHO1,0.45884317,0.3760276,-0.11947759,0.4117647,0.32450297,0.48804333806037903
MSH2,0.52757615,0.42264318,-0.15138626,0.4117647,0.32450297,0.48804333806037903
RPS20,6.3232346,6.047424,-0.39791074,0.4117647,0.32450297,0.48804333806037903
TGFBR2,0.69266313,0.77184045,0.114228725,0.5882353,0.32450297,0.48804333806037903
TMEM165,0.9715969,0.890962,-0.116331555,0.4117647,0.32450297,0.48804333806037903
NBPF9,1.3313853,1.4487078,0.16926068,0.5882353,0.32450297,0.48804333806037903
LETM1,0.97857326,0.90480673,-0.1064226,0.4117647,0.32450297,0.48804333806037903
HSD17B7P2,0.32461372,0.28231964,-0.061017465,0.4117647,0.32450297,0.48804333806037903
STK10,2.6015162,2.4662123,-0.19520237,0.4117647,0.32450297,0.48804333806037903
LPP,1.1222378,1.0289851,-0.13453515,0.4117647,0.32450297,0.48804333806037903
HERPUD1,3.3967173,3.0590632,-0.48713192,0.4117647,0.32450297,0.48804333806037903
PNO1,0.5306868,0.49154735,-0.05646629,0.4117647,0.32450297,0.48804333806037903
ZNF600,0.5694347,0.63501424,0.094611265,0.5882353,0.32450297,0.48804333806037903
CMTR1,0.87095964,0.76485,-0.15308382,0.4117647,0.32450297,0.48804333806037903
RAD21,1.3198261,1.1600755,-0.23047137,0.4117647,0.32450297,0.48804333806037903
SF1,2.4327657,2.578126,0.20971048,0.5882353,0.32450297,0.48804333806037903
RP11-473I1.9,0.978295,0.85683817,-0.17522521,0.4117647,0.32450297,0.48804333806037903
TMEM131,0.3297008,0.35317352,0.033863984,0.5882353,0.32450297,0.48804333806037903
SH2D1A,2.9931996,2.6051202,-0.55988026,0.4117647,0.32450297,0.48804333806037903
GADD45B,1.4001923,1.4337227,0.048374247,0.4117647,0.32450297,0.48804333806037903
RBM4,2.2018578,2.1057034,-0.13872156,0.4117647,0.32450297,0.48804333806037903
USF2,0.5796102,0.50581807,-0.10645958,0.4117647,0.32450297,0.48804333806037903
MYO9B,1.0628102,0.94629633,-0.16809395,0.4117647,0.32450297,0.48804333806037903
PQBP1,1.1149825,1.0421208,-0.10511717,0.4117647,0.32450297,0.48804333806037903
PMAIP1,1.7778537,1.5159076,-0.37790832,0.4117647,0.32450297,0.48804333806037903
MED10,1.292818,1.139339,-0.22142336,0.4117647,0.32450297,0.48804333806037903
IMP3,1.0527743,0.96333086,-0.12903962,0.4117647,0.32450297,0.48804333806037903
RAB3GAP2,0.86137074,0.78495187,-0.11024913,0.4117647,0.32450297,0.48804333806037903
PGGT1B,0.7788817,0.6686625,-0.15901275,0.4117647,0.32450297,0.48804333806037903
LGALS8,1.1341704,1.0357559,-0.14198217,0.4117647,0.32450297,0.48804333806037903
KIF21B,0.57880074,0.5085801,-0.10130698,0.4117647,0.32450297,0.48804333806037903
TMEM219,1.4146764,1.2530372,-0.2331961,0.4117647,0.32450297,0.48804333806037903
HNRNPUL1,2.0605476,1.8846413,-0.25377914,0.4117647,0.32450297,0.48804333806037903
BZRAP1,0.55443126,0.6637405,0.15769993,0.5882353,0.32450297,0.48804333806037903
SYVN1,0.8033079,0.7211634,-0.118509464,0.4117647,0.32450297,0.48804333806037903
HSP90AA1,5.571291,5.428281,-0.20632002,0.4137255,0.33549422,0.4996129870414734
RBMXP2,0.15743926,0.14267083,-0.02130635,0.4137255,0.33549422,0.4996129870414734
KIAA0100,0.7101906,0.61329806,-0.13978638,0.4137255,0.33549422,0.4996129870414734
TNK2,0.42109567,0.3768857,-0.063781485,0.4137255,0.33549422,0.4996129870414734
KDSR,0.42747083,0.5082469,0.11653523,0.5862745,0.33549422,0.4996129870414734
ZDHHC17,0.39319822,0.4437231,0.07289201,0.5862745,0.33549422,0.4996129870414734
FNBP1,2.0879977,2.0328088,-0.07962074,0.4137255,0.33549422,0.4996129870414734
BCAS2,1.4706059,1.431999,-0.05569796,0.4137255,0.33549422,0.4996129870414734
AP3S1,1.5017725,1.324947,-0.25510532,0.4137255,0.33549422,0.4996129870414734
ZSWIM4,0.22420397,0.17310089,-0.07372617,0.4137255,0.33549422,0.4996129870414734
WDR44,0.5893629,0.49286932,-0.13921084,0.4137255,0.33549422,0.4996129870414734
NFX1,0.8969524,0.81283766,-0.121351905,0.4137255,0.33549422,0.4996129870414734
HIBCH,0.7285333,0.6759231,-0.0759005,0.4137255,0.33549422,0.4996129870414734
GALNT1,0.6083742,0.52952147,-0.11376042,0.4137255,0.33549422,0.4996129870414734
CTC-451P13.1,0.83884525,0.97252566,0.19286005,0.5862745,0.33549422,0.4996129870414734
TPT1,7.72702,7.5321603,-0.28112283,0.4137255,0.33549422,0.4996129870414734
FCHO1,0.53409326,0.4935056,-0.05855562,0.4137255,0.33549422,0.4996129870414734
KIAA1683,0.80837464,0.92762476,0.17204155,0.5862745,0.33549422,0.4996129870414734
MKL1,1.2310308,1.0734078,-0.227402,0.4137255,0.33549422,0.4996129870414734
UBXN4,2.8868735,2.7108707,-0.2539183,0.4137255,0.33549422,0.4996129870414734
CYTIP,4.057298,3.8203223,-0.34188396,0.4137255,0.33549422,0.4996129870414734
PRR14L,0.5936643,0.55224925,-0.059749268,0.4137255,0.33549422,0.4996129870414734
SENP2,0.573938,0.652308,0.113063976,0.5862745,0.33549422,0.4996129870414734
MIR3916,0.74076706,0.6859624,-0.07906644,0.4137255,0.33549422,0.4996129870414734
HP1BP3,2.0852466,1.8847793,-0.28921306,0.4137255,0.33549422,0.4996129870414734
ATP11A,0.3413836,0.3014081,-0.05767245,0.4137255,0.33549422,0.4996129870414734
RNF6,0.69701403,0.67984706,-0.024766706,0.4137255,0.33549422,0.4996129870414734
UBR1,1.0645012,0.9734899,-0.13130154,0.4137255,0.33549422,0.4996129870414734
L3MBTL3,0.42500842,0.39362073,-0.04528286,0.4137255,0.33549422,0.4996129870414734
SMARCA5,1.4216328,1.3972912,-0.03511748,0.4137255,0.33549422,0.4996129870414734
RANBP2,2.0241678,2.2713566,0.35661808,0.5862745,0.33549422,0.4996129870414734
MAPRE2,2.4161181,2.2838662,-0.19079927,0.4137255,0.33549422,0.4996129870414734
TFIP11,1.0259006,0.9856677,-0.0580438,0.4137255,0.33549422,0.4996129870414734
TOP3B,0.5184167,0.49766764,-0.029934568,0.4137255,0.33549422,0.4996129870414734
ST13P6,0.43391943,0.39018083,-0.06310146,0.4137255,0.33549422,0.4996129870414734
SEC16A,1.1820351,1.096072,-0.12401858,0.4137255,0.33549422,0.4996129870414734
RP11-192H23.4,0.17005591,0.1826477,0.01816612,0.5862745,0.33549422,0.4996129870414734
GTF2IP1,0.19215456,0.22506943,0.04748613,0.5862745,0.33549422,0.4996129870414734
MSL1,0.4351634,0.47297618,0.054552294,0.5862745,0.33549422,0.4996129870414734
PIP4K2A,4.4479003,4.585125,0.19797336,0.5862745,0.33549422,0.4996129870414734
POLR2B,1.2202938,1.1180676,-0.14748114,0.4137255,0.33549422,0.4996129870414734
MBD5,0.82679915,0.77153176,-0.079734,0.4137255,0.33549422,0.4996129870414734
TBC1D23,0.6293677,0.703513,0.10696908,0.5862745,0.33549422,0.4996129870414734
NIPAL3,1.1199703,0.9734319,-0.21141027,0.4137255,0.33549422,0.4996129870414734
RPL14P1,1.8295741,1.6852062,-0.2082789,0.4137255,0.33549422,0.4996129870414734
MADD,1.1709285,1.068321,-0.14803131,0.41568628,0.34672236,0.5104232430458069
RP3-395M20.8,0.3877359,0.33859172,-0.07090006,0.41568628,0.34672236,0.5104232430458069
PRKRA,0.75996816,0.6865771,-0.105880946,0.41568628,0.34672236,0.5104232430458069
VPS54,0.39826033,0.3471672,-0.073711805,0.41568628,0.34672236,0.5104232430458069
HLA-DQA2,0.9988244,0.67141885,-0.4723464,0.41568628,0.34672236,0.5104232430458069
SRSF8,0.3706372,0.32182485,-0.070421346,0.41568628,0.34672236,0.5104232430458069
ESF1,0.3716652,0.3576944,-0.020155637,0.41568628,0.34672236,0.5104232430458069
TTC37,0.5409156,0.48873127,-0.07528609,0.41568628,0.34672236,0.5104232430458069
R3HCC1L,0.57662326,0.49443555,-0.1185718,0.41568628,0.34672236,0.5104232430458069
MAGED2,1.1590772,1.0628072,-0.1388882,0.41568628,0.34672236,0.5104232430458069
KLHL9,0.5047759,0.43716687,-0.09753919,0.41568628,0.34672236,0.5104232430458069
RIF1,1.0547277,0.9746114,-0.115583345,0.41568628,0.34672236,0.5104232430458069
SLC25A37,0.4974365,0.5436973,0.06674023,0.58431375,0.34672236,0.5104232430458069
RPS16,6.86191,6.575779,-0.41279963,0.41568628,0.34672236,0.5104232430458069
CLSTN1,0.48232237,0.5530597,0.1020524,0.58431375,0.34672236,0.5104232430458069
LUZP1,0.86265177,0.80438495,-0.08406125,0.41568628,0.34672236,0.5104232430458069
FNDC3A,0.8047265,0.73380864,-0.102312826,0.41568628,0.34672236,0.5104232430458069
CPD,0.6661357,0.5886774,-0.11174874,0.41568628,0.34672236,0.5104232430458069
MAP4K4,0.37235495,0.40787336,0.051242232,0.58431375,0.34672236,0.5104232430458069
C9orf89,0.53616005,0.49728158,-0.056089777,0.41568628,0.34672236,0.5104232430458069
MAPK1,0.53074014,0.4944039,-0.052422117,0.41568628,0.34672236,0.5104232430458069
AP5Z1,0.82896966,0.7564948,-0.104559086,0.41568628,0.34672236,0.5104232430458069
ARHGEF3,1.6783391,1.5346725,-0.20726712,0.41568628,0.34672236,0.5104232430458069
LNPEP,2.0520537,1.8875173,-0.23737578,0.41568628,0.34672236,0.5104232430458069
ANAPC7,0.8307027,0.7148497,-0.16714056,0.41568628,0.34672236,0.5104232430458069
ATXN2L,1.3689107,1.2515216,-0.16935664,0.41568628,0.34672236,0.5104232430458069
MTMR14,0.9441897,0.88359785,-0.0874156,0.41568628,0.34672236,0.5104232430458069
SMIM7,1.1856039,1.0748991,-0.15971324,0.41568628,0.34672236,0.5104232430458069
SULT1A4,0.49335045,0.49926472,0.00853249,0.41568628,0.34672236,0.5104232430458069
GAB3,0.863604,0.7857254,-0.11235506,0.41568628,0.34672236,0.5104232430458069
GIT1,0.4901247,0.44198537,-0.06945038,0.41568628,0.34672236,0.5104232430458069
NMD3,0.55485535,0.5031844,-0.07454545,0.41568628,0.34672236,0.5104232430458069
FRA10AC1,0.48085707,0.41401055,-0.096439146,0.41568628,0.34672236,0.5104232430458069
ZMYM6NB,1.0274723,0.91838473,-0.15738003,0.41568628,0.34672236,0.5104232430458069
LDHAP4,1.4535298,1.354647,-0.14265771,0.41568628,0.34672236,0.5104232430458069
RBM33,1.2229067,1.1695354,-0.076998524,0.41568628,0.34672236,0.5104232430458069
AGO2,0.7601387,0.704128,-0.08080631,0.41568628,0.34672236,0.5104232430458069
NPIPA1,1.72761,1.8206829,0.1342758,0.58431375,0.34672236,0.5104232430458069
PEBP1P3,0.6113555,0.54239964,-0.099482246,0.41568628,0.34672236,0.5104232430458069
AC011737.2,2.4424603,2.2476923,-0.28099075,0.41568628,0.34672236,0.5104232430458069
SPDYE1,0.859423,0.9643308,0.15134998,0.58431375,0.34672236,0.5104232430458069
GNPTG,1.1105876,0.97525954,-0.19523712,0.41568628,0.34672236,0.5104232430458069
STAM,0.7337255,0.6147429,-0.17165563,0.41568628,0.34672236,0.5104232430458069
NCOA1,0.7381345,0.63943917,-0.14238727,0.41568628,0.34672236,0.5104232430458069
ZDHHC2,0.4457935,0.52502316,0.11430423,0.58431375,0.34672236,0.5104232430458069
PPP1R10,1.0375996,1.2291588,0.2763615,0.58431375,0.34672236,0.5104232430458069
PARP15,1.3105227,1.2240462,-0.12475914,0.41568628,0.34672236,0.5104232430458069
FAM126B,0.8491363,0.76853114,-0.11628865,0.41568628,0.34672236,0.5104232430458069
OGDH,1.4283845,1.2871289,-0.20378877,0.41568628,0.34672236,0.5104232430458069
EEF1A1P3,0.17507441,0.16411142,-0.015816255,0.41568628,0.34672236,0.5104232430458069
AZIN1,1.272162,1.2397144,-0.046811957,0.41568628,0.34672236,0.5104232430458069
EIF3L,3.0282617,2.8721879,-0.2251669,0.41568628,0.34672236,0.5104232430458069
RPL10,8.353356,8.401026,0.06877242,0.58431375,0.34672236,0.5104232430458069
RP11-138A9.1,1.8467714,1.6387448,-0.30011883,0.41764706,0.35818687,0.5212215781211853
PMS2P1,0.5037226,0.45122126,-0.07574344,0.41764706,0.35818687,0.5212215781211853
IDE,0.47897437,0.41666466,-0.089893915,0.41764706,0.35818687,0.5212215781211853
PAPD4,1.3029575,1.2049613,-0.14137869,0.41764706,0.35818687,0.5212215781211853
SNHG6,1.5758574,1.4537277,-0.17619587,0.41764706,0.35818687,0.5212215781211853
SMG6,0.7431329,0.63898927,-0.15024748,0.41764706,0.35818687,0.5212215781211853
DNAJC4,1.1030328,0.99725163,-0.15261,0.41764706,0.35818687,0.5212215781211853
NACAP1,0.2124429,0.18555887,-0.03878546,0.41764706,0.35818687,0.5212215781211853
LRCH3,1.1281002,1.0509373,-0.11132248,0.41764706,0.35818687,0.5212215781211853
RDH10,0.58885807,0.5581175,-0.044349253,0.41764706,0.35818687,0.5212215781211853
IKBKE,0.9747344,0.8265384,-0.2138017,0.41764706,0.35818687,0.5212215781211853
VAMP2,1.899339,1.8451642,-0.078157686,0.41764706,0.35818687,0.5212215781211853
UBA1,2.2837095,2.1342366,-0.21564388,0.41764706,0.35818687,0.5212215781211853
RPS13,6.552347,6.273201,-0.40272284,0.41764706,0.35818687,0.5212215781211853
ZFAND2A,0.87105596,0.9373343,0.09561943,0.41764706,0.35818687,0.5212215781211853
PDPK1,0.7635943,0.7019692,-0.08890626,0.41764706,0.35818687,0.5212215781211853
RP11-277L2.4,0.71014845,0.8626722,0.22004527,0.58235294,0.35818687,0.5212215781211853
TRNAU1AP,0.803666,0.69590366,-0.1554682,0.41764706,0.35818687,0.5212215781211853
WBP4,0.4202666,0.35517743,-0.09390382,0.41764706,0.35818687,0.5212215781211853
C9orf78,2.178345,2.094023,-0.1216509,0.41764706,0.35818687,0.5212215781211853
EPT1,0.50319153,0.45000562,-0.07673105,0.41764706,0.35818687,0.5212215781211853
RPL37A,5.8995795,5.6690097,-0.33264196,0.41764706,0.35818687,0.5212215781211853
KIAA2018,0.59019697,0.54541665,-0.064604335,0.41764706,0.35818687,0.5212215781211853
FTH1P7,0.8502132,0.7477241,-0.14786054,0.41764706,0.35818687,0.5212215781211853
SYAP1,1.3096194,1.161986,-0.21299002,0.41764706,0.35818687,0.5212215781211853
LINC00649,0.8472151,0.8353423,-0.01712887,0.41764706,0.35818687,0.5212215781211853
AC016292.3,0.40495232,0.34906754,-0.08062469,0.41764706,0.35818687,0.5212215781211853
AL021707.1,0.4655456,0.4362738,-0.042230252,0.41764706,0.35818687,0.5212215781211853
SPDYE6,0.9429582,1.0940373,0.21796109,0.58235294,0.35818687,0.5212215781211853
MTMR6,0.46146753,0.47070244,0.0133231515,0.41764706,0.35818687,0.5212215781211853
AC092155.1,0.36284977,0.34205702,-0.0299976,0.41764706,0.35818687,0.5212215781211853
AHCTF1,0.47700244,0.53849596,0.08871639,0.58235294,0.35818687,0.5212215781211853
DNAJC10,0.74277604,0.6474865,-0.13747373,0.41764706,0.35818687,0.5212215781211853
RXRB,0.43091294,0.40464848,-0.037891604,0.41764706,0.35818687,0.5212215781211853
PITPNC1,0.67511904,0.6899645,0.02141743,0.58235294,0.35818687,0.5212215781211853
PUM1,1.4257761,1.3191497,-0.15382937,0.41764706,0.35818687,0.5212215781211853
DOCK2,2.4033692,2.2443502,-0.22941591,0.41764706,0.35818687,0.5212215781211853
TTN,1.2008345,1.3678185,0.24090694,0.58235294,0.35818687,0.5212215781211853
EVL,3.890387,3.7651215,-0.18072006,0.41764706,0.35818687,0.5212215781211853
PIBF1,0.57155997,0.54061437,-0.044645064,0.41764706,0.35818687,0.5212215781211853
RP11-436H11.1,0.31315756,0.29444537,-0.026995989,0.41764706,0.35818687,0.5212215781211853
MIR3615,0.8075969,0.7413515,-0.095571965,0.41764706,0.35818687,0.5212215781211853
BRF1,0.46219233,0.41369596,-0.06996547,0.41764706,0.35818687,0.5212215781211853
RP11-347C12.2,2.090511,2.0018215,-0.127952,0.41764706,0.35818687,0.5212215781211853
ARGLU1,3.5525825,3.4347687,-0.16996942,0.41764706,0.35818687,0.5212215781211853
DIDO1,0.86174655,0.7763985,-0.12313124,0.41764706,0.35818687,0.5212215781211853
UBE2D3P1,0.3222027,0.28584072,-0.052459266,0.41764706,0.35818687,0.5212215781211853
NAIP,0.35181892,0.41980842,0.098088115,0.58235294,0.35818687,0.5212215781211853
CLINT1,1.0776573,1.2330711,0.22421464,0.58235294,0.35818687,0.5212215781211853
HSPD1,2.8194888,2.7270553,-0.13335328,0.41764706,0.35818687,0.5212215781211853
TTC17,1.5064104,1.5822856,0.10946489,0.58235294,0.35818687,0.5212215781211853
AP3D1,0.6946524,0.6360584,-0.08453326,0.41764706,0.35818687,0.5212215781211853
TNPO2,0.6005905,0.54170936,-0.08494756,0.41764706,0.35818687,0.5212215781211853
ANKRD37,0.58385265,0.8209381,0.34204203,0.58235294,0.35818687,0.5212215781211853
SUPT20H,0.97767854,0.9131995,-0.09302361,0.41960785,0.369887,0.5332381129264832
EXOSC8,1.071154,0.91010046,-0.23235114,0.41960785,0.369887,0.5332381129264832
SMIM19,0.6862186,0.5214237,-0.23774882,0.41960785,0.369887,0.5332381129264832
CSGALNACT2,0.51778895,0.557065,0.056663383,0.5803922,0.369887,0.5332381129264832
OGT,3.3294368,3.246215,-0.1200635,0.41960785,0.369887,0.5332381129264832
JOSD1,0.7700588,0.7774787,0.01070463,0.41960785,0.369887,0.5332381129264832
MTOR,0.6351699,0.5466974,-0.1276389,0.41960785,0.369887,0.5332381129264832
LRRC28,0.54927045,0.45366785,-0.1379254,0.41960785,0.369887,0.5332381129264832
DDHD2,0.645868,0.5878967,-0.083634906,0.41960785,0.369887,0.5332381129264832
PTCD1,0.3821551,0.32552153,-0.08170496,0.41960785,0.369887,0.5332381129264832
CWF19L2,0.81570685,0.77421016,-0.059867073,0.41960785,0.369887,0.5332381129264832
SDC4,0.6375386,0.49590224,-0.20433809,0.41960785,0.369887,0.5332381129264832
PCF11,1.1116731,1.0767108,-0.05043993,0.41960785,0.369887,0.5332381129264832
ZNF160,0.4942277,0.5525787,0.08418267,0.5803922,0.369887,0.5332381129264832
C5orf15,1.1257156,1.0466475,-0.1140711,0.41960785,0.369887,0.5332381129264832
DYRK2,0.59276813,0.6415428,0.07036696,0.5803922,0.369887,0.5332381129264832
KIAA0355,0.34279776,0.39371487,0.073457874,0.5803922,0.369887,0.5332381129264832
PRPF8,1.9722446,1.7728709,-0.28763548,0.41960785,0.369887,0.5332381129264832
RPL24P8,0.35945746,0.32678518,-0.047136147,0.41960785,0.369887,0.5332381129264832
CLASP1,1.2227802,1.0766932,-0.21075906,0.41960785,0.369887,0.5332381129264832
FUS,4.0050497,3.791236,-0.30846807,0.41960785,0.369887,0.5332381129264832
TRIM39,0.41930857,0.515574,0.13888162,0.5803922,0.369887,0.5332381129264832
TMEM106B,0.55544657,0.594409,0.056210894,0.5803922,0.369887,0.5332381129264832
LONP2,1.4976426,1.4103187,-0.12598176,0.41960785,0.369887,0.5332381129264832
CTD-2031P19.4,6.1576996,6.1405478,-0.024744865,0.5803922,0.369887,0.5332381129264832
SFMBT2,0.71638227,0.65215915,-0.09265436,0.41960785,0.369887,0.5332381129264832
ST8SIA1,0.34860697,0.4100691,0.08867112,0.5803922,0.369887,0.5332381129264832
ATAD1,0.9916658,0.908989,-0.119277366,0.41960785,0.369887,0.5332381129264832
POLR2J4,0.4548306,0.48983026,0.050493848,0.5803922,0.369887,0.5332381129264832
CYTH1,2.0366318,2.101546,0.09365143,0.5803922,0.369887,0.5332381129264832
GNPTAB,0.818427,0.68735456,-0.18909758,0.41960785,0.369887,0.5332381129264832
CNOT2,2.9867613,2.7912834,-0.2820151,0.41960785,0.369887,0.5332381129264832
CTD-2270N23.1,0.69141084,0.63074917,-0.08751629,0.41960785,0.369887,0.5332381129264832
DGKA,2.2721205,2.5999846,0.473008,0.5803922,0.369887,0.5332381129264832
PICALM,0.9264427,0.82266027,-0.14972638,0.41960785,0.369887,0.5332381129264832
CMIP,0.27433893,0.24946553,-0.035884738,0.41960785,0.369887,0.5332381129264832
JMJD7,0.59625316,0.5463287,-0.07202573,0.41960785,0.369887,0.5332381129264832
RABL2B,0.7034801,0.6404428,-0.09094365,0.41960785,0.369887,0.5332381129264832
MKNK2,1.2781731,1.1735096,-0.1509975,0.41960785,0.369887,0.5332381129264832
MRPL1,0.9017317,0.8905233,-0.016170325,0.41960785,0.369887,0.5332381129264832
PGS1,0.7055319,0.6197178,-0.1238036,0.41960785,0.369887,0.5332381129264832
KLF12,1.3706717,1.5394689,0.2435228,0.5803922,0.369887,0.5332381129264832
PTOV1,0.64096653,0.6020318,-0.05617091,0.41960785,0.369887,0.5332381129264832
ATXN7L1,0.71883845,0.6293407,-0.12911795,0.41960785,0.369887,0.5332381129264832
SUMF2,1.9950765,1.8817136,-0.16354811,0.42156863,0.38180792,0.5455967783927917
CDC26,1.1983261,1.1048998,-0.13478573,0.42156863,0.3818217,0.5455967783927917
BIRC3,3.3796256,3.0499933,-0.47555885,0.42156863,0.3818217,0.5455967783927917
SMN1,1.0802135,1.013693,-0.0959689,0.42156863,0.3818217,0.5455967783927917
TWISTNB,0.6486295,0.58309335,-0.094548665,0.42156863,0.3818217,0.5455967783927917
LEPROT,0.49341452,0.4125325,-0.11668808,0.42156863,0.3818217,0.5455967783927917
FLOT1,1.1161603,0.9132145,-0.29278886,0.42156863,0.3818217,0.5455967783927917
AC009245.3,0.9217858,0.8923186,-0.042512134,0.42156863,0.3818217,0.5455967783927917
EGR1,1.2329279,1.5238794,0.41975427,0.57843137,0.3818217,0.5455967783927917
RP6-206I17.1,0.7016242,0.7749141,0.10573494,0.57843137,0.3818217,0.5455967783927917
EIF3FP1,0.5232101,0.5062548,-0.02446135,0.42156863,0.3818217,0.5455967783927917
PRPF39,1.2270609,1.1493101,-0.112170696,0.42156863,0.3818217,0.5455967783927917
HNRNPA0,0.8494287,0.80235386,-0.06791466,0.42156863,0.3818217,0.5455967783927917
LRRC37A2,1.2497967,1.1432428,-0.1537248,0.42156863,0.3818217,0.5455967783927917
RP11-658F2.8,0.6476728,0.7020772,0.07848901,0.57843137,0.3818217,0.5455967783927917
NIN,1.0702962,1.1416339,0.10291854,0.57843137,0.3818217,0.5455967783927917
ARID5B,2.1277032,1.8915861,-0.34064502,0.42156863,0.3818217,0.5455967783927917
KTN1,2.055114,1.9342923,-0.17430888,0.42156863,0.3818217,0.5455967783927917
ZMYND8,0.6824262,0.62876064,-0.077423066,0.42156863,0.3818217,0.5455967783927917
RPS26P6,1.7716571,2.0973315,0.46984887,0.57843137,0.3818217,0.5455967783927917
MPHOSPH10,0.5576901,0.5241019,-0.04845749,0.42156863,0.3818217,0.5455967783927917
CDC25B,0.7565113,0.6391352,-0.1693379,0.42156863,0.3818217,0.5455967783927917
AGTPBP1,0.55622554,0.58436006,0.040589537,0.57843137,0.3818217,0.5455967783927917
PDLIM2,0.8484192,0.75633407,-0.13285075,0.42156863,0.3818217,0.5455967783927917
SRRM1,2.927839,2.819018,-0.15699574,0.42156863,0.3818217,0.5455967783927917
SIPA1,0.79081005,0.72485703,-0.09515009,0.42156863,0.3818217,0.5455967783927917
CASC4P1,0.16927406,0.15123865,-0.0260196,0.42156863,0.3818217,0.5455967783927917
SPDYE8P,0.35090005,0.35311687,0.0031981894,0.42156863,0.3818217,0.5455967783927917
OIP5-AS1,0.95497704,0.84346145,-0.16088298,0.42156863,0.3818217,0.5455967783927917
RPL13AP20,0.39702517,0.43572426,0.055830985,0.57843137,0.3818217,0.5455967783927917
HCG4P11,0.30806723,0.28538775,-0.03271957,0.42156863,0.3818217,0.5455967783927917
DHX9,1.5489057,1.4421356,-0.15403678,0.42156863,0.3818217,0.5455967783927917
YBX3,0.5500113,0.46064767,-0.12892443,0.42156863,0.3818217,0.5455967783927917
HNRNPKP2,0.28862342,0.240956,-0.06876957,0.42156863,0.3818217,0.5455967783927917
FAM21B,0.3247009,0.2889639,-0.05155756,0.42156863,0.3818217,0.5455967783927917
EIF1B,1.9986748,1.8460802,-0.22014743,0.42156863,0.3818217,0.5455967783927917
CLUAP1,0.3553527,0.29961026,-0.08041935,0.42156863,0.3818217,0.5455967783927917
TOMM7,3.1216638,2.9322746,-0.2732309,0.42156863,0.3818217,0.5455967783927917
RPS15AP12,0.35165066,0.3126956,-0.056200277,0.42156863,0.3818217,0.5455967783927917
AGK,0.8317054,0.68701875,-0.2087387,0.42156863,0.3818217,0.5455967783927917
ZNF91,0.5269837,0.5896902,0.0904664,0.57843137,0.3818217,0.5455967783927917
SMG7,0.79427457,0.71123815,-0.11979623,0.42156863,0.3818217,0.5455967783927917
CCNI,2.724937,2.6105235,-0.16506378,0.42352942,0.3939897,0.556566596031189
TOM1,0.66018397,0.72725725,0.09676629,0.5764706,0.3939897,0.556566596031189
HEXDC,0.50651157,0.4287648,-0.11216489,0.42352942,0.3939897,0.556566596031189
ACADM,0.7714987,0.6392641,-0.19077416,0.42352942,0.3939897,0.556566596031189
CATSPER2P1,0.6304281,0.5810258,-0.07127245,0.42352942,0.3939897,0.556566596031189
AKIRIN1,1.498541,1.451077,-0.068476096,0.42352942,0.3939897,0.556566596031189
MORF4L1P1,0.78003305,0.72697127,-0.076551974,0.42352942,0.3939897,0.556566596031189
ABCA7,0.95397973,1.0781726,0.17917238,0.5764706,0.3939897,0.556566596031189
SMG5,0.6971709,0.63954955,-0.08313005,0.42352942,0.3939897,0.556566596031189
KLRC4,1.7352194,1.5064116,-0.33009988,0.42352942,0.3939897,0.556566596031189
SLC20A2,0.44362643,0.4743569,0.044334676,0.5764706,0.3939897,0.556566596031189
GLUL,0.84558034,0.74239236,-0.14886878,0.42352942,0.3939897,0.556566596031189
HNRNPA1P35,0.26525867,0.23958302,-0.03704214,0.42352942,0.3939897,0.556566596031189
CCSER2,1.495848,1.4031154,-0.13378479,0.42352942,0.3939897,0.556566596031189
GCC2,1.7285856,1.8543293,0.18140988,0.5764706,0.3939897,0.556566596031189
DOCK10,2.1546159,1.9870237,-0.2417844,0.42352942,0.3939897,0.556566596031189
EML2,0.53522605,0.47307956,-0.089658424,0.42352942,0.3939897,0.556566596031189
MAP3K3,0.36896724,0.3318131,-0.053602092,0.42352942,0.3939897,0.556566596031189
PEX16,0.8917072,0.7750806,-0.16825657,0.42352942,0.3939897,0.556566596031189
SNRPN,1.5458392,1.5871503,0.059599385,0.5764706,0.3939897,0.556566596031189
SERP1,2.6395717,2.5435095,-0.13858843,0.42352942,0.3939897,0.556566596031189
AC022431.1,1.6924894,1.5241399,-0.24287699,0.42352942,0.3939897,0.556566596031189
TUBB4B,2.4213645,2.1542346,-0.38538697,0.42352942,0.3939897,0.556566596031189
OXSR1,0.41847625,0.3718551,-0.067260094,0.42352942,0.3939897,0.556566596031189
ALDH3A2,0.674013,0.57140595,-0.14803071,0.42352942,0.3939897,0.556566596031189
DUSP10,1.6888034,1.4260983,-0.37900332,0.42352942,0.3939897,0.556566596031189
TIAL1,0.6863224,0.6399841,-0.06685206,0.42352942,0.3939897,0.556566596031189
ZZEF1,0.8669342,0.7951197,-0.10360639,0.42352942,0.3939897,0.556566596031189
MSNP1,0.13297434,0.113691814,-0.027818806,0.42352942,0.3939897,0.556566596031189
AHSA1,2.0728407,2.0999582,0.03912227,0.42352942,0.3939897,0.556566596031189
REV3L,0.6317299,0.7136355,0.11816481,0.5764706,0.3939897,0.556566596031189
RP11-66N24.3,0.42781538,0.47407755,0.06674221,0.5764706,0.3939897,0.556566596031189
FAM76B,0.5052374,0.43717873,-0.0981879,0.42352942,0.3939897,0.556566596031189
ODC1,0.5977131,0.586495,-0.016184341,0.42352942,0.3939897,0.556566596031189
AC008964.1,1.0352929,1.0034418,-0.045951355,0.42352942,0.3939897,0.556566596031189
RAB5B,0.51606405,0.4758571,-0.05800635,0.42352942,0.3939897,0.556566596031189
PARP10,1.1172581,1.0044123,-0.16280204,0.42352942,0.3939897,0.556566596031189
DMAP1,0.69494367,0.6047102,-0.13017935,0.42352942,0.3939897,0.556566596031189
USP14,0.8991128,0.7987477,-0.14479624,0.42352942,0.3939897,0.556566596031189
HIF1AN,0.94518894,0.825758,-0.17230245,0.42352942,0.3939897,0.556566596031189
RPL11,6.990983,6.794737,-0.28312334,0.42352942,0.3939897,0.556566596031189
CCDC141,0.88309985,0.78716326,-0.13840725,0.42352942,0.3939897,0.556566596031189
ARSG,0.41677973,0.39596933,-0.030023055,0.42352942,0.3939897,0.556566596031189
RCSD1,1.2533375,1.1481291,-0.15178363,0.42352942,0.3939897,0.556566596031189
CHRAC1,0.83571434,0.7376748,-0.1414412,0.42352942,0.3939897,0.556566596031189
DDB1,1.5395236,1.4229399,-0.16819473,0.42352942,0.3939897,0.556566596031189
CTB-50E14.5,0.58696616,0.6829119,0.1384204,0.5764706,0.3939897,0.556566596031189
POLB,0.6950037,0.61114097,-0.12098833,0.42352942,0.3939897,0.556566596031189
CXorf38,0.6265396,0.5454958,-0.11692146,0.42352942,0.3939897,0.556566596031189
PPP2R2A,0.61199325,0.56710434,-0.06476101,0.42352942,0.3939897,0.556566596031189
ARHGEF9,0.39615127,0.34242487,-0.07751082,0.42352942,0.3939897,0.556566596031189
PDE7A,1.1345038,1.1014423,-0.047697667,0.42352942,0.3939897,0.556566596031189
ATP10A,0.28657982,0.26046684,-0.037673056,0.42352942,0.3939897,0.556566596031189
BANP,1.0701776,1.0030576,-0.096833624,0.42352942,0.3939897,0.556566596031189
HERC2P9,1.009897,1.1085695,0.14235434,0.5764706,0.3939897,0.556566596031189
CDC42SE1,2.0372648,1.8584151,-0.25802556,0.4254902,0.40638956,0.5686617493629456
GFOD1,0.6642113,0.573129,-0.13140395,0.4254902,0.40638956,0.5686617493629456
ZNF451,1.1849493,1.1377982,-0.06802464,0.4254902,0.40638956,0.5686617493629456
STK24,0.49018934,0.43009567,-0.08669684,0.4254902,0.40638956,0.5686617493629456
ANKRD13D,0.9813675,0.85490525,-0.18244651,0.4254902,0.40638956,0.5686617493629456
TIAM1,0.5307196,0.5740268,0.062479146,0.5745098,0.40638956,0.5686617493629456
SOCS4,0.64530104,0.59481287,-0.07283904,0.4254902,0.40638956,0.5686617493629456
RPS23P8,0.9187963,0.885006,-0.048749086,0.4254902,0.40638956,0.5686617493629456
RP11-611O2.5,0.94699645,0.8539153,-0.13428774,0.4254902,0.40638956,0.5686617493629456
SCLY,0.5693043,0.47726142,-0.13278978,0.4254902,0.40638956,0.5686617493629456
NFATC1,0.9609185,1.0753164,0.16504134,0.5745098,0.40638956,0.5686617493629456
DDX18,1.3973852,1.3570935,-0.05812876,0.4254902,0.40638956,0.5686617493629456
TEP1,0.6043729,0.5554998,-0.07050902,0.4254902,0.40638956,0.5686617493629456
RP11-264B14.2,0.44302788,0.37111253,-0.10375193,0.4254902,0.40638956,0.5686617493629456
POU2F1,0.49534792,0.47020274,-0.036276817,0.4254902,0.40638956,0.5686617493629456
CCDC97,0.86848086,0.7904607,-0.11255929,0.4254902,0.40638956,0.5686617493629456
PAPD5,0.5882679,0.65853244,0.101370275,0.5745098,0.40638956,0.5686617493629456
CEP57,1.320225,1.2010471,-0.17193742,0.4254902,0.40638956,0.5686617493629456
RGS14,1.0003966,0.89936775,-0.14575383,0.4254902,0.40638956,0.5686617493629456
HSPA8P9,0.2806316,0.26135403,-0.027811658,0.4254902,0.40638956,0.5686617493629456
AC068039.4,0.13341679,0.14293052,0.0137254195,0.5745098,0.40638956,0.5686617493629456
UBIAD1,0.5478841,0.5007452,-0.0680071,0.4254902,0.40638956,0.5686617493629456
H3F3C,0.65737057,0.59892523,-0.084318794,0.4254902,0.40638956,0.5686617493629456
RPS6KB2,0.8989392,0.8066183,-0.13319093,0.4254902,0.40638956,0.5686617493629456
ZSWIM8,0.5965758,0.51845014,-0.1127115,0.4254902,0.40638956,0.5686617493629456
TUBA1A,2.8118997,2.6417701,-0.24544504,0.4254902,0.40638956,0.5686617493629456
TBC1D17,0.45975095,0.42953146,-0.043597516,0.4254902,0.40638956,0.5686617493629456
RP11-750B16.1,0.32028735,0.23882112,-0.11753092,0.4254902,0.40638956,0.5686617493629456
CEP350,0.74779606,0.71470994,-0.047733184,0.4254902,0.40638956,0.5686617493629456
CCDC91,0.94781804,0.8928153,-0.07935219,0.4254902,0.40638956,0.5686617493629456
ANO9,0.78224754,0.85260737,0.101507775,0.5745098,0.40638956,0.5686617493629456
ZFX,1.1070741,0.97953683,-0.18399744,0.4254902,0.40638956,0.5686617493629456
NLRC3,1.2558994,1.2045991,-0.07401067,0.4254902,0.40638956,0.5686617493629456
RPS21,4.3134527,4.0275445,-0.4124784,0.4254902,0.40638956,0.5686617493629456
RPLP1,7.698753,7.532192,-0.24029623,0.4254902,0.40638956,0.5686617493629456
CD46,1.9638722,1.8445678,-0.17211989,0.4254902,0.40638956,0.5686617493629456
NR2C1,0.5527617,0.506273,-0.06706902,0.4254902,0.40638956,0.5686617493629456
UBR5,0.676879,0.633514,-0.06256247,0.4254902,0.40638956,0.5686617493629456
RPL23P8,0.3299902,0.28768146,-0.06103862,0.4254902,0.40638956,0.5686617493629456
MBD1,0.85413206,0.79447395,-0.08606846,0.4254902,0.40638956,0.5686617493629456
UBE4A,1.4318197,1.3594615,-0.10439072,0.4254902,0.40638956,0.5686617493629456
EEF1DP1,0.57330066,0.5629656,-0.014910379,0.4254902,0.40638956,0.5686617493629456
STRN3,0.966492,0.89581627,-0.10196353,0.4254902,0.40638956,0.5686617493629456
QTRT1,0.6543292,0.6019626,-0.07554897,0.4254902,0.40638956,0.5686617493629456
TCF12,1.120952,1.1416565,0.02987029,0.5745098,0.40638956,0.5686617493629456
RPS17L,5.4121704,5.13995,-0.39273134,0.4254902,0.40638956,0.5686617493629456
ZNF518A,0.4839769,0.43378854,-0.0724065,0.42647058,0.41266233,0.5773206949234009
TRA2B,2.5618489,2.5473,-0.02098945,0.42745098,0.41901943,0.5812039971351624
ANKH,0.41517937,0.46992373,0.07897942,0.57254905,0.41901943,0.5812039971351624
CERK,0.43947452,0.477115,0.054303735,0.57254905,0.41901943,0.5812039971351624
FAM76A,0.8779853,0.78949666,-0.12766212,0.42745098,0.41901943,0.5812039971351624
LRIG1,0.49248946,0.44363922,-0.070475996,0.42745098,0.41901943,0.5812039971351624
NOMO3,0.76057315,0.7019981,-0.08450591,0.42745098,0.41901943,0.5812039971351624
GDI1,1.2491329,1.134472,-0.16542065,0.42745098,0.41901943,0.5812039971351624
RP11-543P15.1,2.339596,2.1961741,-0.20691405,0.42745098,0.41901943,0.5812039971351624
FBXW11,1.0024348,0.92068624,-0.11793831,0.42745098,0.41901943,0.5812039971351624
RASA2,1.8532761,1.7362928,-0.16877122,0.42745098,0.41901943,0.5812039971351624
RPS10,5.480601,5.5041094,0.033915665,0.57254905,0.41901943,0.5812039971351624
ZNF721,0.6616046,0.59212655,-0.10023562,0.42745098,0.41901943,0.5812039971351624
SLC30A7,1.2676854,1.215857,-0.07477255,0.42745098,0.41901943,0.5812039971351624
LDHAP3,0.55169785,0.52274716,-0.04176702,0.42745098,0.41901943,0.5812039971351624
CAND1,1.0125937,0.9545335,-0.083763205,0.42745098,0.41901943,0.5812039971351624
RP11-771F20.1,0.2840766,0.30706593,0.033166595,0.57254905,0.41901943,0.5812039971351624
RPSAP54,0.26677033,0.25941613,-0.010609868,0.42745098,0.41901943,0.5812039971351624
BCLAF1,2.902724,2.7928565,-0.1585054,0.42745098,0.41901943,0.5812039971351624
RP11-12M9.3,0.8499392,0.80890125,-0.059205286,0.42745098,0.41901943,0.5812039971351624
RPS15A,7.292181,6.9470196,-0.49796268,0.42745098,0.41901943,0.5812039971351624
GMFB,0.59388363,0.5458578,-0.06928665,0.42745098,0.41901943,0.5812039971351624
SLC7A5,1.3372256,1.2490572,-0.12720008,0.42745098,0.41901943,0.5812039971351624
MFSD1,0.64374715,0.58196336,-0.08913517,0.42745098,0.41901943,0.5812039971351624
C1orf86,0.42376533,0.36037436,-0.091453835,0.42745098,0.41901943,0.5812039971351624
RPAP3,0.6519035,0.5647218,-0.12577659,0.42745098,0.41901943,0.5812039971351624
NRBF2,0.76520556,0.6725829,-0.13362622,0.42745098,0.41901943,0.5812039971351624
TAF11,0.67223155,0.61891663,-0.07691718,0.42745098,0.41901943,0.5812039971351624
MT-ND6,2.9809222,3.2413473,0.37571397,0.57254905,0.41901943,0.5812039971351624
AREG,0.6827787,0.810297,0.18397002,0.57254905,0.41901943,0.5812039971351624
UPK3BL,1.3709645,1.4688064,0.14115596,0.57254905,0.41901943,0.5812039971351624
ANKHD1,1.889776,1.8400187,-0.071784526,0.42745098,0.41901943,0.5812039971351624
ANKFY1,0.6316716,0.58423936,-0.06843026,0.42745098,0.41901943,0.5812039971351624
CIC,0.39367113,0.36611786,-0.039750952,0.42745098,0.41901943,0.5812039971351624
ATF6,0.5811911,0.5217274,-0.08578804,0.42745098,0.41901943,0.5812039971351624
RP11-48B14.1,0.28896245,0.33800173,0.07074872,0.57254905,0.41901943,0.5812039971351624
EIF2D,0.61717236,0.51283294,-0.15052997,0.42745098,0.41901943,0.5812039971351624
XYLT1,0.2841691,0.24444647,-0.05730765,0.42745098,0.41901943,0.5812039971351624
SSH1,0.4999622,0.457738,-0.060916644,0.42745098,0.41901943,0.5812039971351624
PARP6,0.6168248,0.55756074,-0.08549997,0.42745098,0.41901943,0.5812039971351624
HACL1,0.5764543,0.5177236,-0.08473043,0.42745098,0.41901943,0.5812039971351624
GLTSCR2,1.4162154,1.5407425,0.17965463,0.57254905,0.41901943,0.5812039971351624
NDFIP1,1.4137329,1.52611,0.16212597,0.57254905,0.41901943,0.5812039971351624
IL18BP,0.4237942,0.37402385,-0.07180344,0.42941177,0.431864,0.5921697020530701
ACOX1,0.55424327,0.5246665,-0.042670272,0.42941177,0.43187732,0.5921697020530701
LMNA,1.0273443,1.3406868,0.4520576,0.57058823,0.43187732,0.5921697020530701
SUPV3L1,0.7978536,0.67624366,-0.17544603,0.42941177,0.43187732,0.5921697020530701
RP11-442A13.1,0.9193069,0.8146435,-0.15099733,0.42941177,0.43187732,0.5921697020530701
FAM63B,0.62213457,0.6050226,-0.024687335,0.42941177,0.43187732,0.5921697020530701
AC021016.7,0.2492689,0.21438548,-0.050326142,0.42941177,0.43187732,0.5921697020530701
RAB37,1.0797921,0.94411635,-0.19573879,0.42941177,0.43187732,0.5921697020530701
MSH6,0.64582527,0.59553534,-0.07255303,0.42941177,0.43187732,0.5921697020530701
AC018720.10,1.4931524,1.6031842,0.1587424,0.57058823,0.43187732,0.5921697020530701
WDR37,0.4559332,0.4036662,-0.07540537,0.42941177,0.43187732,0.5921697020530701
PLEKHM1,1.0380793,0.9727607,-0.094234794,0.42941177,0.43187732,0.5921697020530701
RPL3P7,0.7699286,0.85728735,0.12603207,0.57058823,0.43187732,0.5921697020530701
DCAF5,1.0074939,0.9692032,-0.055241775,0.42941177,0.43187732,0.5921697020530701
ATF7,0.76598465,0.66327095,-0.14818455,0.42941177,0.43187732,0.5921697020530701
CHCHD7,1.066928,0.97920465,-0.12655808,0.42941177,0.43187732,0.5921697020530701
RP11-261C10.3,0.6516063,0.6033083,-0.06967929,0.42941177,0.43187732,0.5921697020530701
ALG3,0.64743894,0.52728015,-0.1733525,0.42941177,0.43187732,0.5921697020530701
ZNF800,1.0919358,1.0210302,-0.10229511,0.42941177,0.43187732,0.5921697020530701
CBWD5,1.6161036,1.5440055,-0.104015626,0.42941177,0.43187732,0.5921697020530701
KLHL21,0.57926744,0.6074118,0.040603727,0.57058823,0.43187732,0.5921697020530701
GPR18,0.52504355,0.61948305,0.13624741,0.57058823,0.43187732,0.5921697020530701
HSPA8P8,0.331193,0.34286147,0.016834049,0.42941177,0.43187732,0.5921697020530701
TNPO3,0.5638777,0.5458762,-0.02597067,0.42941177,0.43187732,0.5921697020530701
ZNF7,0.51695293,0.45197704,-0.09374039,0.42941177,0.43187732,0.5921697020530701
ARL17B,1.104461,0.99803656,-0.15353794,0.42941177,0.43187732,0.5921697020530701
CCND3,3.0061264,2.9123516,-0.13528843,0.42941177,0.43187732,0.5921697020530701
GTPBP4,0.6974204,0.59729624,-0.14444865,0.42941177,0.43187732,0.5921697020530701
MAN2C1,1.0257058,1.0629995,0.053803395,0.57058823,0.43187732,0.5921697020530701
UXT,1.6877084,1.5059397,-0.26223674,0.42941177,0.43187732,0.5921697020530701
FGD3,1.7988601,1.7410142,-0.08345389,0.42941177,0.43187732,0.5921697020530701
RNF5P1,0.43409652,0.36541528,-0.09908608,0.42941177,0.43187732,0.5921697020530701
PACS1,0.8097214,0.8746829,0.093719624,0.57058823,0.43187732,0.5921697020530701
RPL10P3,3.7749941,3.793956,0.027356248,0.57058823,0.43187732,0.5921697020530701
AVL9,1.1927797,1.0726578,-0.17329918,0.42941177,0.43187732,0.5921697020530701
EEF1A1P29,0.21437016,0.25184855,0.054069884,0.57058823,0.43187732,0.5921697020530701
UBE2G2,1.1563812,1.1797704,0.03374334,0.57058823,0.43187732,0.5921697020530701
STRN4,0.46827143,0.44431353,-0.034563955,0.42941177,0.43187732,0.5921697020530701
ABHD14B,1.2365667,1.1389208,-0.14087322,0.42941177,0.43187732,0.5921697020530701
LMBRD1,0.93333614,0.88171923,-0.07446746,0.42941177,0.43187732,0.5921697020530701
PDE12,0.49615335,0.44753864,-0.070136204,0.42941177,0.43187732,0.5921697020530701
SYS1,0.8532415,0.8122623,-0.0591205,0.42941177,0.43187732,0.5921697020530701
AHI1,1.4491304,1.2882156,-0.23215096,0.42941177,0.43187732,0.5921697020530701
RP11-144G6.12,0.58716863,0.60788536,0.029887918,0.57058823,0.43187732,0.5921697020530701
KCNA3,0.62954956,0.694883,0.09425621,0.57058823,0.43187732,0.5921697020530701
PDE4A,0.60128844,0.50644076,-0.13683628,0.42941177,0.43187732,0.5921697020530701
WWP2,0.96104485,0.9143408,-0.067379706,0.42941177,0.43187732,0.5921697020530701
ZMYM5,0.8130646,0.7555657,-0.08295334,0.42941177,0.43187732,0.5921697020530701
SLC35C2,0.79276806,0.7088729,-0.121035114,0.42941177,0.43187732,0.5921697020530701
PRKDC,1.5288144,1.5795698,0.07322454,0.57058823,0.43187732,0.5921697020530701
RNMT,0.6913195,0.6952027,0.005602249,0.42941177,0.43187732,0.5921697020530701
RELT,0.4213743,0.37554377,-0.06611946,0.42941177,0.43187732,0.5921697020530701
PARP8,3.0172715,2.991756,-0.036811166,0.42941177,0.43187732,0.5921697020530701
AIDA,0.3814432,0.35507756,-0.038037576,0.42941177,0.43187732,0.5921697020530701
CAMTA1,1.0110412,0.90953726,-0.14643918,0.42941177,0.43187732,0.5921697020530701
FAM134C,1.1772751,1.1009777,-0.11007389,0.42941177,0.43187732,0.5921697020530701
CLEC2D,4.435028,4.3220086,-0.16305262,0.42941177,0.43187732,0.5921697020530701
RP11-24N18.1,0.47502664,0.43738055,-0.05431182,0.43039215,0.4383778,0.6009619832038879
EDEM3,0.77775794,0.6583294,-0.17229892,0.43137255,0.44496092,0.6056017875671387
RP11-373L24.1,0.703226,0.7936039,0.13038778,0.5686275,0.44496092,0.6056017875671387
MTR,0.917605,0.9283867,0.015554713,0.5686275,0.44496092,0.6056017875671387
ETV3,0.63837236,0.7657752,0.18380345,0.5686275,0.44496092,0.6056017875671387
RPS25,6.6753993,6.670362,-0.0072672986,0.5686275,0.44496092,0.6056017875671387
USP47,1.2101551,1.1415411,-0.098989084,0.43137255,0.44496092,0.6056017875671387
TIMM10B,0.8576874,0.85222334,-0.007882996,0.43137255,0.44496092,0.6056017875671387
WDR6,1.1049798,0.9981168,-0.15417066,0.43137255,0.44496092,0.6056017875671387
HIPK3,0.7175762,0.6887159,-0.041636657,0.43137255,0.44496092,0.6056017875671387
PSPC1,1.5331782,1.4867613,-0.0669654,0.43137255,0.44496092,0.6056017875671387
TMEM259,0.6617686,0.7204945,0.084723555,0.5686275,0.44496092,0.6056017875671387
TCTA,0.5709207,0.53482753,-0.052071445,0.43137255,0.44496092,0.6056017875671387
SCAPER,0.89156514,0.8501069,-0.05981161,0.43137255,0.44496092,0.6056017875671387
HERC2,0.78231055,0.8305128,0.069541186,0.5686275,0.44496092,0.6056017875671387
RBM48,0.5128294,0.5642493,0.074183166,0.5686275,0.44496092,0.6056017875671387
RORA,1.2376114,1.1281294,-0.15794921,0.43137255,0.44496092,0.6056017875671387
RPL13AP5,3.7386017,3.8047938,0.09549509,0.5686275,0.44496092,0.6056017875671387
SRSF3,4.8965774,4.6948195,-0.29107514,0.43137255,0.44496092,0.6056017875671387
GOSR2,0.7552515,0.67494994,-0.115850694,0.43137255,0.44496092,0.6056017875671387
NABP1,1.4203252,1.6285346,0.30038267,0.5686275,0.44496092,0.6056017875671387
CHD6,0.8392687,0.83555543,-0.0053570876,0.43137255,0.44496092,0.6056017875671387
NSUN2,1.0004693,0.9215317,-0.11388296,0.43137255,0.44496092,0.6056017875671387
PAPOLG,0.69069844,0.65346235,-0.05372033,0.43137255,0.44496092,0.6056017875671387
SNHG17,0.79624546,0.83432007,0.054930054,0.5686275,0.44496092,0.6056017875671387
CXCR4,6.6606674,7.024318,0.5246372,0.5686275,0.44496092,0.6056017875671387
DHX40,0.46824846,0.41871655,-0.071459435,0.43137255,0.44496092,0.6056017875671387
MTFR1,0.4744964,0.52335685,0.07049074,0.5686275,0.44496092,0.6056017875671387
HLA-L,2.6012905,2.5781581,-0.03337289,0.43137255,0.44496092,0.6056017875671387
USP34,1.8848132,1.937833,0.07649135,0.5686275,0.44496092,0.6056017875671387
FAM208A,1.1400831,1.0732969,-0.09635208,0.43137255,0.44496092,0.6056017875671387
KCTD13,0.5022155,0.5470502,0.06468276,0.5686275,0.44496092,0.6056017875671387
GRAMD4,0.34336516,0.3001903,-0.06228816,0.43137255,0.44496092,0.6056017875671387
TMEM184C,0.5985192,0.5411465,-0.082771294,0.43137255,0.44496092,0.6056017875671387
YME1L1,2.545799,2.4724329,-0.105845004,0.43137255,0.44496092,0.6056017875671387
ZNF33A,0.8284514,0.86478204,0.052414034,0.5686275,0.44496092,0.6056017875671387
PDS5A,1.3064265,1.2309734,-0.1088559,0.43137255,0.44496092,0.6056017875671387
TAF1C,0.5932582,0.5720259,-0.030631743,0.43333334,0.4582676,0.616693377494812
RPL36A,4.7296576,4.5490227,-0.2606012,0.43333334,0.4582676,0.616693377494812
RP11-631M6.2,0.49643904,0.63215846,0.19580173,0.56666666,0.4582676,0.616693377494812
POLR2J2,0.638296,0.6820623,0.06314145,0.56666666,0.4582676,0.616693377494812
GALNT11,0.80499923,0.7726316,-0.046696644,0.43333334,0.4582676,0.616693377494812
VPS4A,0.99115944,0.9228152,-0.09859989,0.43333334,0.4582676,0.616693377494812
PDE4DIP,1.5282495,1.631828,0.14943211,0.56666666,0.4582676,0.616693377494812
SLU7,1.491734,1.4447784,-0.06774259,0.43333334,0.4582676,0.616693377494812
KIF2A,1.3682036,1.2766956,-0.13201818,0.43333334,0.4582676,0.616693377494812
LPIN1,1.640457,1.5424904,-0.14133602,0.43333334,0.4582676,0.616693377494812
TMEM243,1.1285666,1.2205873,0.13275771,0.56666666,0.4582676,0.616693377494812
HSPA8,7.1603284,6.9406114,-0.31698465,0.43333334,0.4582676,0.616693377494812
ZDHHC13,0.4836394,0.5099917,0.038018357,0.56666666,0.4582676,0.616693377494812
EDEM1,1.3858508,1.3063205,-0.11473788,0.43333334,0.4582676,0.616693377494812
RTTN,0.43014005,0.35571122,-0.107378095,0.43333334,0.4582676,0.616693377494812
NDRG1,0.64797765,0.56865793,-0.11443416,0.43333334,0.4582676,0.616693377494812
GPBP1,2.5643218,2.5199158,-0.06406423,0.43333334,0.4582676,0.616693377494812
GIGYF1,0.9586852,0.9233804,-0.050934125,0.43333334,0.4582676,0.616693377494812
FTH1P8,0.4243594,0.3807226,-0.06295459,0.43333334,0.4582676,0.616693377494812
PKN2,0.67458665,0.6232584,-0.074051,0.43333334,0.4582676,0.616693377494812
SNRPA1,2.2693763,2.0720568,-0.28467187,0.43333334,0.4582676,0.616693377494812
ANKRD32,1.0570987,0.98077226,-0.11011585,0.43333334,0.4582676,0.616693377494812
STAG1,0.7669891,0.6925766,-0.10735458,0.43333334,0.4582676,0.616693377494812
RICTOR,1.1875777,1.1024914,-0.12275365,0.43333334,0.4582676,0.616693377494812
SAMD4B,0.39887047,0.4361354,0.053761948,0.56666666,0.4582676,0.616693377494812
AC007000.12,0.70048654,0.77489173,0.107344,0.56666666,0.4582676,0.616693377494812
GALC,0.5264586,0.4832728,-0.062303983,0.43333334,0.4582676,0.616693377494812
VAMP4,0.47943398,0.4439263,-0.051226754,0.43333334,0.4582676,0.616693377494812
PRPF6,1.2245083,1.1461911,-0.11298779,0.43333334,0.4582676,0.616693377494812
MAST3,1.1007007,1.0321543,-0.09889157,0.43333334,0.4582676,0.616693377494812
ETS1,2.3408394,2.1476202,-0.27875635,0.43333334,0.4582676,0.616693377494812
PSMD12,1.1771129,1.0785235,-0.14223447,0.43333334,0.4582676,0.616693377494812
DHX36,1.4791638,1.5957108,0.16814177,0.56666666,0.4582676,0.616693377494812
METTL9,0.70644915,0.6615724,-0.064743474,0.43333334,0.4582676,0.616693377494812
COG1,0.7358803,0.65981704,-0.10973611,0.43333334,0.4582676,0.616693377494812
LAMTOR4,1.9113814,1.7114813,-0.28839478,0.43333334,0.4582676,0.616693377494812
METTL14,0.57251054,0.4973676,-0.10840836,0.43333334,0.4582676,0.616693377494812
ZNF791,0.7330031,0.676195,-0.0819567,0.43333334,0.4582676,0.616693377494812
TRMT10B,0.39775422,0.36142564,-0.05241107,0.43333334,0.4582676,0.616693377494812
PLCG1,1.2455724,1.210795,-0.050173186,0.43333334,0.4582676,0.616693377494812
MTRNR2L1,1.6381328,1.3259301,-0.4504133,0.43333334,0.4582676,0.616693377494812
TAF10,0.36222067,0.40729657,0.06503077,0.56666666,0.4582676,0.616693377494812
SZT2,0.7716431,0.70147216,-0.10123526,0.43333334,0.4582676,0.616693377494812
CSNK1D,1.3787328,1.4916173,0.16285793,0.56666666,0.4582676,0.616693377494812
MTRNR2L6,0.2538287,0.21903768,-0.050192837,0.43333334,0.4582676,0.616693377494812
MTATP6P1,3.6178834,3.9697957,0.50770205,0.56666666,0.4582676,0.616693377494812
RP11-3P17.5,1.3270986,1.3888425,0.089077555,0.56666666,0.4582676,0.616693377494812
KIAA1551,3.4631538,3.3306577,-0.1911515,0.43333334,0.4582676,0.616693377494812
TMEM87A,1.0860935,1.0543859,-0.04574446,0.43333334,0.4582676,0.616693377494812
SEC31B,0.7538217,0.64305854,-0.15979742,0.43333334,0.4582676,0.616693377494812
NPRL2,0.9299508,0.83581907,-0.13580334,0.43333334,0.4582676,0.616693377494812
YTHDC1,1.7557108,1.8647616,0.15732698,0.56666666,0.4582676,0.616693377494812
RP11-841O20.2,1.2780176,1.1681921,-0.15844469,0.43333334,0.4582676,0.616693377494812
SMAD3,0.4080035,0.43812808,0.043460574,0.56666666,0.4582676,0.616693377494812
REL,1.5806701,1.8090771,0.3295217,0.56666666,0.4582676,0.616693377494812
GOLGA8B,1.2394032,1.3885797,0.21521616,0.56666666,0.4582676,0.616693377494812
TMEM43,1.2215455,1.1767666,-0.06460219,0.43333334,0.4582676,0.616693377494812
NBPF10,0.91051,0.9536584,0.06224998,0.5647059,0.47179464,0.6297987103462219
TIPARP,0.75178874,0.8310106,0.114292964,0.5647059,0.47179464,0.6297987103462219
TESPA1,1.3748457,1.2401888,-0.19426885,0.43529412,0.47179464,0.6297987103462219
ANAPC2,0.33866912,0.3186927,-0.028819863,0.43529412,0.47179464,0.6297987103462219
GCN1L1,0.67613685,0.7291151,0.0764315,0.5647059,0.47179464,0.6297987103462219
TSPAN3,0.525608,0.46603233,-0.08594953,0.43529412,0.47179464,0.6297987103462219
TUBA4A,3.7079883,3.4172382,-0.41946363,0.43529412,0.47179464,0.6297987103462219
NR4A2,3.9464633,4.1033006,0.22626829,0.5647059,0.47179464,0.6297987103462219
EPS15L1,0.74075633,0.6784455,-0.0898955,0.43529412,0.47179464,0.6297987103462219
MR1,0.72178775,0.6547236,-0.09675314,0.43529412,0.47179464,0.6297987103462219
ZFP91,0.57854444,0.4986621,-0.115245834,0.43529412,0.47179464,0.6297987103462219
RPS15AP11,0.39131862,0.33160257,-0.08615204,0.43529412,0.47179464,0.6297987103462219
XXbac-BPG181M17.6,0.5685801,0.61862665,0.07220193,0.5647059,0.47179464,0.6297987103462219
HLA-J,2.3327284,2.568683,0.3404104,0.5647059,0.47179464,0.6297987103462219
UXS1,0.6592087,0.6138709,-0.06540862,0.43529412,0.47179464,0.6297987103462219
CTD-2647L4.4,1.0324726,0.9697646,-0.09046855,0.43529412,0.47179464,0.6297987103462219
ZFAND5,1.7858564,1.9341512,0.21394418,0.5647059,0.47179464,0.6297987103462219
GSK3B,0.33813348,0.37397572,0.05170942,0.5647059,0.47179464,0.6297987103462219
RAD54L2,1.3314441,1.3444588,0.018776206,0.5647059,0.47179464,0.6297987103462219
TRAPPC6A,0.5857803,0.6628958,0.11125412,0.5647059,0.47179464,0.6297987103462219
RPS4XP6,0.68510985,0.6265512,-0.08448226,0.43529412,0.47179464,0.6297987103462219
ANXA2R,0.71402764,0.67370266,-0.058176655,0.43529412,0.47179464,0.6297987103462219
PHF20,1.0237426,1.0952498,0.10316311,0.5647059,0.47179464,0.6297987103462219
MGEA5,2.5832312,2.6576762,0.107401446,0.5647059,0.47179464,0.6297987103462219
MCM3AP,0.92053086,0.9871328,0.09608628,0.5647059,0.47179464,0.6297987103462219
WDR11,0.62606716,0.55481213,-0.102799274,0.43529412,0.47179464,0.6297987103462219
RP11-203J24.9,0.7865864,0.7277234,-0.08492134,0.43529412,0.47179464,0.6297987103462219
CCNT2,0.7531099,0.6774464,-0.10915928,0.43529412,0.47179464,0.6297987103462219
R3HDM4,0.71437305,0.64872056,-0.09471652,0.43529412,0.47179464,0.6297987103462219
MRPS22,0.64734375,0.6382147,-0.013170431,0.43529412,0.47179464,0.6297987103462219
IL6ST,1.406025,1.527392,0.17509554,0.5647059,0.47179464,0.6297987103462219
ZBTB7A,0.19057833,0.17470439,-0.022901252,0.43529412,0.47179464,0.6297987103462219
TULP4,0.9426844,0.9119462,-0.044345897,0.43529412,0.47179464,0.6297987103462219
ADIPOR2,0.5401739,0.51117235,-0.04184037,0.43529412,0.47179464,0.6297987103462219
SNX2,0.89817345,0.8616495,-0.052692905,0.43529412,0.47179464,0.6297987103462219
CTSA,1.5914589,1.4371686,-0.22259387,0.43529412,0.47179464,0.6297987103462219
CHD2,2.3616128,2.543253,0.26205134,0.5647059,0.47179464,0.6297987103462219
RBM14-RBM4,0.3933731,0.36671486,-0.038459707,0.43529412,0.47179464,0.6297987103462219
HLA-K,0.8327152,0.83150434,-0.0017469138,0.5647059,0.47179464,0.6297987103462219
TMED7,0.69033605,0.6258549,-0.09302662,0.43529412,0.47179464,0.6297987103462219
ADNP,1.506725,1.4169656,-0.12949537,0.43529412,0.47179464,0.6297987103462219
BTBD9,0.49299267,0.45752883,-0.051163506,0.4372549,0.4855389,0.6412387490272522
THOC1,0.6721875,0.6798219,0.011014113,0.4372549,0.4855389,0.6412387490272522
SLMAP,0.63658744,0.7012405,0.093274616,0.5627451,0.4855389,0.6412387490272522
MTND5P11,0.11538923,0.054330833,-0.08808865,0.4372549,0.4855389,0.6412387490272522
GTF2H1,0.68980485,0.6546953,-0.050652415,0.4372549,0.4855389,0.6412387490272522
UBE2B,2.397885,2.3352604,-0.09034833,0.4372549,0.4855389,0.6412387490272522
RP1-83M4.2,0.2935986,0.25322545,-0.05824614,0.4372549,0.4855389,0.6412387490272522
SEC31A,1.4692956,1.3774749,-0.1324693,0.4372549,0.4855389,0.6412387490272522
MFNG,1.494122,1.4035615,-0.13065127,0.4372549,0.4855389,0.6412387490272522
RNF19A,4.0612803,3.7838328,-0.40027207,0.4372549,0.4855389,0.6412387490272522
RP11-16E23.4,1.9434316,2.1189895,0.25327644,0.5627451,0.4855389,0.6412387490272522
GMIP,0.9690126,0.91211313,-0.08208861,0.4372549,0.4855389,0.6412387490272522
ZSCAN25,0.51836365,0.47521597,-0.06224895,0.4372549,0.4855389,0.6412387490272522
VPS11,0.6269215,0.5672614,-0.0860713,0.4372549,0.4855389,0.6412387490272522
ELK4,0.9948988,0.9526502,-0.060951855,0.4372549,0.4855389,0.6412387490272522
NPLOC4,0.6019186,0.55388665,-0.06929542,0.4372549,0.4855389,0.6412387490272522
KIAA0226,1.4473089,1.4237775,-0.033948686,0.4372549,0.4855389,0.6412387490272522
CEP63,0.5363699,0.4838878,-0.075715706,0.4372549,0.4855389,0.6412387490272522
AHSA2,0.65661985,0.70265776,0.06641867,0.5627451,0.4855389,0.6412387490272522
UBL3,0.36569533,0.4405168,0.10794456,0.5627451,0.4855389,0.6412387490272522
TLE3,1.5412428,1.5854508,0.063778564,0.5627451,0.4855389,0.6412387490272522
PFDN5,4.665892,4.497574,-0.24283193,0.4372549,0.4855389,0.6412387490272522
Y_RNA,0.44397065,0.47202504,0.040473923,0.5627451,0.4855389,0.6412387490272522
DGKD,0.5410652,0.57856035,0.054094046,0.5627451,0.4855389,0.6412387490272522
GTF2H2C,0.47118983,0.42826122,-0.061932888,0.4372549,0.4855389,0.6412387490272522
EIF4BP3,0.30783036,0.29600435,-0.017061323,0.4372549,0.4855389,0.6412387490272522
NUP54,0.71457493,0.67050064,-0.06358577,0.4372549,0.4855389,0.6412387490272522
ACAD8,0.5857001,0.533505,-0.07530157,0.4372549,0.4855389,0.6412387490272522
PLCB2,1.3487128,1.2674104,-0.11729457,0.4372549,0.4855389,0.6412387490272522
CD28,1.3203148,1.438563,0.17059612,0.5627451,0.4855389,0.6412387490272522
ZDHHC5,0.665673,0.6054615,-0.086866885,0.4372549,0.4855389,0.6412387490272522
KMT2E-AS1,0.6908514,0.6291032,-0.08908383,0.4372549,0.4855389,0.6412387490272522
RPLP0,6.832063,6.685483,-0.21147056,0.4372549,0.4855389,0.6412387490272522
VPS8,0.64819795,0.69545066,0.068171255,0.5627451,0.4855389,0.6412387490272522
RBMXL1,0.43939018,0.4057133,-0.048585486,0.4372549,0.4855389,0.6412387490272522
MRPS25,0.7652565,0.81675285,0.074293494,0.5627451,0.4855389,0.6412387490272522
JMJD6,1.9520029,1.9230471,-0.041774414,0.4372549,0.4855389,0.6412387490272522
C16orf80,0.907691,0.81619716,-0.13199772,0.4372549,0.4855389,0.6412387490272522
RPL18AP3,4.1153607,3.9212718,-0.28001115,0.4372549,0.4855389,0.6412387490272522
SESN2,0.43142912,0.53833073,0.15422644,0.5627451,0.4855389,0.6412387490272522
RP11-290D2.6,0.36343113,0.40940118,0.06632077,0.5627451,0.4855389,0.6412387490272522
RP11-553K8.5,0.37379706,0.48199832,0.15610144,0.5627451,0.4855389,0.6412387490272522
ELL,0.72848517,0.6551474,-0.10580407,0.4372549,0.4855389,0.6412387490272522
EEF1A1P10,0.2480441,0.24604724,-0.00288086,0.4372549,0.4855389,0.6412387490272522
DUSP2,5.211221,4.8188915,-0.5660121,0.4372549,0.4855389,0.6412387490272522
RP11-640M9.1,1.0970446,1.1708789,0.10652038,0.5627451,0.4855389,0.6412387490272522
SPON2,0.76888376,0.67921966,-0.12935795,0.4372549,0.4855389,0.6412387490272522
ZFC3H1,1.3315321,1.2990872,-0.046808176,0.4372549,0.4855389,0.6412387490272522
INPP5F,0.5665453,0.5115235,-0.07937971,0.4372549,0.4855389,0.6412387490272522
TRAF1,1.4212317,1.2996005,-0.17547682,0.4372549,0.4855389,0.6412387490272522
MED31,0.7273465,0.6425217,-0.122376315,0.4372549,0.4855389,0.6412387490272522
BMS1P1,0.4297338,0.45703116,0.03938175,0.5627451,0.4855389,0.6412387490272522
ATP1B3,2.6203644,2.4106462,-0.30255944,0.4372549,0.4855389,0.6412387490272522
METTL12,0.56669587,0.5510527,-0.022568338,0.4372549,0.4855389,0.6412387490272522
GPSM3,1.7241514,1.6103376,-0.16419855,0.4372549,0.4855389,0.6412387490272522
RPLP2,6.9089303,6.903943,-0.007195066,0.56078434,0.49949703,0.653092622756958
RPS2P5,2.024066,2.1588507,0.19445321,0.56078434,0.49949703,0.653092622756958
NUP133,0.45229378,0.4795576,0.039333377,0.56078434,0.49949703,0.653092622756958
EIF1AX,1.4225314,1.2971545,-0.18088052,0.4392157,0.49949703,0.653092622756958
ATP2A3,1.1855117,1.159745,-0.037173536,0.4392157,0.49949703,0.653092622756958
RRP1B,0.61530155,0.57329464,-0.06060316,0.4392157,0.49949703,0.653092622756958
C17orf85,0.6477519,0.575258,-0.10458661,0.4392157,0.49949703,0.653092622756958
RPL38,5.05273,4.9895115,-0.09120515,0.56078434,0.49949703,0.653092622756958
AB019441.29,0.38095206,0.3543647,-0.038357463,0.4392157,0.49949703,0.653092622756958
ZDHHC3,0.48564166,0.4755424,-0.014570155,0.4392157,0.49949703,0.653092622756958
RPL7AP66,0.2914173,0.2558625,-0.05129473,0.4392157,0.49949703,0.653092622756958
HSP90AB1,4.860932,4.772892,-0.1270147,0.4392157,0.49949703,0.653092622756958
GSTM4,0.5707644,0.4288372,-0.20475769,0.4392157,0.49949703,0.653092622756958
HSPD1P1,0.44035333,0.44323042,0.0041507585,0.4392157,0.49949703,0.653092622756958
RP11-676M6.1,0.9732506,0.97255707,-0.001000595,0.4392157,0.49949703,0.653092622756958
NOP56,1.7100638,1.6925061,-0.025330465,0.4392157,0.49949703,0.653092622756958
NANS,0.82154846,0.7547516,-0.09636747,0.4392157,0.49949703,0.653092622756958
JAK2,0.42631292,0.35635588,-0.10092668,0.4392157,0.49949703,0.653092622756958
CCNT1,1.0008131,0.9072213,-0.13502444,0.4392157,0.49949703,0.653092622756958
LRRC58,0.45969313,0.48922634,0.04260741,0.56078434,0.49949703,0.653092622756958
C1QBP,1.637132,1.4520571,-0.26700667,0.4392157,0.49949703,0.653092622756958
RP1-278E11.3,0.3672417,0.3320347,-0.05079297,0.4392157,0.49949703,0.653092622756958
PPP6R3,2.2316325,2.0967464,-0.1945994,0.4392157,0.49949703,0.653092622756958
LRBA,1.4260821,1.3063895,-0.17268004,0.4392157,0.49949703,0.653092622756958
FYCO1,0.76368976,0.8246589,0.08795984,0.56078434,0.49949703,0.653092622756958
FBXO3,0.49159732,0.50949556,0.02582169,0.56078434,0.49949703,0.653092622756958
CELF1,1.5499057,1.4707628,-0.11417894,0.4392157,0.49949703,0.653092622756958
ZNF335,0.9463091,0.9191577,-0.0391712,0.4392157,0.49949703,0.653092622756958
CNST,0.73624957,0.8059802,0.10060005,0.56078434,0.49949703,0.653092622756958
PRICKLE4,0.13715102,0.14309384,0.008573679,0.56078434,0.49949703,0.653092622756958
MVB12B,0.6460661,0.5214988,-0.17971267,0.4392157,0.49949703,0.653092622756958
STX4,0.7207693,0.6814637,-0.056705948,0.4392157,0.49949703,0.653092622756958
TMEM120B,1.2740037,1.1781263,-0.13832186,0.4392157,0.49949703,0.653092622756958
ABCC1,0.8054545,0.7751765,-0.043681875,0.4392157,0.49949703,0.653092622756958
UBAC2,1.7321639,1.6069683,-0.1806191,0.4392157,0.49949703,0.653092622756958
NAAA,0.525202,0.58218294,0.08220616,0.56078434,0.49949703,0.653092622756958
PIK3R4,0.55689174,0.5274736,-0.042441364,0.4392157,0.49949703,0.653092622756958
THUMPD1,1.3410217,1.2867662,-0.07827412,0.4392157,0.49949703,0.653092622756958
RPS6KA5,0.479206,0.4431236,-0.05205588,0.4392157,0.49949703,0.653092622756958
ELMSAN1,2.175481,2.102503,-0.105285026,0.4392157,0.49949703,0.653092622756958
FYTTD1,1.3079774,1.2286913,-0.114385664,0.4392157,0.49949703,0.653092622756958
LINC00265,0.6018621,0.5357357,-0.095400155,0.4392157,0.49949703,0.653092622756958
RAB28,0.42420945,0.3844902,-0.05730277,0.4392157,0.49949703,0.653092622756958
MTMR3,0.5664719,0.6080828,0.060031835,0.56078434,0.49949703,0.653092622756958
STAG3L5P-PVRIG2P-PILRB,0.7564816,0.7205355,-0.05185922,0.4392157,0.49949703,0.653092622756958
CHD7,0.49660957,0.5037021,0.010232366,0.56078434,0.49949703,0.653092622756958
PAG1,1.6134162,1.5371404,-0.11004276,0.4392157,0.49949703,0.653092622756958
TMEM147,0.7094186,0.6451996,-0.09264843,0.4392157,0.49949703,0.653092622756958
RP11-1407O15.2,0.6729282,0.6214664,-0.07424371,0.4392157,0.49949703,0.653092622756958
PBX4,0.7573026,0.6556691,-0.14662613,0.4392157,0.49949703,0.653092622756958
PMS2P5,0.48089564,0.4426826,-0.05512977,0.4392157,0.49949703,0.653092622756958
EIF4A3,1.9409428,1.9478037,0.009898289,0.4392157,0.49949703,0.653092622756958
XIST,1.3717275,1.0642017,-0.4436659,0.44117647,0.5034217,0.6580978631973267
RP11-367G6.3,0.38401303,0.37435555,-0.013932788,0.44117647,0.5136654,0.6652371883392334
FAIM3,2.4581552,2.6371863,0.25828734,0.5588235,0.5136654,0.6652371883392334
ABI1,2.0023851,1.964624,-0.05447774,0.44117647,0.5136654,0.6652371883392334
PLIN2,1.4047707,1.3058913,-0.1426529,0.44117647,0.5136654,0.6652371883392334
DDX56,0.8915584,0.80742085,-0.12138484,0.44117647,0.5136654,0.6652371883392334
CCS,0.7440331,0.6955924,-0.06988515,0.44117647,0.5136654,0.6652371883392334
HERC2P2,1.1426404,1.2175735,0.10810571,0.5588235,0.5136654,0.6652371883392334
PPP1R2P3,0.62644565,0.6713892,0.06483987,0.5588235,0.5136654,0.6652371883392334
CAMK4,1.5375373,1.6000865,0.090239294,0.5588235,0.5136654,0.6652371883392334
ST6GALNAC6,1.6165178,1.4798667,-0.19714577,0.44117647,0.5136654,0.6652371883392334
KDM2A,1.5092758,1.6409444,0.18995759,0.5588235,0.5136654,0.6652371883392334
ATXN3,0.49299127,0.49418068,0.0017159568,0.5588235,0.5136654,0.6652371883392334
PLEKHM1P,1.1339349,1.0776095,-0.08126026,0.44117647,0.5136654,0.6652371883392334
JMY,0.43463913,0.51847345,0.12094736,0.5588235,0.5136654,0.6652371883392334
LCOR,1.0243889,0.96923536,-0.07956975,0.44117647,0.5136654,0.6652371883392334
GIGYF2,1.0906434,1.0029551,-0.12650752,0.44117647,0.5136654,0.6652371883392334
UROS,0.5788144,0.5281846,-0.073043354,0.44117647,0.5136654,0.6652371883392334
STK4,3.05084,3.152377,0.14648691,0.5588235,0.5136654,0.6652371883392334
HNRNPA1P10,1.059425,0.9799123,-0.1147126,0.44117647,0.5136654,0.6652371883392334
KATNBL1,0.7313456,0.6322505,-0.14296402,0.44117647,0.5136654,0.6652371883392334
RPS17,2.1959176,2.0307672,-0.23826167,0.44117647,0.5136654,0.6652371883392334
RASA1,0.5247482,0.5705608,0.06609362,0.5588235,0.5136654,0.6652371883392334
RP11-159H3.1,0.33899364,0.30791038,-0.04484366,0.44117647,0.5136654,0.6652371883392334
SMARCC2,1.3594044,1.463732,0.15051286,0.5588235,0.5136654,0.6652371883392334
VPS37B,1.5200757,1.4183717,-0.14672786,0.44117647,0.5136654,0.6652371883392334
AC116366.6,0.703817,0.7119652,0.011755358,0.44117647,0.5136654,0.6652371883392334
HECTD1,0.89323574,0.84079224,-0.07565998,0.44117647,0.5136654,0.6652371883392334
HCG18,1.2674575,1.4321123,0.23754674,0.5588235,0.5136654,0.6652371883392334
ANGEL2,0.86989075,0.7976761,-0.10418373,0.44117647,0.5136654,0.6652371883392334
SBDSP1,0.86745566,0.96662164,0.14306626,0.5588235,0.5136654,0.6652371883392334
IRF3,1.4582852,1.3594995,-0.14251772,0.44117647,0.5136654,0.6652371883392334
NADSYN1,1.310051,1.216116,-0.13551958,0.44117647,0.5136654,0.6652371883392334
BAZ1A,0.93662167,0.9742856,0.054337576,0.44117647,0.5136654,0.6652371883392334
ZNF808,0.51998335,0.45890233,-0.08812129,0.44117647,0.5136654,0.6652371883392334
ATP2B1,0.8605279,0.98101324,0.17382364,0.5588235,0.5136654,0.6652371883392334
BRD7,0.81570417,0.7926354,-0.033281222,0.44117647,0.5136654,0.6652371883392334
RABGAP1,0.46097657,0.42671415,-0.04943022,0.44117647,0.5136654,0.6652371883392334
UAP1,0.60968363,0.7340452,0.17941582,0.5588235,0.5136654,0.6652371883392334
ZNF609,0.33990696,0.38984862,0.07205059,0.5588235,0.5136654,0.6652371883392334
CACYBPP2,0.6643644,0.6567378,-0.011002848,0.44117647,0.5136654,0.6652371883392334
RIT1,0.9850374,0.91281474,-0.10419526,0.44117647,0.5136654,0.6652371883392334
ADAT1,0.7420454,0.648925,-0.13434434,0.44117647,0.5136654,0.6652371883392334
NEK7,0.51298314,0.5588677,0.06619741,0.5588235,0.5136654,0.6652371883392334
RP11-264B17.5,1.5969628,1.5087429,-0.12727438,0.44117647,0.5136654,0.6652371883392334
A2M,1.0070318,0.87513936,-0.19028057,0.44117647,0.5136654,0.6652371883392334
STAT6,1.6384621,1.5656488,-0.105047345,0.44117647,0.5136654,0.6652371883392334
STK17A,1.2197267,1.2130234,-0.009670757,0.44117647,0.5136654,0.6652371883392334
RPL9P25,0.93360335,0.9849867,0.07413054,0.5588235,0.5136654,0.6652371883392334
SLC35F6,1.1249851,1.0548651,-0.10116174,0.44117647,0.5136654,0.6652371883392334
CTA-351J1.1,0.26280645,0.3006451,0.05458966,0.5568628,0.5280401,0.6770356297492981
FTH1P10,0.69137025,0.6585179,-0.047395926,0.44313726,0.5280401,0.6770356297492981
PDXDC2P,1.407565,1.4418299,0.049433835,0.5568628,0.5280401,0.6770356297492981
RP11-473I1.10,1.2532109,1.1712052,-0.118309274,0.44313726,0.5280401,0.6770356297492981
LTBP4,0.65246946,0.58637,-0.09536137,0.44313726,0.5280401,0.6770356297492981
TNKS2,0.67981964,0.73007405,0.07250178,0.5568628,0.5280401,0.6770356297492981
TOX2,0.3509657,0.35359636,0.003795227,0.44313726,0.5280401,0.6770356297492981
RANBP9,0.6250849,0.5858444,-0.056612045,0.44313726,0.5280401,0.6770356297492981
UBE2H,0.5272316,0.5437766,0.023869386,0.44313726,0.5280401,0.6770356297492981
FBXL5,1.4342176,1.3632381,-0.10240174,0.44313726,0.5280401,0.6770356297492981
KRIT1,0.5207834,0.47417226,-0.06724569,0.44313726,0.5280401,0.6770356297492981
NRF1,0.5022804,0.48501232,-0.02491259,0.44313726,0.5280401,0.6770356297492981
RP11-611O2.3,1.0557184,0.9510755,-0.15096784,0.44313726,0.5280401,0.6770356297492981
RPL6P27,2.4875777,2.4048245,-0.119387604,0.44313726,0.5280401,0.6770356297492981
SMC6,0.4388629,0.38544598,-0.077064306,0.44313726,0.5280401,0.6770356297492981
RPL3P4,3.209576,3.341993,0.19103764,0.5568628,0.5280401,0.6770356297492981
PILRB,1.796763,1.74228,-0.07860226,0.44313726,0.5280401,0.6770356297492981
UBXN7,0.6175756,0.5899811,-0.039810456,0.44313726,0.5280401,0.6770356297492981
RPL10AP6,1.3558152,1.3171173,-0.05582918,0.44313726,0.5280401,0.6770356297492981
MICAL2,0.64365685,0.5859193,-0.08329765,0.44313726,0.5280401,0.6770356297492981
MST4,0.66453415,0.7135627,0.07073328,0.5568628,0.5280401,0.6770356297492981
HCG4B,0.24036255,0.24191523,0.002240031,0.5568628,0.5280401,0.6770356297492981
RP11-282K24.1,0.39184728,0.3900272,-0.0026258312,0.44313726,0.5280401,0.6770356297492981
SON,5.0992923,5.03299,-0.095653996,0.44313726,0.5280401,0.6770356297492981
ARRDC3,1.6576655,1.8403933,0.2636205,0.5568628,0.5280401,0.6770356297492981
MBNL2,0.7039527,0.66941327,-0.049829908,0.44313726,0.5280401,0.6770356297492981
CSNK1G3,0.8017692,0.7346709,-0.09680241,0.44313726,0.5280401,0.6770356297492981
CBWD6,1.4533633,1.3389693,-0.16503559,0.44313726,0.5280401,0.6770356297492981
GUSBP3,0.60089034,0.56251293,-0.055366892,0.44313726,0.5280401,0.6770356297492981
NUP153,0.6335606,0.61455375,-0.027421085,0.44313726,0.5280401,0.6770356297492981
SND1,1.8043888,1.6700054,-0.19387415,0.44313726,0.5280401,0.6770356297492981
FBXO38,0.6417544,0.6200236,-0.03135089,0.44313726,0.5280401,0.6770356297492981
XRRA1,0.7408598,0.7101425,-0.044315714,0.44313726,0.5280401,0.6770356297492981
TNRC6C-AS1,0.5388512,0.61274415,0.10660499,0.5568628,0.5280401,0.6770356297492981
ZNF76,0.86652744,0.8124203,-0.07806009,0.44313726,0.5280401,0.6770356297492981
TBRG1,1.542136,1.5402168,-0.0027687487,0.44313726,0.5280401,0.6770356297492981
CEP120,0.39751688,0.3644343,-0.047728065,0.44313726,0.5280401,0.6770356297492981
ASAP1,0.64647317,0.6914297,0.064858526,0.5568628,0.5280401,0.6770356297492981
MT-ND5,6.233702,6.3510146,0.16924606,0.5568628,0.5280401,0.6770356297492981
WBSCR22,1.6208535,1.5085595,-0.16200611,0.44313726,0.5280401,0.6770356297492981
RASGRP1,1.2976813,1.2254021,-0.104276866,0.44313726,0.5280401,0.6770356297492981
RP13-585F24.1,0.258721,0.29394516,0.050817735,0.5568628,0.5280401,0.6770356297492981
EZR,4.992862,4.8238573,-0.24382256,0.44313726,0.5280401,0.6770356297492981
OAZ2,0.68748087,0.5966554,-0.1310334,0.44313726,0.5280401,0.6770356297492981
USP48,1.1372287,1.0596182,-0.11196827,0.44313726,0.5280401,0.6770356297492981
CSTF3,0.50180584,0.45257273,-0.07102836,0.44313726,0.5280401,0.6770356297492981
MED6,0.66783595,0.62533617,-0.06131422,0.44313726,0.5280401,0.6770356297492981
TIMM44,0.6553989,0.6074076,-0.06923678,0.44313726,0.5280401,0.6770356297492981
NR4A3,0.97354203,1.2282116,0.36741057,0.5568628,0.5280401,0.6770356297492981
ITSN2,1.8013725,1.793458,-0.011418272,0.44313726,0.5280401,0.6770356297492981
RP11-112J1.1,0.7386315,0.69399196,-0.064401224,0.44313726,0.5280401,0.6770356297492981
KPNA4,0.49391267,0.49539408,0.0021372284,0.44313726,0.5280401,0.6770356297492981
ZNF430,0.71249986,0.6814088,-0.04485488,0.44313726,0.5280401,0.6770356297492981
CTC-575D19.1,3.3859866,3.2443032,-0.20440584,0.44509804,0.5426171,0.6886013746261597
ELL2,0.7303886,0.9000389,0.24475367,0.55490196,0.5426171,0.6886013746261597
GAS5,4.0083704,3.9169571,-0.13188146,0.44509804,0.5426171,0.6886013746261597
USP3,1.8321923,1.739746,-0.13337186,0.44509804,0.5426171,0.6886013746261597
TXLNG,0.44051093,0.4153179,-0.036345866,0.44509804,0.5426171,0.6886013746261597
RP11-677O4.6,0.9467614,0.86754924,-0.11427903,0.44509804,0.5426171,0.6886013746261597
CD69,4.2333198,3.9901662,-0.35079646,0.44509804,0.5426171,0.6886013746261597
RP11-159C21.4,0.8192545,0.77592725,-0.06250804,0.44509804,0.5426171,0.6886013746261597
SLC38A10,0.92392606,0.86085963,-0.09098562,0.44509804,0.5426171,0.6886013746261597
WIPI2,0.485685,0.4765178,-0.013225466,0.44509804,0.5426171,0.6886013746261597
POLK,0.4578248,0.42077807,-0.053447135,0.44509804,0.5426171,0.6886013746261597
PPOX,0.6440792,0.6238277,-0.029216757,0.44509804,0.5426171,0.6886013746261597
GPR75-ASB3,0.6076525,0.5790383,-0.04128151,0.44509804,0.5426171,0.6886013746261597
TECPR1,0.50566846,0.4838682,-0.031451114,0.44509804,0.5426171,0.6886013746261597
RBM34,1.6915646,1.643374,-0.06952433,0.44509804,0.5426171,0.6886013746261597
USO1,0.98570555,0.91178256,-0.10664833,0.44509804,0.5426171,0.6886013746261597
RP5-1085F17.3,0.6121839,0.56952345,-0.061546054,0.44509804,0.5426171,0.6886013746261597
ZNRD1,1.0787964,0.99800336,-0.11655969,0.44509804,0.5426171,0.6886013746261597
RP11-215A21.2,0.37743607,0.4415866,0.09254967,0.55490196,0.5426171,0.6886013746261597
RP11-403I13.8,0.38873252,0.43782935,0.070831746,0.55490196,0.5426171,0.6886013746261597
UHMK1,0.7407245,0.7008533,-0.057522006,0.44509804,0.5426171,0.6886013746261597
IKZF2,0.48564535,0.38408798,-0.14651632,0.44509804,0.5426171,0.6886013746261597
NUDT4,0.7645212,0.7414139,-0.033336774,0.44509804,0.5426171,0.6886013746261597
BRD2,3.4120302,3.511989,0.1442102,0.55490196,0.5426171,0.6886013746261597
TOB2,0.89002115,0.84290373,-0.06797606,0.44509804,0.5426171,0.6886013746261597
LINC01001,0.6558753,0.63062865,-0.03642326,0.44509804,0.5426171,0.6886013746261597
RP11-110I1.6,0.37726036,0.3449509,-0.046612673,0.44509804,0.5426171,0.6886013746261597
ZNF259,0.6019817,0.5993368,-0.003815779,0.44509804,0.5426171,0.6886013746261597
ASB2,0.7729463,0.65918237,-0.16412665,0.44509804,0.5426171,0.6886013746261597
HLA-W,0.86698097,1.0178794,0.21770036,0.55490196,0.5426171,0.6886013746261597
TACC3,0.9696617,0.80409634,-0.23886034,0.44509804,0.5426171,0.6886013746261597
RP11-640M9.2,1.1623452,1.0675783,-0.13671967,0.44509804,0.5426171,0.6886013746261597
FAM172A,0.78156596,0.77604055,-0.007971481,0.44509804,0.5426171,0.6886013746261597
IRF1,2.9137805,2.761463,-0.21974774,0.44509804,0.5426171,0.6886013746261597
DTHD1,1.2741946,1.1421036,-0.19056709,0.44509804,0.5426171,0.6886013746261597
PEBP1,2.0220866,1.9491775,-0.10518562,0.44509804,0.5426171,0.6886013746261597
ATP13A3,0.4062286,0.40149394,-0.006830678,0.44509804,0.5426171,0.6886013746261597
RBM4B,0.7083195,0.7240429,0.022684082,0.55490196,0.5426171,0.6886013746261597
XBP1,0.847828,0.8395471,-0.011946775,0.44509804,0.5426171,0.6886013746261597
SUN2,2.0725071,2.0624626,-0.014491258,0.44509804,0.5426171,0.6886013746261597
LETMD1,0.76539046,0.72969824,-0.05149298,0.44509804,0.5426171,0.6886013746261597
RRP7B,0.6618814,0.7260919,0.09263622,0.55490196,0.5426171,0.6886013746261597
STAG3L3,1.4932904,1.5744658,0.11711124,0.55490196,0.5426171,0.6886013746261597
TTC7A,0.5150983,0.4906255,-0.035306748,0.44509804,0.5426171,0.6886013746261597
FAM156A,0.43991044,0.40040845,-0.05698933,0.44509804,0.5426171,0.6886013746261597
FEM1B,0.41547334,0.41905347,0.005165026,0.55490196,0.5426171,0.6886013746261597
FAHD2CP,0.4954687,0.489001,-0.009330919,0.55490196,0.5426171,0.6886013746261597
HIVEP2,0.8427666,0.80598694,-0.053061806,0.44509804,0.5426171,0.6886013746261597
ARID1A,1.4771682,1.5535421,0.1101843,0.55490196,0.5426171,0.6886013746261597
TXNIP,3.6006875,3.8773203,0.39909676,0.55490196,0.5426171,0.6886013746261597
ZNF286A,0.3833617,0.43430915,0.07350165,0.55490196,0.5426171,0.6886013746261597
SMAD4,0.41565168,0.38336545,-0.04657918,0.44509804,0.5426171,0.6886013746261597
SAFB2,1.3790821,1.4984275,0.17217906,0.55490196,0.5426171,0.6886013746261597
CRTAP,0.53586274,0.5861122,0.07249464,0.55490196,0.5426171,0.6886013746261597
MX2,1.1316408,0.98916,-0.20555633,0.44509804,0.5426171,0.6886013746261597
UTY,0.9728813,1.148155,0.25286645,0.5529412,0.5560184,0.6999231576919556
GUSBP1,0.43628338,0.46755219,0.04511135,0.5529412,0.5573919,0.6999231576919556
E2F4,0.6058971,0.53810716,-0.097800255,0.44705883,0.5573919,0.6999231576919556
ORMDL3,0.90438306,0.7918733,-0.1623173,0.44705883,0.5573919,0.6999231576919556
CHMP3,0.8669687,0.80893105,-0.083730616,0.44705883,0.5573919,0.6999231576919556
EEF1A1P8,0.26812977,0.27097592,0.0041061286,0.44705883,0.5573919,0.6999231576919556
AC006995.8,0.19299164,0.2254513,0.04682939,0.5529412,0.5573919,0.6999231576919556
WDR43,0.85210264,0.8275172,-0.03546927,0.44705883,0.5573919,0.6999231576919556
EEF1G,5.9233336,5.99338,0.10105563,0.5529412,0.5573919,0.6999231576919556
MT-ATP8,5.1511173,5.168549,0.025148679,0.44705883,0.5573919,0.6999231576919556
IPCEF1,1.4364929,1.3652496,-0.10278234,0.44705883,0.5573919,0.6999231576919556
DENND4B,0.92033726,0.83509386,-0.12298024,0.44705883,0.5573919,0.6999231576919556
USP37,0.52824616,0.47688216,-0.074102595,0.44705883,0.5573919,0.6999231576919556
C1GALT1,0.96266,0.8886748,-0.106738105,0.44705883,0.5573919,0.6999231576919556
FAM222B,0.41592938,0.3831838,-0.04724187,0.44705883,0.5573919,0.6999231576919556
ZNF638,1.7029954,1.7879664,0.12258717,0.5529412,0.5573919,0.6999231576919556
PIKFYVE,0.5933284,0.5506298,-0.06160109,0.44705883,0.5573919,0.6999231576919556
SETD2,0.9816441,0.96436095,-0.024934303,0.44705883,0.5573919,0.6999231576919556
PZP,0.38309038,0.31830606,-0.09346402,0.44705883,0.5573919,0.6999231576919556
ZNF101,0.9001824,0.809369,-0.13101605,0.44705883,0.5573919,0.6999231576919556
DNASE1,0.49435174,0.4667592,-0.03980762,0.44705883,0.5573919,0.6999231576919556
PNISR,2.507438,2.4183514,-0.1285247,0.44705883,0.5573919,0.6999231576919556
ZAP70,3.7183058,3.6530116,-0.09419971,0.44705883,0.5573919,0.6999231576919556
ZBTB44,0.44428188,0.48331362,0.056310903,0.5529412,0.5573919,0.6999231576919556
PSMD5-AS1,0.7594069,0.81991196,0.08729031,0.5529412,0.5573919,0.6999231576919556
RWDD4,0.5129489,0.46163115,-0.07403582,0.44705883,0.5573919,0.6999231576919556
Z82188.1,1.8599468,1.7746046,-0.12312289,0.44705883,0.5573919,0.6999231576919556
AP4B1,0.8388766,0.78104365,-0.08343532,0.44705883,0.5573919,0.6999231576919556
IL16,1.854166,2.0049422,0.217524,0.5529412,0.5573919,0.6999231576919556
RP11-175B9.3,1.5533206,1.4499276,-0.14916468,0.44705883,0.5573919,0.6999231576919556
NPIPA7,1.3778454,1.3550953,-0.032821514,0.44705883,0.5573919,0.6999231576919556
ITGA1,1.0391204,0.98497266,-0.078118734,0.44705883,0.5573919,0.6999231576919556
RHOH,3.6724548,3.5578704,-0.16531041,0.44705883,0.5573919,0.6999231576919556
TRGV3,0.6894662,0.61715645,-0.10432089,0.44705883,0.5573919,0.6999231576919556
PLEKHA3,0.57231146,0.546279,-0.037556883,0.44705883,0.5573919,0.6999231576919556
RPL5P5,0.21708377,0.22013913,0.004407958,0.44705883,0.5573919,0.6999231576919556
PANK3,0.41905612,0.3864198,-0.04708425,0.44705883,0.5573919,0.6999231576919556
RPL21P119,0.5225382,0.5209907,-0.0022325069,0.5529412,0.5573919,0.6999231576919556
RPS3AP5,0.65343064,0.6964512,0.06206553,0.5529412,0.5573919,0.6999231576919556
IRF8,0.5185004,0.47428355,-0.06379142,0.44705883,0.5573919,0.6999231576919556
SYNC,0.7526995,0.6742725,-0.11314627,0.44705883,0.5573919,0.6999231576919556
IKZF1,1.8717602,1.9359121,0.092551604,0.5529412,0.5573919,0.6999231576919556
GTF2I,1.4803869,1.4329548,-0.06843001,0.44705883,0.5573919,0.6999231576919556
ALDH18A1,0.5296221,0.45816112,-0.10309637,0.44705883,0.5573919,0.6999231576919556
AC010970.2,0.4265227,0.34571576,-0.11657977,0.44705883,0.5573919,0.6999231576919556
ARID1B,0.7913965,0.76328725,-0.040553078,0.44705883,0.5573919,0.6999231576919556
POGZ,0.7521999,0.780821,0.041291572,0.5529412,0.5573919,0.6999231576919556
FAM21A,0.7187267,0.6750388,-0.06302829,0.44705883,0.5573919,0.6999231576919556
CD5,1.7602049,1.6797594,-0.116058365,0.44705883,0.5573919,0.6999231576919556
NF1,0.67518234,0.6464595,-0.041438274,0.44705883,0.5573919,0.6999231576919556
PIGL,0.5478467,0.571761,0.034501094,0.5529412,0.5573919,0.6999231576919556
TTI1,0.4094179,0.38596722,-0.03383217,0.44705883,0.5573919,0.6999231576919556
APLP2,1.0756477,1.0011715,-0.10744651,0.44705883,0.5573919,0.6999231576919556
UBE4B,0.481773,0.45711187,-0.03557848,0.44705883,0.5573919,0.6999231576919556
USP36,2.0204494,2.142723,0.17640364,0.5529412,0.5573919,0.6999231576919556
NOTCH2NL,1.2999824,1.3463721,0.06692619,0.5529412,0.5573919,0.6999231576919556
IFT80,0.44393557,0.37805015,-0.09505258,0.44705883,0.5573919,0.6999231576919556
BTN3A1,2.1672823,2.2018769,0.049909364,0.5509804,0.5723598,0.7125487327575684
CCZ1B,0.5403307,0.5027086,-0.054277208,0.4490196,0.5723598,0.7125487327575684
EEF1A1P24,0.12382842,0.13666512,0.018519446,0.5509804,0.5723598,0.7125487327575684
CELF2,3.2453048,3.2072244,-0.05493848,0.4490196,0.5723598,0.7125487327575684
ZNF460,1.4627378,1.3431778,-0.17248863,0.4490196,0.5723598,0.7125487327575684
ZNF141,0.40825287,0.44584396,0.054232493,0.5509804,0.5723598,0.7125487327575684
PABPC1,6.8973722,6.946946,0.071520016,0.5509804,0.5723598,0.7125487327575684
DNAJA4,0.76161945,1.0275878,0.3837112,0.5509804,0.5723598,0.7125487327575684
RP11-464D20.2,0.51748484,0.5368691,0.027965583,0.5509804,0.5723598,0.7125487327575684
DDX21,1.0508649,0.9762128,-0.107700266,0.4490196,0.5723598,0.7125487327575684
SBNO1,1.302921,1.2751017,-0.040134903,0.4490196,0.5723598,0.7125487327575684
PFKFB3,1.3220193,1.5981807,0.39841655,0.5509804,0.5723598,0.7125487327575684
HNRNPU,2.5178924,2.6464047,0.18540418,0.5509804,0.5723598,0.7125487327575684
INSIG1,1.199306,1.0941639,-0.15168801,0.4490196,0.5723598,0.7125487327575684
DHRS4L2,0.54857427,0.47348335,-0.10833329,0.4490196,0.5723598,0.7125487327575684
RBM5,2.4602551,2.6266325,0.24003172,0.5509804,0.5723598,0.7125487327575684
GTF3C2,0.5863746,0.5712271,-0.021853233,0.5509804,0.5723598,0.7125487327575684
WSB1,2.3728004,2.3121407,-0.08751337,0.4490196,0.5723598,0.7125487327575684
CCDC57,0.61567134,0.6539805,0.05526843,0.5509804,0.5723598,0.7125487327575684
PJA2,1.3476449,1.2147356,-0.19174759,0.4490196,0.5723598,0.7125487327575684
CCNH,2.2233825,2.3368485,0.16369687,0.5509804,0.5723598,0.7125487327575684
APTX,0.53139114,0.5078349,-0.03398446,0.4490196,0.5723598,0.7125487327575684
ATXN2,0.7213611,0.7715039,0.0723408,0.5509804,0.5723598,0.7125487327575684
PDK1,0.44297037,0.43043476,-0.018085051,0.4490196,0.5723598,0.7125487327575684
C11orf30,0.95878565,0.93989617,-0.027251769,0.4490196,0.5723598,0.7125487327575684
ST6GAL1,1.5587938,1.534503,-0.035044216,0.4490196,0.5723598,0.7125487327575684
RPL4P5,0.8108547,0.7716716,-0.056529235,0.4490196,0.5723598,0.7125487327575684
RPS27A,6.8447413,6.810127,-0.049938258,0.5509804,0.5723598,0.7125487327575684
GZMM,1.7404937,1.6546533,-0.12384144,0.4490196,0.5723598,0.7125487327575684
FOXJ3,1.2130662,1.2439972,0.044623993,0.5509804,0.5723598,0.7125487327575684
PIGB,0.60960597,0.5468902,-0.09047973,0.4490196,0.5723598,0.7125487327575684
ERGIC2,1.0941252,0.9529681,-0.20364656,0.4490196,0.5723598,0.7125487327575684
IMPDH2,1.2349628,1.1084069,-0.1825816,0.4490196,0.5723598,0.7125487327575684
CDKN2AIP,0.5632789,0.63280135,0.10029968,0.5509804,0.5723598,0.7125487327575684
ANKMY1,0.4351301,0.444511,0.013533788,0.5509804,0.5723598,0.7125487327575684
CHM,0.45149815,0.4606113,0.013147514,0.5509804,0.5723598,0.7125487327575684
AC068580.6,0.101128794,0.11162322,0.015140256,0.5509804,0.5723598,0.7125487327575684
SFSWAP,0.8162801,0.8556079,0.056738023,0.5509804,0.5723598,0.7125487327575684
HAGH,0.75879014,0.705012,-0.077585414,0.4490196,0.5723598,0.7125487327575684
TSPAN5,0.39070973,0.4122246,0.031039385,0.5509804,0.5723598,0.7125487327575684
CIR1,1.0488966,0.99579227,-0.076613285,0.4490196,0.5723598,0.7125487327575684
GRAMD1A,0.62421095,0.60546076,-0.027050806,0.5509804,0.5723598,0.7125487327575684
RPL5P4,0.81820995,0.87627584,0.08377137,0.5509804,0.5723598,0.7125487327575684
GAPVD1,0.83118016,0.7937432,-0.05401012,0.4490196,0.5723598,0.7125487327575684
RHOB,0.4118745,0.37807712,-0.04875932,0.4490196,0.5723598,0.7125487327575684
SEC62,2.4474564,2.3586948,-0.12805587,0.4490196,0.5723598,0.7125487327575684
MRFAP1L1,1.4240301,1.3114423,-0.16242987,0.4490196,0.5723598,0.7125487327575684
CTB-36O1.7,0.45396906,0.39060405,-0.09141639,0.54901963,0.5872999,0.7244047522544861
LSG1,0.6009837,0.5629137,-0.054923348,0.4509804,0.58751607,0.7244047522544861
RP3-486I3.4,0.29832056,0.3302138,0.046012197,0.54901963,0.58751607,0.7244047522544861
LINC00667,0.55980146,0.49447632,-0.09424426,0.4509804,0.58751607,0.7244047522544861
ERO1LB,0.52885544,0.64089495,0.16163884,0.54901963,0.58751607,0.7244047522544861
RP11-61L23.2,1.1855922,1.0695922,-0.16735253,0.4509804,0.58751607,0.7244047522544861
DGKH,0.7372453,0.6062499,-0.1889864,0.4509804,0.58751607,0.7244047522544861
SFI1,1.9259211,1.9115524,-0.020729585,0.54901963,0.58751607,0.7244047522544861
RP11-347P5.1,1.9785873,2.0399923,0.08858878,0.54901963,0.58751607,0.7244047522544861
CWF19L1,0.6949607,0.61906105,-0.109500065,0.4509804,0.58751607,0.7244047522544861
ZNF831,0.40568793,0.4298754,0.03489515,0.54901963,0.58751607,0.7244047522544861
SETD3,0.58001846,0.5361585,-0.063276544,0.4509804,0.58751607,0.7244047522544861
LUC7L3,2.7099452,2.6514273,-0.084423535,0.4509804,0.58751607,0.7244047522544861
CDIP1,0.48284715,0.45479053,-0.04047715,0.4509804,0.58751607,0.7244047522544861
ZNF252P,0.19016854,0.16842735,-0.031365916,0.4509804,0.58751607,0.7244047522544861
AKT1,0.5266709,0.45419738,-0.10455716,0.4509804,0.58751607,0.7244047522544861
ERGIC1,0.3879639,0.33109504,-0.08204441,0.4509804,0.58751607,0.7244047522544861
CYTH4,1.439422,1.3541511,-0.123019874,0.4509804,0.58751607,0.7244047522544861
TENM1,0.26753053,0.29646996,0.041750766,0.54901963,0.58751607,0.7244047522544861
NPM1P24,0.25864437,0.2432436,-0.022218611,0.4509804,0.58751607,0.7244047522544861
GTF2B,1.6641631,1.4965235,-0.24185283,0.4509804,0.58751607,0.7244047522544861
RP11-356I2.4,1.4033597,1.4910423,0.12649927,0.54901963,0.58751607,0.7244047522544861
HMHA1,3.3566334,3.477527,0.17441241,0.54901963,0.58751607,0.7244047522544861
RPL3P6,0.17758356,0.19066161,0.018867636,0.54901963,0.58751607,0.7244047522544861
SLC41A1,0.5957404,0.5616819,-0.04913596,0.4509804,0.58751607,0.7244047522544861
SUPT6H,0.88803554,0.86000794,-0.04043527,0.4509804,0.58751607,0.7244047522544861
BBIP1,1.1922044,1.2155124,0.033626392,0.54901963,0.58751607,0.7244047522544861
NAPG,0.624324,0.57765645,-0.06732708,0.4509804,0.58751607,0.7244047522544861
ABCG1,0.8248291,0.85699224,0.04640161,0.54901963,0.58751607,0.7244047522544861
HMGA1,1.0910188,1.0087073,-0.11875041,0.4509804,0.58751607,0.7244047522544861
KLHL18,0.5499927,0.5963365,0.066859975,0.4509804,0.58751607,0.7244047522544861
PRPF3,1.3449384,1.2753748,-0.1003591,0.4509804,0.58751607,0.7244047522544861
MFSD6,0.57910436,0.5310985,-0.06925784,0.4509804,0.58751607,0.7244047522544861
TCHP,0.60117835,0.5557449,-0.06554663,0.4509804,0.58751607,0.7244047522544861
SLC7A6OS,0.5604828,0.5281652,-0.04662441,0.4509804,0.58751607,0.7244047522544861
LEPROTL1,3.3525722,3.5087276,0.22528455,0.54901963,0.58751607,0.7244047522544861
MTRNR2L10,0.4904558,0.45401374,-0.052574795,0.4509804,0.58751607,0.7244047522544861
GSPT1,1.4231832,1.3789937,-0.063751906,0.4509804,0.58751607,0.7244047522544861
SIK2,0.27237624,0.28088307,0.012272768,0.4509804,0.58751607,0.7244047522544861
C17orf70,0.57982767,0.5379012,-0.060487073,0.4509804,0.58751607,0.7244047522544861
CRYZL1,0.54236406,0.48564288,-0.081831366,0.4509804,0.58751607,0.7244047522544861
CUL3,0.8245827,0.780352,-0.063811414,0.4509804,0.58751607,0.7244047522544861
PPP6R1,1.2356534,1.1145377,-0.174733,0.4509804,0.58751607,0.7244047522544861
MT-RNR2,11.341146,11.276917,-0.09266288,0.54901963,0.58751607,0.7244047522544861
FAM73B,0.48256588,0.45780304,-0.035725225,0.4509804,0.58751607,0.7244047522544861
KIAA1430,0.5401395,0.59305066,0.07633467,0.54901963,0.58751607,0.7244047522544861
YLPM1,0.92051184,0.8852125,-0.050926212,0.4509804,0.58751607,0.7244047522544861
RPS4XP11,0.29318017,0.2793048,-0.02001792,0.4509804,0.58751607,0.7244047522544861
LINC00623,1.1446507,1.2268604,0.118603535,0.54901963,0.58751607,0.7244047522544861
NFKB2,0.3401343,0.37206948,0.046072733,0.4509804,0.58751607,0.7244047522544861
MTF2,1.3470149,1.2633781,-0.12066234,0.4509804,0.58751607,0.7244047522544861
CLPTM1,0.72860307,0.753622,0.036094688,0.4509804,0.58751607,0.7244047522544861
TBRG4,0.6880232,0.6498119,-0.055127233,0.4509804,0.58751607,0.7244047522544861
EIF1,7.0444283,7.1055217,0.08813904,0.5470588,0.6028554,0.7366551160812378
RARS,0.5576856,0.48780233,-0.10082027,0.45294118,0.6028554,0.7366551160812378
MMS19,0.68667585,0.6570082,-0.04280141,0.45294118,0.6028554,0.7366551160812378
RP11-1033A18.1,0.75068223,0.8198948,0.099852614,0.45294118,0.6028554,0.7366551160812378
ZNF331,3.5724342,3.7445397,0.24829583,0.5470588,0.6028554,0.7366551160812378
RP11-53I6.2,0.8252801,0.9199831,0.13662757,0.5470588,0.6028554,0.7366551160812378
GPCPD1,1.6131157,1.7266736,0.16382948,0.5470588,0.6028554,0.7366551160812378
PHACTR4,0.7185005,0.7025533,-0.02300698,0.45294118,0.6028554,0.7366551160812378
GNL2,0.71641946,0.7193788,0.004269469,0.45294118,0.6028554,0.7366551160812378
MEF2A,0.5507163,0.47944382,-0.10282443,0.45294118,0.6028554,0.7366551160812378
OBFC1,0.7273595,0.7897056,0.08994641,0.5470588,0.6028554,0.7366551160812378
RNASET2,1.1409924,1.1480256,0.010146804,0.5470588,0.6028554,0.7366551160812378
CCDC69,0.9092918,0.8389928,-0.10142006,0.45294118,0.6028554,0.7366551160812378
RPL4P3,0.15012163,0.14630502,-0.0055061965,0.45294118,0.6028554,0.7366551160812378
RP11-627K11.1,0.6500247,0.62786305,-0.03197252,0.45294118,0.6028554,0.7366551160812378
RP1-283E3.8,0.2680872,0.24506299,-0.033216923,0.45294118,0.6028554,0.7366551160812378
ODF2L,1.0304241,1.0033727,-0.03902699,0.45294118,0.6028554,0.7366551160812378
FBXW4,1.14271,1.1277987,-0.02151245,0.45294118,0.6028554,0.7366551160812378
NUDCD3,0.9745849,0.90515655,-0.1001639,0.45294118,0.6028554,0.7366551160812378
RP11-21J18.1,0.75711703,0.7871906,0.04338701,0.5470588,0.6028554,0.7366551160812378
ABTB1,0.7452756,0.8028868,0.08311535,0.5470588,0.6028554,0.7366551160812378
AK1,0.8486574,0.7960673,-0.07587152,0.45294118,0.6028554,0.7366551160812378
RBM12B,0.47645777,0.44312394,-0.048090562,0.45294118,0.6028554,0.7366551160812378
DDX6,3.487116,3.392639,-0.13630176,0.45294118,0.6028554,0.7366551160812378
DIS3,0.61990356,0.6101106,-0.014128289,0.45294118,0.6028554,0.7366551160812378
HNRNPAB,0.68149227,0.62968236,-0.07474589,0.45294118,0.6028554,0.7366551160812378
FBXL4,0.3150302,0.30794942,-0.010215382,0.45294118,0.6028554,0.7366551160812378
CCM2,0.9991416,0.92435765,-0.10789039,0.45294118,0.6028554,0.7366551160812378
KDM5B,0.6079442,0.6481275,0.057972256,0.5470588,0.6028554,0.7366551160812378
TMC6,3.0083768,2.9301014,-0.11292759,0.45294118,0.6028554,0.7366551160812378
NOSIP,1.1724508,1.1666303,-0.008397225,0.45294118,0.6028554,0.7366551160812378
FBXO34,0.5497634,0.55569905,0.00856336,0.45294118,0.6028554,0.7366551160812378
SDCBP,2.264717,2.088127,-0.2547658,0.45294118,0.6028554,0.7366551160812378
PRR4,1.1311241,1.0713435,-0.08624517,0.45294118,0.6028554,0.7366551160812378
VPS13B,1.3130078,1.2278627,-0.12283844,0.45294118,0.6028554,0.7366551160812378
BLCAP,0.85492015,0.8174439,-0.05406679,0.45294118,0.6028554,0.7366551160812378
NHLRC3,0.60248303,0.5639516,-0.05558909,0.45294118,0.6028554,0.7366551160812378
ZC3H6,0.2813634,0.31110516,0.042908296,0.5470588,0.6028554,0.7366551160812378
CCNL2,2.2682662,2.2574122,-0.015659021,0.45294118,0.6028554,0.7366551160812378
RPL5P1,0.2567955,0.29546154,0.055783305,0.5470588,0.6028554,0.7366551160812378
AC004980.11,1.1274978,1.1735011,0.066368796,0.5470588,0.6028554,0.7366551160812378
THAP7,0.6465968,0.596237,-0.072653815,0.45294118,0.6028554,0.7366551160812378
GABARAPL1,1.978249,1.8976295,-0.116309285,0.45294118,0.6028554,0.7366551160812378
PER2,0.6362727,0.65170956,0.022270635,0.5470588,0.6028554,0.7366551160812378
MTRNR2L9,0.5043953,0.4589106,-0.06562054,0.45294118,0.6028554,0.7366551160812378
RP11-36C20.1,1.1662952,1.114225,-0.075121336,0.45294118,0.6028554,0.7366551160812378
TRIB2,0.759402,0.6758346,-0.12056225,0.45294118,0.6028554,0.7366551160812378
SPTBN1,0.96654356,0.87917024,-0.12605305,0.45294118,0.6028554,0.7366551160812378
KMT2D,0.85012513,0.86792356,0.025677698,0.5470588,0.6028554,0.7366551160812378
CROCCP2,0.6569059,0.6280459,-0.04163614,0.45294118,0.6028554,0.7366551160812378
RPS4X,7.09744,6.86718,-0.3321948,0.45490196,0.61837244,0.7482383251190186
RPS7P11,0.8474914,0.82132226,-0.037754063,0.45490196,0.61837244,0.7482383251190186
CREBBP,0.99855363,1.0853683,0.12524705,0.54509807,0.61837244,0.7482383251190186
RP11-624L12.1,0.23495187,0.21901485,-0.022992253,0.45490196,0.61837244,0.7482383251190186
PHKB,0.7558449,0.80592495,0.072250254,0.54509807,0.61837244,0.7482383251190186
RPL23AP2,0.67943585,0.6405821,-0.056054134,0.45490196,0.61837244,0.7482383251190186
CCAR1,1.5274335,1.4453162,-0.11847025,0.45490196,0.61837244,0.7482383251190186
CYP20A1,0.7815358,0.80049247,0.02734868,0.54509807,0.61837244,0.7482383251190186
EIF5AL1,0.2620792,0.23038237,-0.045728877,0.45490196,0.61837244,0.7482383251190186
MED30,0.9041742,0.83703226,-0.096865356,0.45490196,0.61837244,0.7482383251190186
CDK11A,1.6293906,1.5799453,-0.07133445,0.45490196,0.61837244,0.7482383251190186
SCAF11,1.8602471,1.9940565,0.19304605,0.54509807,0.61837244,0.7482383251190186
RP11-16F15.2,0.30298313,0.29772463,-0.0075864126,0.45490196,0.61837244,0.7482383251190186
MINK1,0.4525241,0.4515048,-0.0014705376,0.45490196,0.61837244,0.7482383251190186
CDC14A,0.82195127,0.8466914,0.035692506,0.54509807,0.61837244,0.7482383251190186
DYNC1I2,1.0019982,0.9394768,-0.090199314,0.45490196,0.61837244,0.7482383251190186
PPP1CB,3.9146411,3.7799656,-0.19429567,0.45490196,0.61837244,0.7482383251190186
ISG20L2,0.6699831,0.6311997,-0.05595258,0.45490196,0.61837244,0.7482383251190186
ABC7-42389800N19.1,0.40311065,0.4302228,0.039114572,0.54509807,0.61837244,0.7482383251190186
RPS4XP14,0.29454163,0.2765801,-0.025913013,0.45490196,0.61837244,0.7482383251190186
ZMIZ2,0.58000046,0.5499507,-0.04335261,0.45490196,0.61837244,0.7482383251190186
METTL3,0.7585871,0.69186383,-0.09626135,0.45490196,0.61837244,0.7482383251190186
CTR9,0.83361274,0.8295342,-0.0058841286,0.45490196,0.61837244,0.7482383251190186
RP11-693N9.2,0.65029305,0.58986145,-0.08718437,0.45490196,0.61837244,0.7482383251190186
RP6-218J18.2,0.12702751,0.10792218,-0.027563164,0.45490196,0.61837244,0.7482383251190186
CSRNP1,1.424245,1.5479156,0.17841893,0.54509807,0.61837244,0.7482383251190186
TPR,1.9353577,1.89068,-0.06445634,0.45490196,0.61837244,0.7482383251190186
SLC44A2,1.6824137,1.7550497,0.10479161,0.54509807,0.61837244,0.7482383251190186
DLG1,0.70226765,0.6359622,-0.095658556,0.45490196,0.61837244,0.7482383251190186
RP11-109P14.10,0.511454,0.46558022,-0.066181846,0.45490196,0.61837244,0.7482383251190186
FAM157C,0.3880026,0.3556589,-0.04666212,0.45490196,0.61837244,0.7482383251190186
RPS2P46,1.239632,1.3057698,0.095416665,0.54509807,0.61837244,0.7482383251190186
FAM21C,0.73975587,0.71229476,-0.039618008,0.45490196,0.61837244,0.7482383251190186
RPL28,7.2672043,7.1387634,-0.18530099,0.54509807,0.61837244,0.7482383251190186
RPL19,7.6312327,7.5461802,-0.122704804,0.54509807,0.61837244,0.7482383251190186
GOLPH3,0.68448615,0.71237296,0.04023216,0.45490196,0.61837244,0.7482383251190186
AGAP2,0.43398002,0.41441947,-0.028219903,0.45490196,0.61837244,0.7482383251190186
DOCK8,2.9236522,3.050157,0.18250799,0.54509807,0.61837244,0.7482383251190186
PAN3,2.3356102,2.2253265,-0.15910563,0.45490196,0.61837244,0.7482383251190186
LINC00969,1.5494982,1.5764536,0.038888372,0.54509807,0.61837244,0.7482383251190186
AGL,0.35069376,0.3257807,-0.035941966,0.45490196,0.61837244,0.7482383251190186
NBPF8,0.30355862,0.2808316,-0.03278815,0.45490196,0.61837244,0.7482383251190186
RPS2P55,0.31371313,0.28542432,-0.040812127,0.45490196,0.61837244,0.7482383251190186
ATP9B,0.76228863,0.80722463,0.06482895,0.54509807,0.61837244,0.7482383251190186
PLCL2,0.22609597,0.28672576,0.08747029,0.54509807,0.61837244,0.7482383251190186
PAF1,1.4073447,1.3670534,-0.058128074,0.45490196,0.61837244,0.7482383251190186
DDX26B,0.6874458,0.6716634,-0.022769213,0.45490196,0.61837244,0.7482383251190186
GGNBP2,1.5707277,1.5826482,0.017197577,0.54509807,0.61837244,0.7482383251190186
TMEM248,0.47508174,0.54837525,0.10574018,0.54509807,0.61837244,0.7482383251190186
KAT2B,0.65919685,0.5856318,-0.106131956,0.45490196,0.61837244,0.7482383251190186
POM121,0.7879641,0.7803623,-0.010967076,0.45490196,0.61837244,0.7482383251190186
TRRAP,0.6336461,0.6164735,-0.024774788,0.45490196,0.61837244,0.7482383251190186
RP11-1136G11.6,0.2876216,0.29163665,0.0057925046,0.45490196,0.61837244,0.7482383251190186
FAM46C,2.7627165,2.5501335,-0.30669254,0.45490196,0.61837244,0.7482383251190186
ERCC5,1.0796498,1.1316209,0.07497842,0.54509807,0.61837244,0.7482383251190186
SRSF11,3.1372733,3.0644836,-0.105013296,0.45686275,0.6340616,0.7590031027793884
DCTN6,1.1539114,1.3155277,0.23316307,0.54313725,0.6340616,0.7590031027793884
C16orf62,0.52301085,0.5306206,0.0109785125,0.54313725,0.6340616,0.7590031027793884
SOAT1,1.0478243,0.9451827,-0.1480805,0.45686275,0.6340616,0.7590031027793884
ANKRD28,0.5823608,0.50505847,-0.111523695,0.45686275,0.6340616,0.7590031027793884
SLX1A-SULT1A3,0.7544599,0.7513525,-0.0044830716,0.45686275,0.6340616,0.7590031027793884
RP11-546B8.5,0.4964356,0.48958644,-0.009881264,0.45686275,0.6340616,0.7590031027793884
HYOU1,0.7707651,0.70089144,-0.10080643,0.45686275,0.6340616,0.7590031027793884
TAF7,1.9395248,1.9271553,-0.017845435,0.45686275,0.6340616,0.7590031027793884
RBM19,1.2167428,1.1517305,-0.0937928,0.45686275,0.6340616,0.7590031027793884
STAM2,0.61002994,0.58071584,-0.042291306,0.45686275,0.6340616,0.7590031027793884
KLHL24,0.8774158,0.9115035,0.04917818,0.54313725,0.6340616,0.7590031027793884
LINC00657,0.57649547,0.59523565,0.027036361,0.54313725,0.6340616,0.7590031027793884
RIPK1,0.46899554,0.44830742,-0.029846642,0.45686275,0.6340616,0.7590031027793884
RPS6,7.480559,7.4381905,-0.061124697,0.54313725,0.6340616,0.7590031027793884
PNP,0.8796671,0.84769386,-0.04612764,0.45686275,0.6340616,0.7590031027793884
SC5D,0.7150653,0.78696954,0.103735894,0.54313725,0.6340616,0.7590031027793884
PPP2R5A,0.4394287,0.44023886,0.0011688371,0.45686275,0.6340616,0.7590031027793884
UBA2,0.4894189,0.5129975,0.03401675,0.45686275,0.6340616,0.7590031027793884
C2CD3,0.69700885,0.6501696,-0.06757473,0.45686275,0.6340616,0.7590031027793884
CCDC88B,0.64515245,0.6776192,0.046839647,0.45686275,0.6340616,0.7590031027793884
POLR3A,0.38456008,0.3446365,-0.057597548,0.45686275,0.6340616,0.7590031027793884
NME7,0.6326583,0.59501606,-0.054306272,0.45686275,0.6340616,0.7590031027793884
MAFF,0.5136353,0.5829538,0.1000055,0.54313725,0.6340616,0.7590031027793884
NUMA1,1.4585537,1.4314134,-0.03915512,0.45686275,0.6340616,0.7590031027793884
MDN1,0.56008756,0.54830784,-0.01699455,0.45686275,0.6340616,0.7590031027793884
CTD-2192J16.15,2.405721,2.3239422,-0.11798182,0.45686275,0.6340616,0.7590031027793884
ADAM10,1.1954936,1.2702852,0.10790157,0.54313725,0.6340616,0.7590031027793884
VWA8,0.35593882,0.38723516,0.045151077,0.54313725,0.6340616,0.7590031027793884
MFSD11,0.79536116,0.77267176,-0.032733887,0.45686275,0.6340616,0.7590031027793884
DIP2A,1.4590722,1.503862,0.06461801,0.54313725,0.6340616,0.7590031027793884
SUCO,0.6461264,0.6250485,-0.030408941,0.45686275,0.6340616,0.7590031027793884
KMT2E,4.26381,4.296476,0.047126684,0.54313725,0.6340616,0.7590031027793884
ATF4,2.2052083,2.1079664,-0.14029038,0.45686275,0.6340616,0.7590031027793884
RPS7P4,0.2415312,0.30252996,0.08800262,0.54313725,0.6340616,0.7590031027793884
AC005944.2,0.8012857,0.79177755,-0.013717337,0.45686275,0.6340616,0.7590031027793884
RPL5P9,0.45697182,0.44933647,-0.011015489,0.45686275,0.6340616,0.7590031027793884
MSI2,1.1754014,1.2314733,0.08089462,0.54313725,0.6340616,0.7590031027793884
TNFSF8,0.54135543,0.673721,0.19096318,0.54313725,0.6340616,0.7590031027793884
SLC5A6,0.57286793,0.6128249,0.057645746,0.54313725,0.6340616,0.7590031027793884
RMND5A,1.0461177,1.0832742,0.053605616,0.54313725,0.6340616,0.7590031027793884
EIF2B4,0.69978315,0.67605275,-0.034235727,0.45686275,0.6340616,0.7590031027793884
HAX1,1.275877,1.2188591,-0.082259476,0.45686275,0.6340616,0.7590031027793884
AP5M1,0.5119168,0.49983564,-0.017429452,0.45686275,0.6340616,0.7590031027793884
HUS1,0.60431445,0.62098837,0.024055386,0.54313725,0.6340616,0.7590031027793884
FTH1P23,0.40396583,0.36846584,-0.05121566,0.45686275,0.6340616,0.7590031027793884
RP11-778D9.4,2.175965,2.177389,0.0020541607,0.54313725,0.6340616,0.7590031027793884
SLC25A46,0.79215074,0.7680018,-0.034839556,0.45686275,0.6340616,0.7590031027793884
FAM160B2,0.5833708,0.59537643,0.017320458,0.54313725,0.6340616,0.7590031027793884
EIF1AD,0.88073933,0.9312107,0.072814785,0.54313725,0.6340616,0.7590031027793884
RP11-473M20.7,0.73789525,0.6725335,-0.09429706,0.45686275,0.6340616,0.7590031027793884
EIF4BP6,0.8248387,0.80461514,-0.029176427,0.45686275,0.6340616,0.7590031027793884
RREB1,0.46094197,0.5254922,0.09312628,0.54313725,0.6340616,0.7590031027793884
KLC1,1.1236877,1.203028,0.11446374,0.54313725,0.6340616,0.7590031027793884
PHYKPL,1.6531575,1.612744,-0.058304355,0.45686275,0.6340616,0.7590031027793884
RPL4,7.200678,7.133338,-0.09715094,0.45686275,0.6340616,0.7590031027793884
APBB1,0.86633897,0.8239894,-0.061097525,0.45686275,0.6340616,0.7590031027793884
HMBOX1,0.6999837,0.71058434,0.0152934715,0.45686275,0.6340616,0.7590031027793884
FAM118A,1.1476254,1.1002265,-0.068382196,0.45686275,0.6340616,0.7590031027793884
GRAP2,1.4062892,1.3200616,-0.12440021,0.45686275,0.6340616,0.7590031027793884
WDR26,0.89022964,0.84306103,-0.06804992,0.45686275,0.6340616,0.7590031027793884
HIPK1,1.5114225,1.4594109,-0.07503689,0.45882353,0.6499169,0.7709420919418335
MTDH,1.0839955,1.1647419,0.11649245,0.5411765,0.6499169,0.7709420919418335
RUFY2,0.33384833,0.31593704,-0.025840523,0.45882353,0.6499169,0.7709420919418335
CTC-250I14.6,1.816341,1.7865782,-0.042938735,0.45882353,0.6499169,0.7709420919418335
RPS4XP2,0.64055294,0.61144185,-0.04199842,0.45882353,0.6499169,0.7709420919418335
KIAA0196,0.69674224,0.64512354,-0.074470036,0.45882353,0.6499169,0.7709420919418335
PWP2,0.5318554,0.4787864,-0.076562375,0.45882353,0.6499169,0.7709420919418335
DEDD2,1.4471446,1.5930593,0.21051037,0.45882353,0.6499169,0.7709420919418335
TMEM41B,0.65570426,0.6274203,-0.04080512,0.45882353,0.6499169,0.7709420919418335
SLC4A1AP,0.6866008,0.6460776,-0.058462664,0.45882353,0.6499169,0.7709420919418335
DYNC1H1,1.5370934,1.4943709,-0.061635487,0.45882353,0.6499169,0.7709420919418335
LRIG2,0.46835133,0.48743102,0.027526166,0.5411765,0.6499169,0.7709420919418335
TBC1D4,0.8787018,0.8811058,0.0034682022,0.45882353,0.6499169,0.7709420919418335
MAP3K7,0.5553563,0.51470894,-0.058641784,0.45882353,0.6499169,0.7709420919418335
TMEM127,0.37636945,0.34293193,-0.048240144,0.45882353,0.6499169,0.7709420919418335
SCYL2,0.7502076,0.7121493,-0.05490649,0.45882353,0.6499169,0.7709420919418335
SMAP1,0.8479374,0.76548815,-0.11894914,0.45882353,0.6499169,0.7709420919418335
RP4-706A16.3,1.6873705,1.7137927,0.038119096,0.5411765,0.6499169,0.7709420919418335
ACSF3,1.089936,1.0576738,-0.046544526,0.45882353,0.6499169,0.7709420919418335
KDM3A,0.5873497,0.628114,0.058810413,0.5411765,0.6499169,0.7709420919418335
MIR29B1,1.0687023,0.9124713,-0.22539376,0.45882353,0.6499169,0.7709420919418335
HIF1A,2.3461356,2.2676318,-0.11325711,0.45882353,0.6499169,0.7709420919418335
AC006449.1,0.48055926,0.44934717,-0.04502953,0.45882353,0.6499169,0.7709420919418335
RPS6KA3,0.778744,0.694301,-0.12182546,0.45882353,0.6499169,0.7709420919418335
PCNXL4,1.0715114,1.0851316,0.019649878,0.5411765,0.6499169,0.7709420919418335
SPG11,1.5421501,1.4818014,-0.08706484,0.45882353,0.6499169,0.7709420919418335
ANKRD49,0.5161759,0.4710505,-0.06510223,0.45882353,0.6499169,0.7709420919418335
GALT,0.9224373,0.9565463,0.04920888,0.5411765,0.6499169,0.7709420919418335
MBP,1.0491816,1.0419984,-0.010363159,0.45882353,0.6499169,0.7709420919418335
EEF1A1P12,0.856051,0.87176585,0.0226717,0.45882353,0.6499169,0.7709420919418335
hsa-mir-6723,1.5757335,1.6253963,0.07164814,0.5411765,0.6499169,0.7709420919418335
ZC3H8,0.5017754,0.5281186,0.03800524,0.45882353,0.6499169,0.7709420919418335
TNF,0.94300044,0.8365521,-0.15357251,0.45882353,0.6499169,0.7709420919418335
FYB,4.204578,4.1647205,-0.057502054,0.45882353,0.6499169,0.7709420919418335
MASTL,0.465415,0.39214256,-0.105709784,0.45882353,0.6499169,0.7709420919418335
PTPN4,1.223848,1.1576047,-0.095568866,0.45882353,0.6499169,0.7709420919418335
MIAT,1.7650504,1.6341273,-0.18888219,0.45882353,0.6499169,0.7709420919418335
BTLA,0.5158822,0.44683772,-0.09961011,0.45882353,0.6499169,0.7709420919418335
RP11-737O24.3,0.26849282,0.35252252,0.12122924,0.5411765,0.6499169,0.7709420919418335
ZHX2,0.48587534,0.50323755,0.02504837,0.5411765,0.6499169,0.7709420919418335
AC093106.7,0.34100777,0.35801476,0.024535906,0.45882353,0.6499169,0.7709420919418335
NUDT3,0.3059178,0.35777795,0.07481839,0.5411765,0.6499169,0.7709420919418335
CTB-63M22.1,2.8708482,2.7522686,-0.17107424,0.45882353,0.6499169,0.7709420919418335
AFF4,1.525662,1.4763956,-0.0710763,0.45882353,0.6499169,0.7709420919418335
CLEC16A,0.655876,0.6190041,-0.05319492,0.45882353,0.6499169,0.7709420919418335
SNHG12,2.223494,2.3192217,0.13810585,0.5411765,0.6499169,0.7709420919418335
PHF17,0.6565485,0.6793728,0.032928485,0.5411765,0.6499169,0.7709420919418335
GS1-124K5.12,0.47706598,0.46493837,-0.01749644,0.45882353,0.6499169,0.7709420919418335
RTN4,0.38481587,0.46119964,0.11019848,0.5411765,0.6499169,0.7709420919418335
MED12,0.82662237,0.810906,-0.022673935,0.45882353,0.6499169,0.7709420919418335
RP11-33B1.1,1.0361034,0.9952394,-0.058954276,0.45882353,0.6499169,0.7709420919418335
OSBPL8,1.4501427,1.4854517,0.050940055,0.5411765,0.6499169,0.7709420919418335
RP11-613F7.1,0.2655789,0.27942583,0.019976903,0.4598039,0.65789574,0.7802709937095642
ZNF276,0.9829479,0.9606387,-0.03218535,0.46078432,0.6659324,0.7824504971504211
STX17,0.622225,0.64252394,0.029285206,0.5392157,0.6659324,0.7824504971504211
SETDB2,0.48468685,0.47716415,-0.0108529655,0.46078432,0.6659324,0.7824504971504211
KDM5C,0.9453873,0.84418935,-0.14599779,0.46078432,0.6659324,0.7824504971504211
CBWD3,0.5117223,0.48059896,-0.04490153,0.46078432,0.6659324,0.7824504971504211
RPS18P12,0.60163337,0.63111603,0.042534493,0.5392157,0.6659324,0.7824504971504211
SENP6,0.9588889,0.9510965,-0.011242076,0.46078432,0.6659324,0.7824504971504211
DPM1,0.82402706,0.8301167,0.008785476,0.46078432,0.6659324,0.7824504971504211
RPS18,7.390136,7.338685,-0.07422771,0.5392157,0.6659324,0.7824504971504211
ESYT2,0.624116,0.66720986,0.0621713,0.46078432,0.6659324,0.7824504971504211
CDK12,0.84584683,0.8033913,-0.06125042,0.46078432,0.6659324,0.7824504971504211
TARSL2,0.49440888,0.5156902,0.030702472,0.5392157,0.6659324,0.7824504971504211
ERP27,0.49643072,0.5288107,0.0467144,0.5392157,0.6659324,0.7824504971504211
PTAR1,0.559215,0.53057927,-0.04131264,0.46078432,0.6659324,0.7824504971504211
ALKBH5,0.7304774,0.7448398,0.020720556,0.46078432,0.6659324,0.7824504971504211
RP11-34P13.13,0.74585766,0.7890806,0.062357556,0.5392157,0.6659324,0.7824504971504211
RPL5P23,0.37774056,0.4047484,0.03896409,0.5392157,0.6659324,0.7824504971504211
GUSBP2,0.3421875,0.3529587,0.015539578,0.5392157,0.6659324,0.7824504971504211
AGFG2,0.44994226,0.42409885,-0.037284162,0.46078432,0.6659324,0.7824504971504211
PNRC1,1.3570894,1.4637828,0.15392601,0.5392157,0.6659324,0.7824504971504211
RP3-508I15.18,1.4717193,1.5159333,0.06378733,0.5392157,0.6659324,0.7824504971504211
RP11-425L10.1,2.671683,2.6829917,0.016314963,0.5392157,0.6659324,0.7824504971504211
LIX1L,0.6038441,0.5995561,-0.006186302,0.5392157,0.6659324,0.7824504971504211
ZBED2,0.6009127,0.4744079,-0.18250781,0.46078432,0.6659324,0.7824504971504211
FRYL,1.6426452,1.661431,0.027102059,0.5392157,0.6659324,0.7824504971504211
BTN3A2,3.3206317,3.2253447,-0.1374702,0.46078432,0.6659324,0.7824504971504211
RPS23,6.166737,6.0515127,-0.16623361,0.46078432,0.6659324,0.7824504971504211
TBCK,0.6336817,0.62881297,-0.0070241154,0.5392157,0.6659324,0.7824504971504211
RP13-93L13.2,0.8419322,0.78973997,-0.075297445,0.46078432,0.6659324,0.7824504971504211
DCAF8,1.4924304,1.5508244,0.08424467,0.5392157,0.6659324,0.7824504971504211
RP11-3P17.3,4.5469894,4.450252,-0.13956255,0.5392157,0.6659324,0.7824504971504211
PITHD1,1.1024971,1.0217634,-0.11647405,0.46078432,0.6659324,0.7824504971504211
MATK,0.51044756,0.47284967,-0.054242294,0.46078432,0.6659324,0.7824504971504211
GLA,0.8047706,0.83037066,0.0369331,0.46078432,0.6659324,0.7824504971504211
ITPRIP,1.0236299,0.8828022,-0.20317145,0.46078432,0.6659324,0.7824504971504211
RBM39,5.6534944,5.7155356,0.08950665,0.5392157,0.6659324,0.7824504971504211
IFFO1,0.6040228,0.5755155,-0.041127328,0.46078432,0.6659324,0.7824504971504211
GCDH,0.70117533,0.6985187,-0.0038327193,0.5392157,0.6659324,0.7824504971504211
INTS10,0.8294124,0.7885815,-0.05890655,0.46078432,0.6659324,0.7824504971504211
TRGV4,0.5451461,0.51485467,-0.043701306,0.46078432,0.6659324,0.7824504971504211
PHC1,0.5880769,0.549714,-0.055345908,0.46078432,0.6659324,0.7824504971504211
CMTM7,1.1716454,1.0986496,-0.10531065,0.46078432,0.6659324,0.7824504971504211
FOXO1,0.58133113,0.5943869,0.018835453,0.46078432,0.6659324,0.7824504971504211
IP6K1,0.44966704,0.48533642,0.051460046,0.46078432,0.6659324,0.7824504971504211
DDIT3,1.0932071,1.1750635,0.11809378,0.5392157,0.6659324,0.7824504971504211
AC004057.1,5.092399,5.1252356,0.047372963,0.46078432,0.6659324,0.7824504971504211
FAM129A,1.1415743,1.0610337,-0.11619543,0.46078432,0.6659324,0.7824504971504211
PDE3B,1.0756984,1.1898938,0.16474923,0.5392157,0.6659324,0.7824504971504211
LARP4,0.63300896,0.66483337,0.045912918,0.46078432,0.6659324,0.7824504971504211
NAGK,0.5937113,0.569798,-0.034499634,0.46078432,0.6659324,0.7824504971504211
FMNL3,1.0578378,1.1654732,0.15528503,0.5392157,0.6659324,0.7824504971504211
RPL23A,7.5467114,7.4616528,-0.12271375,0.5392157,0.6659324,0.7824504971504211
RBBP6,0.9656134,0.92949826,-0.052103177,0.46078432,0.6659324,0.7824504971504211
CHMP1B,1.1815099,1.3500204,0.24310935,0.5392157,0.6659324,0.7824504971504211
ZNF585A,0.46851677,0.42945457,-0.056354843,0.4627451,0.68210167,0.7941927909851074
PAXBP1,0.6273419,0.67129004,0.063403726,0.5372549,0.68210167,0.7941927909851074
WASH2P,0.4713721,0.4971917,0.037249807,0.5372549,0.68210167,0.7941927909851074
COG3,0.5626411,0.5639937,0.0019514011,0.5372549,0.68210167,0.7941927909851074
CAMTA2,0.663292,0.6357838,-0.039685942,0.4627451,0.68210167,0.7941927909851074
PRRC2C,4.161328,4.1115065,-0.071877055,0.4627451,0.68210167,0.7941927909851074
PPP1R2,3.1875725,3.3219151,0.1938155,0.5372549,0.68210167,0.7941927909851074
FAM193B,0.5253356,0.5115643,-0.01986778,0.4627451,0.68210167,0.7941927909851074
SLC25A12,0.5244798,0.46145308,-0.090928346,0.4627451,0.68210167,0.7941927909851074
BLOC1S3,0.50030607,0.51908445,0.02709148,0.4627451,0.68210167,0.7941927909851074
CAPG,0.7584807,0.6616715,-0.13966617,0.4627451,0.68210167,0.7941927909851074
AC000089.3,0.2905543,0.31017992,0.028313762,0.5372549,0.68210167,0.7941927909851074
CHD1,1.9379371,2.0143502,0.110240705,0.5372549,0.68210167,0.7941927909851074
TEX10,0.4004411,0.42388391,0.03382082,0.4627451,0.68210167,0.7941927909851074
CLK4,1.0324829,1.0892808,0.08194216,0.5372549,0.68210167,0.7941927909851074
TMEM168,0.5744984,0.59438145,0.028685158,0.5372549,0.68210167,0.7941927909851074
GDAP2,0.5303474,0.55586565,0.036815036,0.4627451,0.68210167,0.7941927909851074
NFKBID,0.8606855,0.92582667,0.0939788,0.5372549,0.68210167,0.7941927909851074
NPM1P37,0.30831823,0.2976076,-0.015452168,0.4627451,0.68210167,0.7941927909851074
HEXIM1,1.2108432,1.148862,-0.08941997,0.4627451,0.68210167,0.7941927909851074
VPS39,0.9651955,0.8931022,-0.10400857,0.4627451,0.68210167,0.7941927909851074
MCFD2,0.5588494,0.5332604,-0.03691711,0.4627451,0.68210167,0.7941927909851074
HSPA1A,2.4403758,2.5160127,0.10912093,0.4627451,0.68210167,0.7941927909851074
RP11-51O6.1,2.8455904,2.7108767,-0.19435072,0.4627451,0.68210167,0.7941927909851074
NMT2,0.5035067,0.47641778,-0.039081078,0.4627451,0.68210167,0.7941927909851074
TTC13,0.65792507,0.677876,0.028783102,0.5372549,0.68210167,0.7941927909851074
PISD,0.7405826,0.6589547,-0.117764175,0.4627451,0.68210167,0.7941927909851074
CREM,3.2144005,3.1859903,-0.04098725,0.4627451,0.68210167,0.7941927909851074
MPZL3,1.1577437,1.3293387,0.24755922,0.5372549,0.68210167,0.7941927909851074
VPS41,0.9786411,0.91645277,-0.08971879,0.4627451,0.68210167,0.7941927909851074
RP1-168P16.3,0.49248454,0.4657049,-0.03863487,0.4627451,0.68210167,0.7941927909851074
DTX2P1,0.6266071,0.5877745,-0.056023605,0.4627451,0.68210167,0.7941927909851074
EEF1A1P7,0.18257372,0.2114184,0.04161408,0.5372549,0.68210167,0.7941927909851074
SAFB,1.855818,1.7196946,-0.19638458,0.4627451,0.68210167,0.7941927909851074
PBRM1,0.88906914,0.86608785,-0.033154987,0.4627451,0.68210167,0.7941927909851074
SIDT1,0.8064248,0.8126326,0.0089559965,0.5372549,0.68210167,0.7941927909851074
ABCF3,0.67715174,0.67904425,0.0027303107,0.4627451,0.68210167,0.7941927909851074
MXD4,0.70031357,0.66764575,-0.047129694,0.4627451,0.68210167,0.7941927909851074
DNAJC2,0.8201801,0.8230733,0.0041740187,0.4627451,0.68210167,0.7941927909851074
RPL5P34,1.8673755,1.8059868,-0.088565215,0.4627451,0.68210167,0.7941927909851074
CRY1,0.476644,0.53028154,0.0773826,0.5372549,0.68210167,0.7941927909851074
RLF,0.8931513,0.84920233,-0.06340493,0.4627451,0.68210167,0.7941927909851074
RP11-661A12.7,1.0546403,1.0125544,-0.0607171,0.4627451,0.68210167,0.7941927909851074
RP11-1212A22.1,0.4681777,0.5002389,0.04625452,0.5372549,0.68210167,0.7941927909851074
RP11-78A19.3,1.0665703,1.2508552,0.26586694,0.5372549,0.68210167,0.7941927909851074
RP11-592N21.1,1.5957917,1.5202708,-0.10895359,0.4627451,0.68210167,0.7941927909851074
RPL30,6.593421,6.580175,-0.019110024,0.5372549,0.68210167,0.7941927909851074
IER2,3.5928192,3.466928,-0.18162262,0.4627451,0.68210167,0.7941927909851074
RP11-463O12.3,0.28551835,0.26573423,-0.028542455,0.4627451,0.68210167,0.7941927909851074
RASA4B,0.47334707,0.49855164,0.036362506,0.5372549,0.68210167,0.7941927909851074
CACUL1,0.98737866,0.99487495,0.010814871,0.5372549,0.68210167,0.7941927909851074
GLIPR1,1.6526927,1.6682142,0.02239283,0.5372549,0.68210167,0.7941927909851074
RP11-347C12.1,2.2501197,2.25247,0.00339081,0.4627451,0.68210167,0.7941927909851074
RPS4Y1,2.5336165,2.5615513,0.040301383,0.46470588,0.6960188,0.8048045039176941
TTTY15,0.83072144,0.9551407,0.17949906,0.5352941,0.6965776,0.8048045039176941
RPL7A,6.611617,6.479552,-0.19052994,0.46470588,0.69841826,0.8048045039176941
ITGB2-AS1,1.1523781,1.0921215,-0.0869319,0.46470588,0.69841826,0.8048045039176941
JUN,2.2254224,2.23039,0.007166861,0.5352941,0.69841826,0.8048045039176941
RP11-392P7.1,0.24502774,0.2703098,0.036474317,0.5352941,0.69841826,0.8048045039176941
BRD9,0.46168163,0.45886922,-0.0040574577,0.46470588,0.69841826,0.8048045039176941
NCOA6,0.75724614,0.7292143,-0.040441375,0.46470588,0.69841826,0.8048045039176941
KIAA2026,0.95294297,0.9008168,-0.07520217,0.46470588,0.69841826,0.8048045039176941
UBE3A,0.79957736,0.77483535,-0.035695173,0.46470588,0.69841826,0.8048045039176941
NIPBL,1.4912677,1.4754155,-0.02286991,0.46470588,0.69841826,0.8048045039176941
ZCCHC11,1.4700844,1.4686279,-0.002101284,0.46470588,0.69841826,0.8048045039176941
PSME4,0.8963404,0.8868613,-0.013675459,0.46470588,0.69841826,0.8048045039176941
RPL7AP30,0.7244782,0.6880571,-0.052544482,0.46470588,0.69841826,0.8048045039176941
SFPQ,2.260862,2.169909,-0.1312176,0.46470588,0.69841826,0.8048045039176941
RPL10P1,0.23731187,0.24078083,0.0050046523,0.5352941,0.69841826,0.8048045039176941
SNHG5,3.1222122,3.2235682,0.14622584,0.5352941,0.69841826,0.8048045039176941
CCDC174,0.7054134,0.7201088,0.021200988,0.5352941,0.69841826,0.8048045039176941
HELQ,0.4301921,0.44573626,0.022425463,0.5352941,0.69841826,0.8048045039176941
DXO,0.6990856,0.6532315,-0.066153474,0.46470588,0.69841826,0.8048045039176941
ZNF195,0.53912216,0.5123195,-0.038668063,0.46470588,0.69841826,0.8048045039176941
ANKDD1A,0.49149656,0.37952173,-0.16154554,0.46470588,0.69841826,0.8048045039176941
TRIM4,0.828811,0.7857582,-0.062112052,0.46470588,0.69841826,0.8048045039176941
PNPLA8,0.75821567,0.7983816,0.057947233,0.46470588,0.69841826,0.8048045039176941
APC,0.51454055,0.5155091,0.0013973591,0.46470588,0.69841826,0.8048045039176941
ITPKB,0.89635825,0.9689837,0.10477639,0.5352941,0.69841826,0.8048045039176941
SNHG3,1.1843711,1.1759622,-0.012131484,0.46470588,0.69841826,0.8048045039176941
XPO5,0.5700719,0.54974914,-0.029319515,0.46470588,0.69841826,0.8048045039176941
SLC25A45,1.090452,1.1377662,0.06826009,0.5352941,0.69841826,0.8048045039176941
DDX6P1,0.14920922,0.15320826,0.0057693943,0.5352941,0.69841826,0.8048045039176941
FLT3LG,0.9493845,0.86094964,-0.12758456,0.46470588,0.69841826,0.8048045039176941
HSPA1B,2.285305,2.3730664,0.12661295,0.46470588,0.69841826,0.8048045039176941
ANKHD1-EIF4EBP3,0.34263793,0.35224706,0.0138630485,0.5352941,0.69841826,0.8048045039176941
LY9,1.3438429,1.4004667,0.0816909,0.5352941,0.69841826,0.8048045039176941
AC107983.4,0.3404167,0.31908095,-0.030780982,0.46470588,0.69841826,0.8048045039176941
RASSF3,0.93366545,0.8622433,-0.1030404,0.46470588,0.69841826,0.8048045039176941
KANSL1,1.7497443,1.6774734,-0.104264826,0.46470588,0.69841826,0.8048045039176941
SDHAP1,1.1235429,1.14196,0.026570288,0.5352941,0.69841826,0.8048045039176941
ZMYM2,1.1637626,1.2406908,0.11098401,0.5352941,0.69841826,0.8048045039176941
P2RY10,1.2540519,1.2878572,0.04877067,0.46470588,0.69841826,0.8048045039176941
ASAH1,0.66394794,0.63231725,-0.045633446,0.46470588,0.69841826,0.8048045039176941
RPL37,4.456293,4.293344,-0.23508583,0.46470588,0.69841826,0.8048045039176941
ZNF131,1.1196357,1.1209549,0.00190316,0.46470588,0.69841826,0.8048045039176941
HLA-F-AS1,0.41565886,0.44538328,0.042883273,0.5352941,0.69841826,0.8048045039176941
PTEN,1.7592245,1.7002361,-0.08510235,0.46470588,0.69841826,0.8048045039176941
SAMSN1,2.752703,2.670948,-0.11794742,0.46470588,0.69841826,0.8048045039176941
CLASRP,0.4905947,0.469742,-0.030084109,0.46470588,0.69841826,0.8048045039176941
EIF4A2P4,0.21904732,0.22549467,0.009301553,0.46470588,0.69841826,0.8048045039176941
FTH1P2,0.5979504,0.5418344,-0.080958255,0.46470588,0.69841826,0.8048045039176941
RPL5P22,0.15223043,0.1731733,0.03021417,0.5352941,0.69841826,0.8048045039176941
RP11-313P13.3,0.40039694,0.42422315,0.034373958,0.5352941,0.69841826,0.8048045039176941
CHD4,1.7365146,1.6731837,-0.091367155,0.46470588,0.69841826,0.8048045039176941
BCAS3,0.5615501,0.5589409,-0.0037642703,0.46470588,0.69841826,0.8048045039176941
MBTPS1,1.0363859,1.0306643,-0.00825448,0.46470588,0.69841826,0.8048045039176941
AL162151.3,1.8211894,1.816736,-0.006424928,0.46470588,0.69841826,0.8048045039176941
CCDC144A,0.5554495,0.52657616,-0.041655403,0.46470588,0.69841826,0.8048045039176941
INTS4,0.6828802,0.646507,-0.052475434,0.46470588,0.69841826,0.8048045039176941
HEATR1,0.39648265,0.35905698,-0.053993825,0.46470588,0.69841826,0.8048045039176941
RP11-277L2.3,0.8593235,0.8373286,-0.03173192,0.46470588,0.69841826,0.8048045039176941
EFCAB4B,0.5655954,0.57096887,0.00775229,0.5352941,0.69841826,0.8048045039176941
RP11-334L9.1,0.16234745,0.15848696,-0.005569508,0.46470588,0.69841826,0.8048045039176941
PYGO2,0.49467435,0.5115593,0.024359837,0.53333336,0.7148754,0.8172745704650879
RP11-299J3.8,0.61081785,0.61309224,0.0032812569,0.46666667,0.7148754,0.8172745704650879
NCBP2-AS2,0.70383835,0.67529726,-0.041176084,0.46666667,0.7148754,0.8172745704650879
RP11-367G18.2,0.6636649,0.634466,-0.042125087,0.46666667,0.7148754,0.8172745704650879
CUL1,0.7106682,0.684389,-0.037912887,0.46666667,0.7148754,0.8172745704650879
PDCD11,0.47127625,0.4843614,0.01887789,0.53333336,0.7148754,0.8172745704650879
WASH5P,0.9823128,0.97275025,-0.013795846,0.46666667,0.7148754,0.8172745704650879
ABHD2,0.8358514,0.7900529,-0.06607324,0.46666667,0.7148754,0.8172745704650879
RHOT2,1.7906849,1.7900848,-0.00086576067,0.46666667,0.7148754,0.8172745704650879
PARN,1.0360471,0.97598076,-0.08665741,0.46666667,0.7148754,0.8172745704650879
ATG2B,0.37208888,0.38196728,0.014251514,0.53333336,0.7148754,0.8172745704650879
SLC25A44,0.8711286,0.861739,-0.013546386,0.46666667,0.7148754,0.8172745704650879
ANKRD44,2.7190745,2.820957,0.14698532,0.53333336,0.7148754,0.8172745704650879
SYPL1,0.5916608,0.66937834,0.112122715,0.53333336,0.7148754,0.8172745704650879
MAPK8IP3,0.5584942,0.54914105,-0.013493759,0.46666667,0.7148754,0.8172745704650879
C16orf45,0.4722401,0.3900999,-0.11850323,0.46666667,0.7148754,0.8172745704650879
CORO1B,0.6002994,0.6462902,0.06635065,0.46666667,0.7148754,0.8172745704650879
DIP2B,0.3229384,0.33161983,0.012524636,0.46666667,0.7148754,0.8172745704650879
KIAA0907,0.53924656,0.55334383,0.020338066,0.53333336,0.7148754,0.8172745704650879
ANKRD17,0.7915824,0.8198411,0.04076866,0.46666667,0.7148754,0.8172745704650879
PRRC2B,1.4731759,1.542971,0.10069309,0.53333336,0.7148754,0.8172745704650879
PHC1P1,0.29939774,0.30202198,0.003785983,0.53333336,0.7148754,0.8172745704650879
PPFIA1,0.41468057,0.43418103,0.028133223,0.46666667,0.7148754,0.8172745704650879
RLIM,0.70704114,0.6663481,-0.058707654,0.46666667,0.7148754,0.8172745704650879
WDR73,0.6196537,0.6598742,0.058025915,0.53333336,0.7148754,0.8172745704650879
PCSK7,1.8668262,1.9611921,0.1361413,0.53333336,0.7148754,0.8172745704650879
CDK5RAP3,2.0733297,2.1404176,0.09678736,0.53333336,0.7148754,0.8172745704650879
NUMB,1.0643904,1.026393,-0.05481861,0.46666667,0.7148754,0.8172745704650879
C10orf32,0.47355673,0.49873745,0.03632811,0.53333336,0.7148754,0.8172745704650879
SPSB3,1.6541563,1.6151651,-0.056252427,0.46666667,0.7148754,0.8172745704650879
DANCR,0.83024687,0.77425253,-0.08078274,0.46666667,0.7148754,0.8172745704650879
RP11-408P14.1,1.8065035,1.7804745,-0.037551895,0.46666667,0.7148754,0.8172745704650879
GCH1,0.51025724,0.5181136,0.011334345,0.46666667,0.7148754,0.8172745704650879
BMS1,0.54214364,0.5395684,-0.0037152553,0.53333336,0.7148754,0.8172745704650879
RAB21,0.57111573,0.565901,-0.007523295,0.46666667,0.7148754,0.8172745704650879
FOXO3,0.36298242,0.40713358,0.06369665,0.53333336,0.7148754,0.8172745704650879
RRN3P3,0.34460065,0.3160051,-0.04125464,0.46666667,0.7148754,0.8172745704650879
IRF2BPL,0.27273768,0.2919747,0.02775314,0.46666667,0.7148754,0.8172745704650879
DRAM2,0.6645331,0.6562509,-0.011948667,0.46666667,0.7148754,0.8172745704650879
RP11-416K24.2,0.3533745,0.32752976,-0.037286095,0.46666667,0.7148754,0.8172745704650879
SMAP2,1.3398299,1.4274992,0.12648,0.53333336,0.7148754,0.8172745704650879
RP11-390F4.8,0.51807266,0.56285566,0.06460821,0.53333336,0.7148754,0.8172745704650879
TRIM33,0.705125,0.6789756,-0.037725598,0.46666667,0.7148754,0.8172745704650879
E2F3,0.31177998,0.28799796,-0.034310196,0.46666667,0.7148754,0.8172745704650879
PABPC1P3,0.7288998,0.7787642,0.07193914,0.53333336,0.7148754,0.8172745704650879
ZFYVE26,0.39329925,0.3602359,-0.047700334,0.46666667,0.7148754,0.8172745704650879
ORMDL1,2.2457795,2.2330658,-0.01834195,0.46666667,0.7148754,0.8172745704650879
GLG1,1.4806176,1.5098238,0.042135578,0.53137255,0.73146623,0.8281850218772888
KDM2B,0.86769396,0.8699388,0.0032386053,0.53137255,0.73146623,0.8281850218772888
RPL7AP6,1.1102852,1.057334,-0.07639246,0.46862745,0.73146623,0.8281850218772888
CTB-33G10.1,0.31342807,0.34082785,0.039529525,0.53137255,0.73146623,0.8281850218772888
HLA-G,2.584894,2.6409352,0.08085042,0.53137255,0.73146623,0.8281850218772888
XPA,0.54908437,0.51565254,-0.048231933,0.46862745,0.73146623,0.8281850218772888
CCDC130,0.7031799,0.7236867,0.029585058,0.53137255,0.73146623,0.8281850218772888
PDPR,0.5043793,0.47223377,-0.046376154,0.46862745,0.73146623,0.8281850218772888
JMJD1C,2.1271827,2.1850467,0.08348004,0.53137255,0.73146623,0.8281850218772888
LINC00999,0.3652889,0.385382,0.028988192,0.53137255,0.73146623,0.8281850218772888
NPIPB11,0.5536665,0.6136222,0.08649781,0.53137255,0.73146623,0.8281850218772888
PPP1R21,0.5959063,0.6208745,0.03602151,0.53137255,0.73146623,0.8281850218772888
DBF4,0.968635,0.91876155,-0.07195221,0.46862745,0.73146623,0.8281850218772888
RNF125,1.0213008,1.1078566,0.124873675,0.53137255,0.73146623,0.8281850218772888
UBE3B,0.7089681,0.67918843,-0.042962987,0.46862745,0.73146623,0.8281850218772888
RAP1GDS1,1.6018598,1.5297213,-0.10407393,0.46862745,0.73146623,0.8281850218772888
AHR,0.4938097,0.55094063,0.08242251,0.53137255,0.73146623,0.8281850218772888
STYX,0.7881265,0.7541158,-0.04906708,0.46862745,0.73146623,0.8281850218772888
LAMA5,0.21288608,0.20391588,-0.012941265,0.46862745,0.73146623,0.8281850218772888
COLGALT1,0.9261229,0.92922443,0.0044745584,0.53137255,0.73146623,0.8281850218772888
DDX42,0.5363355,0.5323669,-0.0057255602,0.46862745,0.73146623,0.8281850218772888
TMEM33,1.1012423,1.047731,-0.077200435,0.46862745,0.73146623,0.8281850218772888
SLC5A3,0.50068974,0.47737727,-0.0336328,0.46862745,0.73146623,0.8281850218772888
RP11-296I10.6,0.42310226,0.41902018,-0.005889202,0.46862745,0.73146623,0.8281850218772888
MYBBP1A,0.5561911,0.51770437,-0.0555246,0.46862745,0.73146623,0.8281850218772888
WAC,1.8990515,1.8799208,-0.027599776,0.46862745,0.73146623,0.8281850218772888
PCMTD2,0.6907219,0.76204616,0.10289911,0.46862745,0.73146623,0.8281850218772888
CACNB1,0.41689107,0.4124519,-0.006404376,0.46862745,0.73146623,0.8281850218772888
EEF1A1P22,0.15971152,0.17339744,0.019744597,0.46862745,0.73146623,0.8281850218772888
ZNF148,0.65090716,0.648843,-0.0029779656,0.46862745,0.73146623,0.8281850218772888
TVP23C,0.7232732,0.70558655,-0.025516463,0.46862745,0.73146623,0.8281850218772888
ADD3,1.2480754,1.2744576,0.03806148,0.46862745,0.73146623,0.8281850218772888
ZBTB1,1.5137771,1.5018562,-0.017198265,0.46862745,0.73146623,0.8281850218772888
CTB-54D4.1,0.5374461,0.53841954,0.0014044103,0.46862745,0.73146623,0.8281850218772888
KLF10,0.77221054,0.73789144,-0.049512,0.46862745,0.73146623,0.8281850218772888
MIA3,1.0770358,1.0521522,-0.035899486,0.46862745,0.73146623,0.8281850218772888
UPF3B,0.55346245,0.5537553,0.0004224754,0.46862745,0.73146623,0.8281850218772888
RNF145,0.4128714,0.40467134,-0.011830171,0.46862745,0.73146623,0.8281850218772888
BAZ2A,1.357336,1.3048108,-0.07577796,0.46862745,0.73146623,0.8281850218772888
SLC25A36,0.86238915,0.8197927,-0.0614537,0.46862745,0.73146623,0.8281850218772888
WWP1,0.8465183,0.8371451,-0.013522652,0.46862745,0.73146623,0.8281850218772888
GNLY,1.7486637,1.713605,-0.050578892,0.46862745,0.73146623,0.8281850218772888
HDAC10,0.3598203,0.38041925,0.029718,0.53137255,0.73146623,0.8281850218772888
CTB-13H5.1,2.080243,2.0376534,-0.0614439,0.46862745,0.73146623,0.8281850218772888
NELL2,1.7003236,1.730475,0.043499228,0.53137255,0.73146623,0.8281850218772888
AC144530.1,0.40800318,0.3829187,-0.036189277,0.46862745,0.73146623,0.8281850218772888
CABIN1,1.0274012,1.0094845,-0.025848305,0.46862745,0.73146623,0.8281850218772888
HSP90AA6P,0.23161311,0.32318816,0.13211486,0.53137255,0.73146623,0.8281850218772888
HERC4,0.90760547,0.850667,-0.08214485,0.46862745,0.73146623,0.8281850218772888
SUSD3,0.8869935,0.9439631,0.08218973,0.53137255,0.73146623,0.8281850218772888
PCGF3,0.7703918,0.7443205,-0.03761295,0.46862745,0.73146623,0.8281850218772888
MLLT10,0.47040284,0.48008156,0.013963443,0.53137255,0.73146623,0.8281850218772888
TRAPPC9,0.5603651,0.54774565,-0.018205997,0.46862745,0.73146623,0.8281850218772888
RP11-572P18.1,5.1496177,5.1081066,-0.0598878,0.53137255,0.73146623,0.8281850218772888
RP11-69L16.5,0.84117186,0.8666736,0.036791217,0.53137255,0.73146623,0.8281850218772888
NISCH,0.9165322,0.8861782,-0.0437916,0.46862745,0.73146623,0.8281850218772888
TAGAP,2.6906707,2.6905346,-0.00019640419,0.53137255,0.73146623,0.8281850218772888
RP11-146N23.1,0.8659319,0.8585216,-0.010690872,0.46862745,0.73146623,0.8281850218772888
ZNF326,0.46296546,0.42415017,-0.055998627,0.47058824,0.74818355,0.8388910889625549
MSL3,1.1141261,1.2189512,0.15123071,0.5294118,0.74818355,0.8388910889625549
PIK3R1,1.7851999,1.733105,-0.075157106,0.47058824,0.74818355,0.8388910889625549
FEM1C,0.39252123,0.37618402,-0.023569621,0.47058824,0.74818355,0.8388910889625549
SMG9,0.5841053,0.5169244,-0.09692159,0.47058824,0.74818355,0.8388910889625549
CENPCP1,0.15663937,0.15248238,-0.0059972713,0.47058824,0.74818355,0.8388910889625549
RP11-742N3.1,5.1739984,4.776887,-0.57291067,0.47058824,0.74818355,0.8388910889625549
RPS7P10,0.58439815,0.57256657,-0.017069364,0.47058824,0.74818355,0.8388910889625549
HEATR5B,0.6647008,0.67496425,0.014807018,0.5294118,0.74818355,0.8388910889625549
SETD5-AS1,0.7512912,0.7558259,0.006542134,0.5294118,0.74818355,0.8388910889625549
MAT2A,2.5349915,2.4084651,-0.18253894,0.47058824,0.74818355,0.8388910889625549
ARL4A,0.5822399,0.6241135,0.060410798,0.5294118,0.74818355,0.8388910889625549
SOCS3,0.75073636,0.70533794,-0.065496065,0.47058824,0.74818355,0.8388910889625549
TRAPPC10,0.927618,0.9705584,0.06194987,0.5294118,0.74818355,0.8388910889625549
CCDC66,0.5559161,0.58350474,0.03980203,0.5294118,0.74818355,0.8388910889625549
EXOC3,0.49215543,0.4996507,0.010813366,0.47058824,0.74818355,0.8388910889625549
GRWD1,0.50175744,0.47623068,-0.036827333,0.47058824,0.74818355,0.8388910889625549
CCT6P3,0.5014334,0.49983704,-0.0023030196,0.5294118,0.74818355,0.8388910889625549
NBAS,0.48194999,0.47787952,-0.0058724335,0.5294118,0.74818355,0.8388910889625549
MAVS,0.6857678,0.6594473,-0.03797248,0.47058824,0.74818355,0.8388910889625549
PDCD4,4.6408,4.7254634,0.122143455,0.5294118,0.74818355,0.8388910889625549
RP11-256P1.1,0.47286397,0.46105167,-0.017041545,0.47058824,0.74818355,0.8388910889625549
RSBN1,1.0593555,1.0984157,0.056352008,0.5294118,0.74818355,0.8388910889625549
RPS28,6.3538437,6.1032786,-0.36148897,0.5294118,0.74818355,0.8388910889625549
MT-ATP6,6.2191234,6.314074,0.13698487,0.5294118,0.74818355,0.8388910889625549
RP11-206L10.2,0.5568711,0.5104746,-0.066935994,0.47058824,0.74818355,0.8388910889625549
RP11-734J24.1,0.2859165,0.30678996,0.030114032,0.5294118,0.74818355,0.8388910889625549
LYRM7,0.4177512,0.44079235,0.033241365,0.5294118,0.74818355,0.8388910889625549
LAMP1,0.2649721,0.2700952,0.0073910835,0.5294118,0.74818355,0.8388910889625549
WASH7P,0.7090191,0.73162395,0.032611866,0.5294118,0.74818355,0.8388910889625549
PRKAA1,1.0888603,1.1059221,0.024615018,0.5294118,0.74818355,0.8388910889625549
MOAP1,0.61981404,0.64856553,0.041479636,0.5294118,0.74818355,0.8388910889625549
BIN2P1,0.22013038,0.23978627,0.028357446,0.47058824,0.74818355,0.8388910889625549
AC021224.1,0.27474722,0.2762838,0.0022168134,0.47058824,0.74818355,0.8388910889625549
AQR,0.7915352,0.791472,-9.11508e-05,0.47058824,0.74818355,0.8388910889625549
SPEN,0.83953893,0.819585,-0.028787402,0.47058824,0.74818355,0.8388910889625549
RP11-902B17.1,0.58096343,0.61306053,0.046306327,0.5294118,0.74818355,0.8388910889625549
IVNS1ABP,2.5663593,2.5223036,-0.06355894,0.47058824,0.74818355,0.8388910889625549
EEF1A1P4,0.43072686,0.45276043,0.031787727,0.5294118,0.74818355,0.8388910889625549
KB-1208A12.3,0.37941068,0.36888885,-0.015179791,0.47058824,0.74818355,0.8388910889625549
SNRK,0.98583233,1.025629,0.057414517,0.5294118,0.74818355,0.8388910889625549
RPL21P75,3.4206483,3.4499722,0.042305324,0.5294118,0.74818355,0.8388910889625549
ARL2BP,0.6132924,0.5982704,-0.021672135,0.47058824,0.74818355,0.8388910889625549
TRMT2B,0.4687402,0.44568437,-0.03326252,0.47058824,0.74818355,0.8388910889625549
ELMO1,1.9497616,1.849959,-0.14398474,0.47058824,0.74818355,0.8388910889625549
GAN,0.46388045,0.44943547,-0.020839697,0.47058824,0.74818355,0.8388910889625549
EEF1A1P5,4.576719,4.637165,0.08720552,0.5294118,0.74818355,0.8388910889625549
EIF4A2,4.725817,4.754551,0.04145401,0.47058824,0.74818355,0.8388910889625549
SELK,2.5937936,2.7203758,0.18261944,0.5294118,0.74818355,0.8388910889625549
PHF8,0.6308588,0.60858566,-0.032133326,0.47058824,0.74818355,0.8388910889625549
RP11-16F15.1,0.81588924,0.8593038,0.06263393,0.5294118,0.74818355,0.8388910889625549
CD82,2.1455152,1.9362524,-0.30190247,0.47058824,0.74818355,0.8388910889625549
SERTAD2,0.7041908,0.7101528,0.008601368,0.5294118,0.74818355,0.8388910889625549
DDX27,1.7513921,1.8208034,0.100139305,0.5294118,0.74818355,0.8388910889625549
USP9X,1.7308885,1.7609904,0.043427855,0.5294118,0.74818355,0.8388910889625549
DNAJA1,4.3615065,4.209064,-0.21992797,0.47058824,0.74818355,0.8388910889625549
RAB30,0.64819187,0.71296746,0.09345142,0.5294118,0.74818355,0.8388910889625549
MALT1,0.42000818,0.39627814,-0.03423521,0.47058824,0.74818355,0.8388910889625549
SYTL2,1.0719589,0.9691095,-0.14838035,0.47058824,0.74818355,0.8388910889625549
TMEM123,1.6081494,1.6017162,-0.009281215,0.47254902,0.76502013,0.8511878848075867
ARL17A,0.9570719,0.87259537,-0.12187387,0.47254902,0.76502013,0.8511878848075867
MGMT,0.57725173,0.5380167,-0.05660422,0.47254902,0.76502013,0.8511878848075867
CTD-2287O16.1,2.5783908,2.626581,0.06952364,0.527451,0.76502013,0.8511878848075867
DEF6,2.4699237,2.3901684,-0.11506259,0.47254902,0.76502013,0.8511878848075867
RP11-395B7.7,0.40472236,0.3850934,-0.02831862,0.47254902,0.76502013,0.8511878848075867
RPL36,4.884456,4.6870546,-0.2847902,0.47254902,0.76502013,0.8511878848075867
ABI2,0.46856245,0.45418826,-0.020737583,0.47254902,0.76502013,0.8511878848075867
ZCCHC8,0.61568713,0.5838542,-0.045925215,0.47254902,0.76502013,0.8511878848075867
CITED2,0.59704876,0.5671154,-0.04318467,0.47254902,0.76502013,0.8511878848075867
COMMD1,1.6806449,1.6568804,-0.034284912,0.47254902,0.76502013,0.8511878848075867
RP11-190C22.1,0.6773712,0.67521626,-0.0031089303,0.47254902,0.76502013,0.8511878848075867
NOTCH2,1.0446047,0.97392833,-0.101964384,0.47254902,0.76502013,0.8511878848075867
PPP3CA,1.6813453,1.5909429,-0.13042322,0.47254902,0.76502013,0.8511878848075867
CROCC,0.30315906,0.33921134,0.052012455,0.527451,0.76502013,0.8511878848075867
RNF111,0.8473995,0.7746413,-0.10496789,0.47254902,0.76502013,0.8511878848075867
SNX29P2,1.0741278,1.1291175,0.07933336,0.527451,0.76502013,0.8511878848075867
EIF4B,3.4634087,3.492737,0.04231186,0.527451,0.76502013,0.8511878848075867
UFL1,0.5005947,0.5381489,0.054179266,0.527451,0.76502013,0.8511878848075867
BAG3,0.40999082,0.5601275,0.21660145,0.47254902,0.76502013,0.8511878848075867
AC073869.1,0.17762294,0.17420737,-0.0049276254,0.47254902,0.76502013,0.8511878848075867
SNX19,0.677792,0.66612303,-0.01683478,0.47254902,0.76502013,0.8511878848075867
CTD-2547E10.2,2.5222166,2.580273,0.08375762,0.527451,0.76502013,0.8511878848075867
PRKCB,1.111716,1.1112895,-0.0006153539,0.527451,0.76502013,0.8511878848075867
ZFAS1,2.2731688,2.236903,-0.052320562,0.47254902,0.76502013,0.8511878848075867
SCAF8,0.45743233,0.46496734,0.010870722,0.527451,0.76502013,0.8511878848075867
DIS3L2,0.62363076,0.5974746,-0.037735403,0.47254902,0.76502013,0.8511878848075867
SYNRG,1.4639211,1.4237797,-0.057911716,0.47254902,0.76502013,0.8511878848075867
RBM27,0.87700844,0.907607,0.04414442,0.527451,0.76502013,0.8511878848075867
TRNT1,0.49740872,0.48439267,-0.018778184,0.47254902,0.76502013,0.8511878848075867
TRANK1,1.1766616,1.1241497,-0.0757587,0.47254902,0.76502013,0.8511878848075867
SNURF,1.6826861,1.6600466,-0.032661915,0.527451,0.76502013,0.8511878848075867
METTL21A,0.5080992,0.55592436,0.068997115,0.527451,0.76502013,0.8511878848075867
C2CD5,0.5912089,0.55503607,-0.05218633,0.47254902,0.76502013,0.8511878848075867
RP11-283I3.6,0.45106152,0.4752297,0.03486733,0.527451,0.76502013,0.8511878848075867
EEA1,0.4075767,0.38336647,-0.034927998,0.47254902,0.76502013,0.8511878848075867
TOMM20,1.8575273,1.8101985,-0.0682809,0.47254902,0.76502013,0.8511878848075867
HECTD4,0.75019,0.75774896,0.010905248,0.47254902,0.76502013,0.8511878848075867
TAOK3,1.3705233,1.4172896,0.067469485,0.527451,0.76502013,0.8511878848075867
ORC4,0.58205515,0.59756035,0.022369267,0.527451,0.76502013,0.8511878848075867
TBC1D1,0.5603306,0.5077416,-0.07586998,0.47254902,0.76502013,0.8511878848075867
TSC1,0.62261516,0.65207946,0.042508006,0.527451,0.76502013,0.8511878848075867
AMD1,1.9994504,1.8873208,-0.16176894,0.47254902,0.76502013,0.8511878848075867
CHD9,0.7821684,0.842479,0.08700981,0.527451,0.76502013,0.8511878848075867
RPS8,6.810947,6.561571,-0.35977325,0.47254902,0.76502013,0.8511878848075867
ITPR3,0.39090812,0.40181157,0.01573035,0.527451,0.76502013,0.8511878848075867
SLC6A6,0.83867073,0.78402644,-0.07883504,0.47254902,0.76502013,0.8511878848075867
FBXL20,0.38746276,0.37840644,-0.013065522,0.4745098,0.78196853,0.8638408184051514
PMPCA,0.9233167,0.9028803,-0.0294835,0.5254902,0.78196853,0.8638408184051514
PCBP1-AS1,0.9299734,0.91286623,-0.024680456,0.4745098,0.78196853,0.8638408184051514
NPIPA5,0.6527258,0.62777215,-0.036000527,0.4745098,0.78196853,0.8638408184051514
KLHDC2,0.823741,0.87704706,0.076904364,0.5254902,0.78196853,0.8638408184051514
AKTIP,0.7761699,0.77800006,0.0026403635,0.5254902,0.78196853,0.8638408184051514
ISCA1,0.81079364,0.8532195,0.061207592,0.4745098,0.78196853,0.8638408184051514
ZFP36,5.4502764,5.373186,-0.11121774,0.5254902,0.78196853,0.8638408184051514
EHMT1,1.0959723,1.1051792,0.013282736,0.5254902,0.78196853,0.8638408184051514
C3orf58,0.54756963,0.5617217,0.020417092,0.5254902,0.78196853,0.8638408184051514
ANKZF1,1.1702044,1.1371889,-0.047631282,0.4745098,0.78196853,0.8638408184051514
NSUN6,0.41720596,0.42775986,0.015226054,0.5254902,0.78196853,0.8638408184051514
SETD5,1.0882391,1.1105978,0.032256894,0.5254902,0.78196853,0.8638408184051514
ZNF664,0.64410275,0.6077447,-0.05245359,0.4745098,0.78196853,0.8638408184051514
ITPR2,0.6527827,0.6983297,0.06571044,0.5254902,0.78196853,0.8638408184051514
PKD1,0.65666443,0.67415226,0.025229597,0.5254902,0.78196853,0.8638408184051514
SMYD3,0.6082878,0.62757564,0.027826449,0.5254902,0.78196853,0.8638408184051514
LRRC37B,0.3905603,0.38454086,-0.008684221,0.4745098,0.78196853,0.8638408184051514
NEK9,0.95534164,0.9437856,-0.016671827,0.4745098,0.78196853,0.8638408184051514
ZBTB25,1.147202,1.1265314,-0.029821448,0.4745098,0.78196853,0.8638408184051514
ABCD4,1.1635997,1.1156625,-0.06915887,0.4745098,0.78196853,0.8638408184051514
USP8,1.1394492,1.1677403,0.04081544,0.4745098,0.78196853,0.8638408184051514
NOMO1,0.41174325,0.4065721,-0.0074603925,0.4745098,0.78196853,0.8638408184051514
ST13P5,0.31854317,0.30933943,-0.013278179,0.4745098,0.78196853,0.8638408184051514
RP11-705C15.2,1.3738039,1.3633798,-0.015038679,0.5254902,0.78196853,0.8638408184051514
DENND2D,3.0972283,3.0019205,-0.13750012,0.4745098,0.78196853,0.8638408184051514
TBL1XR1,2.1816952,2.1980007,0.023523787,0.5254902,0.78196853,0.8638408184051514
AC002306.1,0.53798306,0.5283323,-0.013923113,0.4745098,0.78196853,0.8638408184051514
ZFYVE27,0.7627644,0.79042745,0.039909348,0.5254902,0.78196853,0.8638408184051514
RGCC,1.2555624,1.5827353,0.47201067,0.5254902,0.78196853,0.8638408184051514
AC005618.1,0.72037953,0.79838014,0.11253109,0.5254902,0.78196853,0.8638408184051514
CEP85L,0.82814467,0.81476915,-0.019296797,0.4745098,0.78196853,0.8638408184051514
SNX13,0.654022,0.6240973,-0.043172203,0.4745098,0.78196853,0.8638408184051514
SLFN11,0.6961317,0.77910054,0.11969872,0.5254902,0.78196853,0.8638408184051514
FAM120B,1.3900142,1.3788719,-0.016074874,0.4745098,0.78196853,0.8638408184051514
EPB41L4A-AS1,0.7991145,0.75424576,-0.06473195,0.4745098,0.78196853,0.8638408184051514
KCTD7,0.44634745,0.46792763,0.031133633,0.5254902,0.78196853,0.8638408184051514
SMCHD1,1.8743517,1.9478635,0.10605499,0.5254902,0.78196853,0.8638408184051514
ZNF507,0.40706676,0.3609593,-0.06651902,0.4745098,0.78196853,0.8638408184051514
RPS3AP25,0.19885615,0.20637591,0.01084873,0.5254902,0.78196853,0.8638408184051514
SNHG16,1.443833,1.4324212,-0.016463727,0.4745098,0.78196853,0.8638408184051514
ARL16,0.6563437,0.6094084,-0.06771335,0.4745098,0.78196853,0.8638408184051514
IQCB1,0.59987736,0.64442605,0.064270176,0.5254902,0.78196853,0.8638408184051514
RGS2,3.515316,3.3584864,-0.22625728,0.4745098,0.78196853,0.8638408184051514
RP11-345J4.8,0.9348746,0.9335145,-0.0019622361,0.4764706,0.79901534,0.875301718711853
CBWD7,0.6802206,0.65812933,-0.031870965,0.4764706,0.799021,0.875301718711853
ANKIB1,0.5629538,0.53229684,-0.04422869,0.4764706,0.799021,0.875301718711853
RPS26P31,0.40013328,0.39568654,-0.006415297,0.4764706,0.799021,0.875301718711853
YY1,0.63971883,0.6719239,0.04646206,0.4764706,0.799021,0.875301718711853
TGIF1,1.2500471,1.211118,-0.056162827,0.4764706,0.799021,0.875301718711853
CEP95,0.8503373,0.8538536,0.005072886,0.4764706,0.799021,0.875301718711853
MIDN,0.4949964,0.4895056,-0.007921563,0.5235294,0.799021,0.875301718711853
RPL18A,7.388913,7.2622085,-0.18279622,0.4764706,0.799021,0.875301718711853
MYCBP2,1.4027257,1.4694611,0.09627881,0.5235294,0.799021,0.875301718711853
MORF4L2,1.8401561,1.984395,0.20809281,0.4764706,0.799021,0.875301718711853
ITFG2,1.1992345,1.2013758,0.0030893243,0.5235294,0.799021,0.875301718711853
EPM2AIP1,0.46403474,0.43961635,-0.035228282,0.4764706,0.799021,0.875301718711853
MATR3,3.843371,3.7895803,-0.077603385,0.4764706,0.799021,0.875301718711853
PRPF40B,1.1331527,1.1834664,0.07258734,0.4764706,0.799021,0.875301718711853
RP11-553P9.1,0.118166655,0.123753324,0.008059859,0.5235294,0.799021,0.875301718711853
FNBP4,1.9986018,1.9850513,-0.019549267,0.4764706,0.799021,0.875301718711853
OSBPL9,0.74111915,0.7883055,0.068075545,0.5235294,0.799021,0.875301718711853
TYW1,0.9253216,0.94322443,0.025828354,0.5235294,0.799021,0.875301718711853
GANAB,1.4933726,1.3980238,-0.13755912,0.4764706,0.799021,0.875301718711853
DENND4A,1.056337,1.1063975,0.07222205,0.5235294,0.799021,0.875301718711853
RPL41P1,5.5296474,5.402157,-0.18392994,0.5235294,0.799021,0.875301718711853
RPL39,5.9760046,5.8622985,-0.16404325,0.4764706,0.799021,0.875301718711853
ACBD6,0.5831987,0.5735057,-0.013984081,0.4764706,0.799021,0.875301718711853
DYNC1LI2,0.64402616,0.6552713,0.016223295,0.5235294,0.799021,0.875301718711853
EEF1DP2,0.25847477,0.26074255,0.003271712,0.4764706,0.799021,0.875301718711853
AC138035.2,0.7027811,0.6727726,-0.043293107,0.4764706,0.799021,0.875301718711853
NUP214,1.522179,1.4470509,-0.108386904,0.4764706,0.799021,0.875301718711853
TMEM181,0.5030315,0.5129995,0.01438076,0.5235294,0.799021,0.875301718711853
RNF44,1.061566,1.0519528,-0.0138688525,0.5235294,0.799021,0.875301718711853
SPTY2D1,0.81349075,0.84259826,0.04199326,0.5235294,0.799021,0.875301718711853
RP11-40C6.2,1.1965802,1.2324015,0.05167924,0.5235294,0.799021,0.875301718711853
EEF1B2P3,1.5567809,1.522773,-0.049063038,0.4764706,0.799021,0.875301718711853
RELA,0.874004,0.9050396,0.04477491,0.4764706,0.799021,0.875301718711853
SUCLG2P2,0.27560765,0.2777874,0.0031447029,0.5235294,0.799021,0.875301718711853
RPL7P23p,0.8014793,0.85701174,0.0801164,0.5235294,0.799021,0.875301718711853
TNKS,0.6757701,0.7011303,0.03658699,0.5235294,0.799021,0.875301718711853
PHC3,2.514678,2.5684452,0.07756968,0.5235294,0.799021,0.875301718711853
PHACTR2,0.7682756,0.73110116,-0.053631414,0.4764706,0.799021,0.875301718711853
TCF3,0.38451582,0.39774343,0.01908341,0.4764706,0.799021,0.875301718711853
FAM65B,1.4405746,1.4775347,0.053322017,0.5235294,0.799021,0.875301718711853
VPS13A,0.95236516,0.9311054,-0.030671386,0.4764706,0.799021,0.875301718711853
MAP3K1,0.47473451,0.44716656,-0.03977215,0.4764706,0.799021,0.875301718711853
TPCN2,0.4954548,0.4748113,-0.029782278,0.4764706,0.799021,0.875301718711853
BIRC6,1.9858346,2.0221415,0.052379724,0.5235294,0.799021,0.875301718711853
PRKCQ,1.3228825,1.2916292,-0.045089036,0.4764706,0.799021,0.875301718711853
TTC39B,0.73731,0.76151514,0.034920648,0.5235294,0.799021,0.875301718711853
RPL5P24,0.17120017,0.17091987,-0.00040439572,0.5235294,0.799021,0.875301718711853
SRRM2,3.5382414,3.5698223,0.045561645,0.5235294,0.799021,0.875301718711853
SNTB2,0.2802181,0.29008964,0.014241626,0.4764706,0.799021,0.875301718711853
SPPL2B,0.559605,0.56304497,0.0049628173,0.5235294,0.799021,0.875301718711853
DDX3X,3.0068507,3.0586567,0.07474022,0.5235294,0.799021,0.875301718711853
SGSM3,1.1086087,1.0900755,-0.026737798,0.47843137,0.81617,0.8840003609657288
CCNL1,2.8788009,2.8957653,0.024474507,0.47843137,0.81617,0.8840003609657288
SF3A1,2.0132573,1.9536959,-0.085928895,0.47843137,0.81617,0.8840003609657288
PPIL2,0.9386832,0.8689609,-0.10058801,0.47843137,0.81617,0.8840003609657288
RBMX,3.0587876,3.0872543,0.04106877,0.52156866,0.81617,0.8840003609657288
DOCK11,0.809877,0.78451127,-0.036594983,0.47843137,0.81617,0.8840003609657288
CEP192,0.49546063,0.46813485,-0.039422765,0.47843137,0.81617,0.8840003609657288
YTHDC2,0.55661553,0.57029456,0.019734666,0.47843137,0.81617,0.8840003609657288
CLIP4,0.6797205,0.6673598,-0.01783271,0.47843137,0.81617,0.8840003609657288
CTB-119C2.1,0.9203256,0.9252677,0.007129971,0.47843137,0.81617,0.8840003609657288
MKLN1-AS1,2.450024,2.4899373,0.05758289,0.47843137,0.81617,0.8840003609657288
RPL17P33,0.27480847,0.27148882,-0.004789244,0.52156866,0.81617,0.8840003609657288
UGGT1,0.86722225,0.82625914,-0.05909728,0.47843137,0.81617,0.8840003609657288
ARID5A,2.0747602,2.1575155,0.1193907,0.47843137,0.81617,0.8840003609657288
NR3C1,1.4726697,1.6161549,0.20700537,0.47843137,0.81617,0.8840003609657288
RPL7AP11,0.39835814,0.3878046,-0.015225538,0.47843137,0.81617,0.8840003609657288
RPS12,7.180228,7.0232077,-0.2265328,0.52156866,0.81617,0.8840003609657288
RP11-122C9.1,2.1841805,2.1949894,0.015594011,0.47843137,0.81617,0.8840003609657288
MTFP1,1.0313174,1.0501984,0.027239645,0.52156866,0.81617,0.8840003609657288
IKBKAP,0.64218867,0.6471866,0.0072104586,0.47843137,0.81617,0.8840003609657288
RP11-234A1.1,2.2968173,2.250601,-0.06667595,0.47843137,0.81617,0.8840003609657288
TSPAN32,0.61405915,0.7348523,0.1742677,0.47843137,0.81617,0.8840003609657288
BPTF,1.7118795,1.6982447,-0.019670859,0.47843137,0.81617,0.8840003609657288
ROCK1P1,0.3971352,0.37475204,-0.032292064,0.47843137,0.81617,0.8840003609657288
TNIK,0.78786147,0.7921375,0.006169018,0.47843137,0.81617,0.8840003609657288
TMEM2,2.954662,3.0168872,0.089771844,0.52156866,0.81617,0.8840003609657288
LDHAP7,0.6951814,0.72101015,0.037262965,0.47843137,0.81617,0.8840003609657288
PDXDC1,1.595928,1.5665814,-0.042338174,0.47843137,0.81617,0.8840003609657288
KLHL20,0.459732,0.46804267,0.01198977,0.52156866,0.81617,0.8840003609657288
STX16,1.2679366,1.2993075,0.04525861,0.52156866,0.81617,0.8840003609657288
LIMK2,0.5100651,0.51512253,0.007296364,0.52156866,0.81617,0.8840003609657288
AC004951.6,0.6357901,0.65002763,0.020540403,0.52156866,0.81617,0.8840003609657288
ABHD13,0.42101625,0.4151062,-0.008526384,0.52156866,0.81617,0.8840003609657288
RP11-333E13.2,0.43143418,0.44091022,0.01367103,0.47843137,0.81617,0.8840003609657288
ATP11B,0.8079326,0.835332,0.03952892,0.52156866,0.81617,0.8840003609657288
ZNF587,0.39231294,0.38403738,-0.011939121,0.47843137,0.81617,0.8840003609657288
KIAA1109,1.0779042,1.0807235,0.0040673898,0.52156866,0.81617,0.8840003609657288
EEF1A1P17,0.116284296,0.12358538,0.010533239,0.47843137,0.81617,0.8840003609657288
AC107982.4,0.4368314,0.45732477,0.029565666,0.52156866,0.81617,0.8840003609657288
PPP1R15B,1.3150234,1.3077618,-0.010476323,0.52156866,0.81617,0.8840003609657288
CASP8,1.684146,1.68091,-0.004668641,0.47843137,0.81617,0.8840003609657288
AC120194.1,1.3387552,1.3026717,-0.0520576,0.52156866,0.81617,0.8840003609657288
RP11-379K17.12,0.44030678,0.46284652,0.032517962,0.52156866,0.81617,0.8840003609657288
NFKBIZ,2.6056018,2.455672,-0.21630292,0.47843137,0.81617,0.8840003609657288
CTD-2192J16.22,0.54416305,0.52465695,-0.02814135,0.47843137,0.81617,0.8840003609657288
WDR82,0.77256674,0.73405075,-0.05556682,0.47843137,0.81617,0.8840003609657288
RAPGEF6,1.4692383,1.5001333,0.044572055,0.47843137,0.81617,0.8840003609657288
NFATC2IP,0.5160435,0.5169324,0.0012824746,0.52156866,0.81617,0.8840003609657288
ZNF146,0.9521557,0.9402091,-0.017235328,0.47843137,0.81617,0.8840003609657288
ESCO1,0.8278532,0.82102656,-0.009848759,0.47843137,0.81617,0.8840003609657288
RP11-231C14.4,2.983359,3.0481586,0.09348599,0.52156866,0.81617,0.8840003609657288
ZZZ3,0.5480598,0.5279376,-0.029030241,0.47843137,0.81617,0.8840003609657288
RPL5,6.916818,6.9262795,0.013649919,0.52156866,0.81617,0.8840003609657288
ZC3H12A,1.4201719,1.3725119,-0.06875884,0.47843137,0.81617,0.8840003609657288
TMEM86B,0.36884183,0.34157115,-0.039343268,0.47843137,0.81617,0.8840003609657288
DPH7,0.60967267,0.62610114,0.023701273,0.47843137,0.81617,0.8840003609657288
LIPA,0.58257574,0.5696445,-0.018655818,0.47843137,0.81617,0.8840003609657288
GOLGA3,0.91025764,0.8759048,-0.04956067,0.47843137,0.81617,0.8840003609657288
RPS14P3,0.3724114,0.38577488,0.019279428,0.47843137,0.81617,0.8840003609657288
DZIP3,0.7044526,0.661639,-0.061766967,0.47843137,0.81617,0.8840003609657288
RP11-72I8.1,3.0172987,3.092291,0.10819119,0.52156866,0.81617,0.8840003609657288
CUL5,0.6491512,0.6484401,-0.0010258765,0.52156866,0.81617,0.8840003609657288
PRPF38B,2.1495092,2.1420786,-0.010720023,0.47843137,0.81617,0.8840003609657288
NACA3P,0.87541103,0.8591576,-0.023448717,0.47843137,0.81617,0.8840003609657288
RP11-365D23.4,0.46946457,0.43844873,-0.044746403,0.47843137,0.81617,0.8840003609657288
NFKBIA,3.6654947,3.6389956,-0.038230024,0.47843137,0.81617,0.8840003609657288
RP11-314A20.1,0.90429914,0.91534215,0.0159317,0.47843137,0.81617,0.8840003609657288
EXOC4,1.5048245,1.5292008,0.035167526,0.47843137,0.81617,0.8840003609657288
ST7L,0.49145505,0.48643163,-0.007247263,0.47843137,0.81617,0.8840003609657288
BTAF1,1.0384104,1.0621256,0.034213714,0.52156866,0.81617,0.8840003609657288
YWHAZP6,0.27302995,0.28359604,0.015243639,0.52156866,0.81617,0.8840003609657288
POLR3E,1.8019241,1.8246794,0.03282891,0.51960784,0.83340734,0.896685779094696
RPS2,5.5854588,5.5747256,-0.01548463,0.51960784,0.83340734,0.896685779094696
DLGAP4,0.4497767,0.44156346,-0.011849218,0.51960784,0.83340734,0.896685779094696
SLC23A2,0.46178952,0.45388213,-0.011407953,0.48039216,0.83340734,0.896685779094696
MT-ND3,5.684846,5.752427,0.09749903,0.51960784,0.83340734,0.896685779094696
RP11-90H3.1,0.122637816,0.12575664,0.0044995067,0.51960784,0.83340734,0.896685779094696
HDAC7,0.7669156,0.72565407,-0.05952784,0.48039216,0.83340734,0.896685779094696
DENND4C,0.67547935,0.69521993,0.02847964,0.51960784,0.83340734,0.896685779094696
RP11-632C17__A.1,1.0683061,0.94977546,-0.17100355,0.48039216,0.83340734,0.896685779094696
BACH1,0.5506057,0.5685835,0.025936445,0.51960784,0.83340734,0.896685779094696
KIAA0586,0.49401915,0.4727567,-0.030675212,0.48039216,0.83340734,0.896685779094696
RAD50,0.737428,0.7113196,-0.037666436,0.48039216,0.83340734,0.896685779094696
USP20,1.2454668,1.2526972,0.010431264,0.51960784,0.83340734,0.896685779094696
RPS29,6.535569,6.344484,-0.27567786,0.48039216,0.83340734,0.896685779094696
TTC14,0.6956779,0.7287523,0.047716327,0.51960784,0.83340734,0.896685779094696
SLC35E2,0.5786809,0.55080867,-0.040211093,0.48039216,0.83340734,0.896685779094696
FAM168B,0.41632098,0.4178211,0.0021642298,0.48039216,0.83340734,0.896685779094696
GRK6,0.5511217,0.50945204,-0.060116623,0.48039216,0.83340734,0.896685779094696
GPR132,0.762677,0.7347646,-0.040269136,0.48039216,0.83340734,0.896685779094696
RP11-169K16.8,1.381727,1.30464,-0.111212924,0.48039216,0.83340734,0.896685779094696
EEF1A1P9,0.97809464,1.0291371,0.07363876,0.51960784,0.83340734,0.896685779094696
RP11-20O24.4,2.103505,2.077329,-0.03776395,0.48039216,0.83340734,0.896685779094696
AC016708.2,0.35166872,0.4154165,0.091968626,0.51960784,0.83340734,0.896685779094696
PITRM1,0.77581894,0.742414,-0.04819315,0.48039216,0.83340734,0.896685779094696
EIF3B,0.5227932,0.5137421,-0.013057955,0.48039216,0.83340734,0.896685779094696
P2RY8,0.9257211,0.9317969,0.008765526,0.48039216,0.83340734,0.896685779094696
XXyac-YRM2039.2,0.42264757,0.42735323,0.0067888433,0.51960784,0.83340734,0.896685779094696
FTH1P11,0.27973333,0.2573418,-0.032304145,0.48039216,0.83340734,0.896685779094696
SMG1P1,3.1757631,3.1689708,-0.009799227,0.48039216,0.83340734,0.896685779094696
WDR74,1.0610666,1.1679319,0.15417401,0.51960784,0.83340734,0.896685779094696
NR2C2,0.43292525,0.42664552,-0.009059745,0.51960784,0.83340734,0.896685779094696
TOB1,4.5628743,4.3936925,-0.24407777,0.48039216,0.83340734,0.896685779094696
TM9SF3,0.5761201,0.5803031,0.0060347854,0.48039216,0.83340734,0.896685779094696
COA1,1.4380736,1.4429655,0.00705748,0.48039216,0.83340734,0.896685779094696
FAM208B,0.59241265,0.56222886,-0.043546006,0.48039216,0.83340734,0.896685779094696
OSER1,0.9280476,0.89553845,-0.046900786,0.48039216,0.83340734,0.896685779094696
SP140L,1.1540351,1.1219839,-0.046240114,0.48039216,0.83340734,0.896685779094696
ZC3HAV1,3.6135027,3.708362,0.13685313,0.51960784,0.83340734,0.896685779094696
GTPBP8,0.6787595,0.6072706,-0.1031367,0.51960784,0.83340734,0.896685779094696
RSF1,1.5626076,1.512435,-0.07238389,0.48039216,0.83340734,0.896685779094696
TSC2,0.92836344,0.90444225,-0.034510985,0.51960784,0.83340734,0.896685779094696
TAMM41,0.536526,0.5236134,-0.018628988,0.48039216,0.83340734,0.896685779094696
RPA3-AS1,0.64768654,0.6527219,0.0072644614,0.5176471,0.85072523,0.9082930684089661
CIRBP,3.4658234,3.4944742,0.04133431,0.5176471,0.85072523,0.9082930684089661
PHRF1,0.33413562,0.31526667,-0.027222145,0.48235294,0.85072523,0.9082930684089661
NASP,2.3007545,2.3016224,0.0012520337,0.5176471,0.85072523,0.9082930684089661
EEF1GP5,0.17200136,0.18084477,0.01275834,0.5176471,0.85072523,0.9082930684089661
ETF1,1.7993283,1.7268555,-0.104556166,0.48235294,0.85072523,0.9082930684089661
HSPH1,1.8654554,2.289307,0.61148876,0.5176471,0.85072523,0.9082930684089661
ARIH1,0.71759146,0.7679111,0.07259586,0.5176471,0.85072523,0.9082930684089661
CRIPT,0.82266307,0.82107055,-0.0022975162,0.5176471,0.85072523,0.9082930684089661
AC090186.1,0.8630771,0.8846284,0.03109197,0.5176471,0.85072523,0.9082930684089661
CD6,2.126929,2.1774006,0.072815046,0.5176471,0.85072523,0.9082930684089661
DDX10,0.52030367,0.5247719,0.0064463397,0.48235294,0.85072523,0.9082930684089661
RPS3AP49,0.19272043,0.2245477,0.045917045,0.5176471,0.85072523,0.9082930684089661
SLAMF1,0.7984461,0.7551929,-0.06240124,0.48235294,0.85072523,0.9082930684089661
PRDM2,1.7775445,1.7581241,-0.028017694,0.48235294,0.85072523,0.9082930684089661
SAP130,0.7185723,0.72790945,0.013470627,0.5176471,0.85072523,0.9082930684089661
RAB3GAP1,0.9003761,0.8568576,-0.0627839,0.48235294,0.85072523,0.9082930684089661
ZNF142,0.4626745,0.4725043,0.014181389,0.48235294,0.85072523,0.9082930684089661
MIR4426,1.0252252,1.0251468,-0.0001129926,0.48235294,0.85072523,0.9082930684089661
ZNF107,0.63950604,0.6256893,-0.019933306,0.48235294,0.85072523,0.9082930684089661
ATP6V1G1,2.303844,2.3058748,0.0029298963,0.48235294,0.85072523,0.9082930684089661
ADK,0.6355255,0.611296,-0.03495582,0.48235294,0.85072523,0.9082930684089661
MAP2K5,0.5060352,0.48978138,-0.023449318,0.48235294,0.85072523,0.9082930684089661
MAP3K4,0.529753,0.5093691,-0.029407829,0.48235294,0.85072523,0.9082930684089661
SRSF6,3.813662,3.816978,0.0047838693,0.5176471,0.85072523,0.9082930684089661
WDR47,0.45174134,0.48034927,0.041272525,0.48235294,0.85072523,0.9082930684089661
TMX4,1.1426059,1.0925584,-0.0722033,0.48235294,0.85072523,0.9082930684089661
TNFSF9,1.112798,1.1360503,0.033546075,0.48235294,0.85072523,0.9082930684089661
PIK3CD,2.0200531,1.9562744,-0.0920133,0.48235294,0.85072523,0.9082930684089661
COA5,0.52765065,0.5633981,0.051572695,0.5176471,0.85072523,0.9082930684089661
CNOT6L,2.1251814,2.2434914,0.17068522,0.5176471,0.85072523,0.9082930684089661
HIPK2,0.50186837,0.57313937,0.10282232,0.5176471,0.85072523,0.9082930684089661
ICOS,1.5194815,1.4521093,-0.09719754,0.48235294,0.85072523,0.9082930684089661
U2AF2,0.42042348,0.45009395,0.04280545,0.5176471,0.85072523,0.9082930684089661
FAM177A1,1.8483685,2.0207987,0.24876413,0.5176471,0.85072523,0.9082930684089661
KIAA0430,0.94583064,0.94765025,0.0026251432,0.5176471,0.85072523,0.9082930684089661
EEF1A1P19,0.5953415,0.6386634,0.0625003,0.5176471,0.85072523,0.9082930684089661
MXD1,0.91167754,0.92376035,0.017431818,0.48235294,0.85072523,0.9082930684089661
C6orf48,2.2307496,2.2737942,0.062100183,0.5176471,0.85072523,0.9082930684089661
SKIV2L,0.83090764,0.80925214,-0.031242283,0.48235294,0.85072523,0.9082930684089661
GPATCH2L,0.73075837,0.6808817,-0.07195685,0.48235294,0.85072523,0.9082930684089661
METTL15,0.7850647,0.80211765,0.024602205,0.5176471,0.85072523,0.9082930684089661
EML4,3.3337731,3.3836985,0.07202702,0.5176471,0.85072523,0.9082930684089661
ZFYVE28,0.66772944,0.66155654,-0.008905605,0.5176471,0.85072523,0.9082930684089661
D2HGDH,0.40961727,0.43777442,0.040622175,0.5176471,0.85072523,0.9082930684089661
RBL2,2.1107113,2.1854503,0.107825555,0.5176471,0.85072523,0.9082930684089661
RPS4XP16,0.21169564,0.22209503,0.015003143,0.48235294,0.85072523,0.9082930684089661
POLG2,0.52537423,0.5642942,0.05614967,0.5176471,0.85072523,0.9082930684089661
ATP1A1,1.5936736,1.6480865,0.07850131,0.5176471,0.85072523,0.9082930684089661
FAM21D,0.39174822,0.38928124,-0.0035590949,0.48431373,0.8681116,0.9192286133766174
RPL34P31,0.34438047,0.32957846,-0.021354785,0.48431373,0.8681154,0.9192286133766174
MAU2,1.0236079,0.97285295,-0.07322385,0.48431373,0.8681154,0.9192286133766174
MROH1,0.40829915,0.40241444,-0.008489838,0.48431373,0.8681154,0.9192286133766174
RPL31,6.1801524,6.063978,-0.16760397,0.5156863,0.8681154,0.9192286133766174
ABHD17A,0.37343615,0.37124825,-0.0031564836,0.48431373,0.8681154,0.9192286133766174
PRPF18,0.6849823,0.67226595,-0.01834582,0.48431373,0.8681154,0.9192286133766174
CCDC144B,0.9403856,0.96367216,0.033595435,0.5156863,0.8681154,0.9192286133766174
ARHGAP26,1.0960884,1.0947815,-0.0018854458,0.5156863,0.8681154,0.9192286133766174
C16orf72,0.5716832,0.53902715,-0.047112755,0.48431373,0.8681154,0.9192286133766174
TBC1D15,0.6911252,0.7814553,0.13031873,0.48431373,0.8681154,0.9192286133766174
KDM3B,0.48210225,0.477856,-0.006126022,0.48431373,0.8681154,0.9192286133766174
CCDC88C,1.6686854,1.675706,0.010128574,0.5156863,0.8681154,0.9192286133766174
SLC30A9,0.7624494,0.726099,-0.0524425,0.48431373,0.8681154,0.9192286133766174
NUCB2,1.7772692,1.7561989,-0.030398106,0.5156863,0.8681154,0.9192286133766174
CTC1,1.5189986,1.5198628,0.0012467023,0.48431373,0.8681154,0.9192286133766174
PLA2G6,0.62364846,0.61117506,-0.017995318,0.48431373,0.8681154,0.9192286133766174
ELF1,2.4679778,2.4436038,-0.03516426,0.48431373,0.8681154,0.9192286133766174
FAM53C,0.8430879,0.82046306,-0.03264076,0.48431373,0.8681154,0.9192286133766174
UNK,0.39130604,0.3986818,0.010640954,0.5156863,0.8681154,0.9192286133766174
B3GNT2,1.1491483,1.202961,0.07763521,0.48431373,0.8681154,0.9192286133766174
ARID2,1.3055888,1.298073,-0.01084299,0.5156863,0.8681154,0.9192286133766174
RRP15,0.46417722,0.4507038,-0.019438038,0.48431373,0.8681154,0.9192286133766174
ITM2B,4.567806,4.55657,-0.016209709,0.48431373,0.8681154,0.9192286133766174
SLC35E2B,1.0107783,1.0034176,-0.010619241,0.48431373,0.8681154,0.9192286133766174
RP11-66N24.4,0.61965144,0.64119226,0.031076835,0.5156863,0.8681154,0.9192286133766174
NEU1,1.2727115,1.315495,0.06172354,0.48431373,0.8681154,0.9192286133766174
NSUN5P2,0.613291,0.61566114,0.003419359,0.48431373,0.8681154,0.9192286133766174
PTPRC,6.1394253,6.179722,0.05813564,0.5156863,0.8681154,0.9192286133766174
ANAPC1,0.89434296,0.88721275,-0.010286712,0.5156863,0.8681154,0.9192286133766174
PRCC,0.9888136,0.9918551,0.0043879654,0.5156863,0.8681154,0.9192286133766174
MAP3K2,0.6648285,0.7017155,0.053216763,0.48431373,0.8681154,0.9192286133766174
PABPC1P4,0.27393457,0.26729956,-0.009572296,0.5156863,0.8681154,0.9192286133766174
RP5-930J4.4,0.46520865,0.47865447,0.019398224,0.5156863,0.8681154,0.9192286133766174
CUL4A,1.057891,1.0802722,0.032289226,0.5156863,0.8681154,0.9192286133766174
EMBP1,0.27510527,0.269241,-0.008460343,0.48431373,0.8681154,0.9192286133766174
NFRKB,0.41034445,0.42625466,0.02295358,0.5156863,0.8681154,0.9192286133766174
NUFIP2,0.8824317,0.8816935,-0.0010650025,0.48431373,0.8681154,0.9192286133766174
CEP290,0.419008,0.43959296,0.029697835,0.5156863,0.8681154,0.9192286133766174
DNAJB4,0.64293575,0.7840892,0.20364138,0.5156863,0.8681154,0.9192286133766174
AC004453.8,1.5615159,1.5407667,-0.029934784,0.5156863,0.8681154,0.9192286133766174
WDFY2,0.38436255,0.42852005,0.06370582,0.5156863,0.8681154,0.9192286133766174
STIM2,0.4864444,0.5049989,0.026768498,0.48431373,0.8681154,0.9192286133766174
NCK1,0.9399383,0.9324421,-0.010814699,0.48431373,0.8681154,0.9192286133766174
EEF1A1P13,1.1605911,1.1733978,0.018476097,0.48431373,0.8681154,0.9192286133766174
ERAP2,1.3588942,1.2330469,-0.18155934,0.48431373,0.8681154,0.9192286133766174
DYRK1A,0.64326686,0.6162694,-0.038949084,0.48431373,0.8681154,0.9192286133766174
KIAA1671,0.41107455,0.417028,0.008589028,0.5156863,0.8681154,0.9192286133766174
ENTPD4,1.0395648,1.0797658,0.05799771,0.5156863,0.8681154,0.9192286133766174
ZBED6,0.52482164,0.511144,-0.019732688,0.5156863,0.8681154,0.9192286133766174
POLR2A,2.8857722,2.8427699,-0.0620393,0.48431373,0.8681154,0.9192286133766174
ZC3H18,0.48349124,0.5300298,0.06714091,0.48431373,0.8681154,0.9192286133766174
TPT1-AS1,0.40878868,0.40624022,-0.003676645,0.5156863,0.8681154,0.9192286133766174
KDM5D,0.65537506,0.65786487,0.0035920297,0.4862745,0.88461834,0.9317756295204163
AC074117.10,0.21503782,0.2230465,0.011554074,0.5137255,0.88556963,0.9317756295204163
FAHD2B,0.5854637,0.51906097,-0.095798895,0.4862745,0.88556963,0.9317756295204163
ZNF37BP,0.7122955,0.7465558,0.04942721,0.5137255,0.88556963,0.9317756295204163
LY75,0.77192986,0.78678954,0.021437982,0.5137255,0.88556963,0.9317756295204163
ZBTB21,0.52873784,0.56567043,0.053282462,0.5137255,0.88556963,0.9317756295204163
NFE2L2,1.6199889,1.6566683,0.05291717,0.4862745,0.88556963,0.9317756295204163
FOXN2,1.0260972,1.0169247,-0.013233033,0.4862745,0.88556963,0.9317756295204163
CEPT1,0.5222745,0.53269416,0.015032401,0.5137255,0.88556963,0.9317756295204163
WI2-3658N16.1,1.2281804,1.245768,0.02537346,0.5137255,0.88556963,0.9317756295204163
C10orf76,0.5168112,0.49240118,-0.0352162,0.4862745,0.88556963,0.9317756295204163
CTA-373H7.7,0.4561158,0.45311022,-0.0043361555,0.4862745,0.88556963,0.9317756295204163
ERBB2IP,1.1897495,1.1677121,-0.03179323,0.4862745,0.88556963,0.9317756295204163
FAM107B,1.503864,1.6102834,0.15353063,0.5137255,0.88556963,0.9317756295204163
MPHOSPH8,1.815926,1.8796281,0.09190271,0.5137255,0.88556963,0.9317756295204163
BSDC1,1.127933,1.1292435,0.0018906053,0.4862745,0.88556963,0.9317756295204163
PIAS1,1.4499965,1.4005347,-0.07135818,0.4862745,0.88556963,0.9317756295204163
ZER1,0.3740477,0.39834225,0.035049636,0.5137255,0.88556963,0.9317756295204163
LINC00847,0.38721937,0.36699286,-0.029180683,0.4862745,0.88556963,0.9317756295204163
FAM13B,1.072543,1.0187802,-0.077563316,0.4862745,0.88556963,0.9317756295204163
KDM6A,0.8121035,0.779777,-0.046637308,0.4862745,0.88556963,0.9317756295204163
snoU13,0.27267134,0.28029326,0.010996098,0.5137255,0.88556963,0.9317756295204163
G3BP2,2.0553808,2.0322657,-0.033348124,0.4862745,0.88556963,0.9317756295204163
ZNF24,0.8051405,0.8140176,0.012806946,0.5137255,0.88556963,0.9317756295204163
CASC7,0.86503756,0.87186855,0.009855036,0.4862745,0.88556963,0.9317756295204163
RPL34,6.0924487,6.052558,-0.05755021,0.5137255,0.88556963,0.9317756295204163
DUSP16,0.59066314,0.60141504,0.015511717,0.4862745,0.88556963,0.9317756295204163
BIN2,2.343611,2.3324275,-0.016134381,0.4862745,0.88556963,0.9317756295204163
DDX39B,2.801834,2.7141783,-0.12646057,0.4862745,0.88556963,0.9317756295204163
AAED1,0.7249827,0.7107596,-0.020519594,0.5137255,0.88556963,0.9317756295204163
SERTAD1,1.4111475,1.3599762,-0.073824584,0.4862745,0.88556963,0.9317756295204163
ZC3H14,0.61104137,0.577229,-0.0487809,0.4862745,0.88556963,0.9317756295204163
DDX17,3.689551,3.7711406,0.11770871,0.5137255,0.88556963,0.9317756295204163
TTC39C,1.8831818,1.8599371,-0.03353507,0.4862745,0.88556963,0.9317756295204163
CCDC59,1.0478617,1.0936632,0.06607763,0.5137255,0.88556963,0.9317756295204163
BOD1L1,0.66241086,0.693754,0.045218624,0.5137255,0.88556963,0.9317756295204163
TOP2B,1.0195671,1.0545771,0.050508726,0.4862745,0.88556963,0.9317756295204163
RPL15P3,2.208405,2.2040281,-0.006314515,0.5137255,0.88556963,0.9317756295204163
STX5,0.35643876,0.35858113,0.0030907863,0.5137255,0.88556963,0.9317756295204163
PYCR2,0.878289,0.85927576,-0.027430287,0.5137255,0.88556963,0.9317756295204163
NXF1,2.001675,2.212328,0.30390814,0.5137255,0.88556963,0.9317756295204163
EIF1AY,0.6668223,0.69211984,0.03649661,0.4882353,0.9022722,0.9424881339073181
FOS,4.273481,4.312407,0.056158528,0.4882353,0.90307957,0.9424881339073181
ZCCHC2,0.45331386,0.458327,0.0072324295,0.4882353,0.90307957,0.9424881339073181
CPEB4,0.35864142,0.39526263,0.05283324,0.4882353,0.90307957,0.9424881339073181
AAK1,2.2489026,2.2994626,0.07294266,0.5117647,0.90307957,0.9424881339073181
ZACN,0.4028327,0.38480017,-0.026015429,0.4882353,0.90307957,0.9424881339073181
PABPC4,0.5365471,0.5490079,0.017977089,0.4882353,0.90307957,0.9424881339073181
CARD11,0.7983877,0.7902965,-0.011673151,0.5117647,0.90307957,0.9424881339073181
LINC00963,0.7315845,0.6964078,-0.050749242,0.4882353,0.90307957,0.9424881339073181
CAMK2G,0.60199124,0.61867106,0.024063898,0.4882353,0.90307957,0.9424881339073181
SMPD1,0.31945866,0.33183357,0.017853217,0.4882353,0.90307957,0.9424881339073181
USP25,0.4852105,0.50867856,0.033857234,0.5117647,0.90307957,0.9424881339073181
IFNGR1,0.7549561,0.7916002,0.05286626,0.4882353,0.90307957,0.9424881339073181
BRWD1,1.2995676,1.283752,-0.02281711,0.4882353,0.90307957,0.9424881339073181
FAM133B,1.4256743,1.4321718,0.009373914,0.4882353,0.90307957,0.9424881339073181
RP11-645C24.2,2.372395,2.358258,-0.020395422,0.5117647,0.90307957,0.9424881339073181
NSUN4,0.51860255,0.51514393,-0.0049897325,0.4882353,0.90307957,0.9424881339073181
RPS5,6.002252,5.852255,-0.21640027,0.4882353,0.90307957,0.9424881339073181
ZNF292,1.9706217,1.9503957,-0.029179953,0.4882353,0.90307957,0.9424881339073181
RPS4XP22,1.2921575,1.3232807,0.04490123,0.4882353,0.90307957,0.9424881339073181
NCK2,0.5640501,0.5565359,-0.010840668,0.4882353,0.90307957,0.9424881339073181
HIP1R,0.615621,0.59421206,-0.030886536,0.4882353,0.90307957,0.9424881339073181
COG8,0.4730016,0.48103866,0.0115950275,0.5117647,0.90307957,0.9424881339073181
KHNYN,0.4358301,0.42921767,-0.009539706,0.5117647,0.90307957,0.9424881339073181
EIF5,3.0960708,3.0958817,-0.00027276448,0.4882353,0.90307957,0.9424881339073181
DNAJA1P3,0.33786848,0.3619874,0.03479626,0.4882353,0.90307957,0.9424881339073181
RP11-75L1.2,3.0965345,3.0852842,-0.016230691,0.4882353,0.90307957,0.9424881339073181
RPL35P5,0.31820986,0.40674198,0.12772486,0.5117647,0.90307957,0.9424881339073181
EFR3A,0.6484005,0.63628405,-0.017480318,0.4882353,0.90307957,0.9424881339073181
SUMO1P3,0.6987781,0.70222634,0.0049747704,0.5117647,0.90307957,0.9424881339073181
RP11-316M1.12,0.4972692,0.4699914,-0.039353587,0.5117647,0.90307957,0.9424881339073181
GNL3,1.0147467,1.0688486,0.0780526,0.5117647,0.90307957,0.9424881339073181
RPS18P9,0.38833344,0.43379357,0.065585114,0.4882353,0.90307957,0.9424881339073181
RPL10P15,0.35297647,0.41058418,0.083110355,0.5117647,0.90307957,0.9424881339073181
PPP2R5C,5.289015,5.3987412,0.15830177,0.5117647,0.90307957,0.9424881339073181
RP4-669L17.10,0.8241598,0.8270237,0.004131711,0.5117647,0.90307957,0.9424881339073181
TRAP1,0.7706138,0.7589067,-0.016889729,0.4882353,0.90307957,0.9424881339073181
UBR4,1.4185323,1.4234157,0.0070452695,0.4882353,0.90307957,0.9424881339073181
RP11-349A22.5,3.2474546,3.2579951,0.015206706,0.4882353,0.90307957,0.9424881339073181
WASH6P,0.8907902,0.90463424,0.01997269,0.5117647,0.90307957,0.9424881339073181
TNIP1,0.93159974,0.9657463,0.049263053,0.5117647,0.90307957,0.9424881339073181
MED29,1.1910394,1.1718042,-0.027750604,0.5117647,0.90307957,0.9424881339073181
RN7SL2,0.42448765,0.46552727,0.05920765,0.4882353,0.90307957,0.9424881339073181
HBP1,1.2965386,1.4545515,0.22796439,0.5117647,0.90307957,0.9424881339073181
RPL10A,6.7098355,6.619207,-0.13074946,0.4882353,0.90307957,0.9424881339073181
ZNF394,1.0825847,1.0473573,-0.050822422,0.4882353,0.90307957,0.9424881339073181
ZNF184,0.45666173,0.41522434,-0.059781514,0.4882353,0.90307957,0.9424881339073181
FKBP5,1.9244385,1.9350581,0.015320903,0.4882353,0.90307957,0.9424881339073181
SPDYE3,0.4478496,0.46651268,0.026925132,0.4882353,0.90307957,0.9424881339073181
UVRAG,0.5935323,0.5809232,-0.018191122,0.4882353,0.90307957,0.9424881339073181
MDM4,2.3734717,2.3443723,-0.041981652,0.4882353,0.90307957,0.9424881339073181
ETV6,0.5549355,0.563164,0.011871189,0.4882353,0.90307957,0.9424881339073181
TSC22D3,5.4935827,5.5274878,0.04891462,0.4882353,0.90307957,0.9424881339073181
SETD6,0.41533664,0.41952348,0.0060403314,0.50980395,0.9206368,0.9543817639350891
FAM214A,0.9819408,0.93871486,-0.062361855,0.50980395,0.9206368,0.9543817639350891
DGCR6,0.23805873,0.23175827,-0.009089649,0.50980395,0.9206368,0.9543817639350891
RNF168,1.363179,1.3934908,0.043730717,0.50980395,0.9206368,0.9543817639350891
AC034102.1,0.3466436,0.3427141,-0.005669064,0.50980395,0.9206368,0.9543817639350891
HS3ST3B1,0.5159924,0.5593659,0.06257477,0.50980395,0.9206368,0.9543817639350891
CCZ1,0.540611,0.5563787,0.022747973,0.49019608,0.9206368,0.9543817639350891
RNF123,0.50216854,0.4876727,-0.02091309,0.50980395,0.9206368,0.9543817639350891
ZC3H12D,0.8732788,0.8577361,-0.022423357,0.50980395,0.9206368,0.9543817639350891
DNAJB1,5.2489076,5.410507,0.233139,0.50980395,0.9206368,0.9543817639350891
CXorf56,0.38770616,0.35428673,-0.048214044,0.49019608,0.9206368,0.9543817639350891
AC010468.1,0.3455687,0.34355798,-0.0029008314,0.49019608,0.9206368,0.9543817639350891
CRLF3,1.2806125,1.2697483,-0.01567364,0.49019608,0.9206368,0.9543817639350891
SMN2,0.9939601,1.0113306,0.025060367,0.49019608,0.9206368,0.9543817639350891
RPS6KB1,0.8959371,0.87409663,-0.031509113,0.49019608,0.9206368,0.9543817639350891
CALCOCO1,1.2146459,1.2067889,-0.011335204,0.49019608,0.9206368,0.9543817639350891
KPNA1,0.86897576,0.90720457,0.055152513,0.50980395,0.9206368,0.9543817639350891
SF3B1,3.855456,3.8955743,0.057878353,0.49019608,0.9206368,0.9543817639350891
SETD1B,0.40833482,0.41662398,0.011958728,0.49019608,0.9206368,0.9543817639350891
CTD-2161E19.1,0.20490365,0.21066256,0.008308353,0.49019608,0.9206368,0.9543817639350891
TGIF2,0.62715966,0.7058414,0.1135138,0.50980395,0.9206368,0.9543817639350891
ZEB1,0.84756154,0.80729634,-0.058090407,0.49019608,0.9206368,0.9543817639350891
CBFA2T2,0.2800439,0.28539538,0.0077205594,0.50980395,0.9206368,0.9543817639350891
MAPKAP1,0.49496916,0.4835678,-0.016448678,0.50980395,0.9206368,0.9543817639350891
TMEM87B,0.50951666,0.4806734,-0.041612018,0.49019608,0.9206368,0.9543817639350891
RBMS1,0.788249,0.8112146,0.03313237,0.50980395,0.9206368,0.9543817639350891
FARSB,0.6017886,0.52182823,-0.1153584,0.49019608,0.9206368,0.9543817639350891
GPATCH8,1.150409,1.1664608,0.023157807,0.50980395,0.9206368,0.9543817639350891
STK38,0.9884096,0.9748331,-0.01958676,0.49019608,0.9206368,0.9543817639350891
ZNF280D,0.52717966,0.5323777,0.0074992175,0.49019608,0.9206368,0.9543817639350891
PKD1P5,0.63369954,0.64395875,0.014800913,0.50980395,0.9206368,0.9543817639350891
SDAD1,0.6548302,0.62420243,-0.044186555,0.49019608,0.9206368,0.9543817639350891
EPG5,0.41068104,0.41533798,0.006718545,0.49019608,0.9206368,0.9543817639350891
RPL27A,6.1954174,6.1099434,-0.123312935,0.49019608,0.9206368,0.9543817639350891
CREBZF,1.0675713,1.020096,-0.068492435,0.49019608,0.9206368,0.9543817639350891
SOD2,0.9215855,0.9577779,0.05221462,0.50980395,0.9206368,0.9543817639350891
DTX2P1-UPK3BP1-PMS2P11,0.29112604,0.28789756,-0.00465772,0.49019608,0.9206368,0.9543817639350891
MLEC,0.4897886,0.47676805,-0.018784676,0.49019608,0.9206368,0.9543817639350891
NFYA,0.49510208,0.4920236,-0.0044413228,0.50980395,0.9206368,0.9543817639350891
PPM1K,0.9732424,0.9671505,-0.008788743,0.50980395,0.9206368,0.9543817639350891
RPL17,7.4891,7.35658,-0.19118623,0.50980395,0.9206368,0.9543817639350891
UBA7,1.5931934,1.5875564,-0.008132543,0.49019608,0.9206368,0.9543817639350891
METTL16,0.64838153,0.6104207,-0.0547659,0.49019608,0.9206368,0.9543817639350891
PHF20L1,0.7088639,0.8310121,0.17622262,0.50980395,0.9206368,0.9543817639350891
MTRNR2L2,3.338576,2.9961085,-0.49407622,0.49215686,0.9382327,0.9649908542633057
NDUFA5,1.4958212,1.4707752,-0.036133725,0.49215686,0.9382327,0.9649908542633057
ZNF746,0.20568804,0.20745686,0.0025518571,0.49215686,0.9382327,0.9649908542633057
FOSL2,1.8938063,1.9498367,0.08083477,0.50784314,0.9382327,0.9649908542633057
SENP7,1.028434,1.0124419,-0.023071816,0.49215686,0.9382327,0.9649908542633057
MTRNR2L12,3.5435915,3.3765793,-0.2409477,0.49215686,0.9382327,0.9649908542633057
SRSF2,4.1503305,4.1481314,-0.003172736,0.50784314,0.9382327,0.9649908542633057
TRAT1,1.9049852,1.9032893,-0.0024466251,0.49215686,0.9382327,0.9649908542633057
TUG1,0.55327773,0.50816506,-0.065083824,0.49215686,0.9382327,0.9649908542633057
MLLT3,1.4271859,1.4343848,0.010385861,0.49215686,0.9382327,0.9649908542633057
MT-CO2,7.9796696,8.018798,0.05645021,0.49215686,0.9382327,0.9649908542633057
PRPSAP2,0.6045568,0.59562534,-0.01288537,0.49215686,0.9382327,0.9649908542633057
EEF1A1P11,0.83707863,0.8692197,0.04636979,0.50784314,0.9382327,0.9649908542633057
SMEK2,1.1483384,1.1466063,-0.002498908,0.49215686,0.9382327,0.9649908542633057
FBXO11,0.6645784,0.6943994,0.043022662,0.50784314,0.9382327,0.9649908542633057
RAB33B,0.3851372,0.41351008,0.04093342,0.49215686,0.9382327,0.9649908542633057
LDB1,0.38787508,0.38578168,-0.0030201443,0.50784314,0.9382327,0.9649908542633057
TMEM39A,0.97909325,1.0390412,0.08648655,0.50784314,0.9382327,0.9649908542633057
ASH1L,1.2778122,1.2895511,0.016935648,0.49215686,0.9382327,0.9649908542633057
PCM1,2.0367382,2.0246372,-0.017457958,0.50784314,0.9382327,0.9649908542633057
CSNK1G1,0.5205565,0.52293605,0.0034329456,0.50784314,0.9382327,0.9649908542633057
RPRD1A,0.44054535,0.42867246,-0.017128956,0.49215686,0.9382327,0.9649908542633057
ATAD2B,0.69849026,0.69057816,-0.011414747,0.49215686,0.9382327,0.9649908542633057
PHF14,0.41339004,0.407437,-0.008588427,0.50784314,0.9382327,0.9649908542633057
GABPB2,0.76843727,0.7528374,-0.022505822,0.49215686,0.9382327,0.9649908542633057
FTO,0.5279309,0.51537657,-0.018112095,0.50784314,0.9382327,0.9649908542633057
CRTC3,0.8423201,0.8238307,-0.026674509,0.49215686,0.9382327,0.9649908542633057
DDX24,2.5941515,2.6617599,0.09753824,0.49215686,0.9382327,0.9649908542633057
TSPYL1,3.3729386,3.408883,0.051856898,0.49215686,0.9382327,0.9649908542633057
INO80D,1.0268451,1.0464691,0.02831144,0.50784314,0.9382327,0.9649908542633057
SUN1,0.51931375,0.55139583,0.046284657,0.50784314,0.9382327,0.9649908542633057
COG5,1.0451459,1.0078106,-0.053863417,0.49215686,0.9382327,0.9649908542633057
EEF1A1P6,2.5960288,2.5958185,-0.0003033774,0.49215686,0.9382327,0.9649908542633057
ZBTB40,0.44345286,0.45462042,0.016111378,0.50784314,0.9382327,0.9649908542633057
MYADM,2.6478233,2.6942272,0.066946656,0.49215686,0.9382327,0.9649908542633057
ZNF236,0.40685374,0.41067705,0.0055158706,0.50784314,0.9382327,0.9649908542633057
PCED1B,1.616296,1.5365928,-0.114987426,0.49215686,0.9382327,0.9649908542633057
KLHL28,0.75396466,0.76118946,0.010423181,0.49215686,0.9382327,0.9649908542633057
SP2,0.526824,0.5257209,-0.0015914415,0.49215686,0.9382327,0.9649908542633057
TBC1D5,0.7966386,0.838941,0.06102942,0.50784314,0.9382327,0.9649908542633057
TMC8,1.8803318,2.0051525,0.18007822,0.50784314,0.9382327,0.9649908542633057
PATL1,0.4032742,0.3892858,-0.020181004,0.49215686,0.9382327,0.9649908542633057
FRG1B,0.9009727,0.8968525,-0.005944236,0.49215686,0.9382327,0.9649908542633057
EPC1,1.2134068,1.2346652,0.030669322,0.50784314,0.9382327,0.9649908542633057
RP11-761N21.2,0.79155123,0.7861691,-0.0077647585,0.49215686,0.9382327,0.9649908542633057
POLRMT,0.49181798,0.48886025,-0.0042671044,0.50784314,0.9382327,0.9649908542633057
SMARCAD1,0.4887825,0.50761366,0.027167626,0.50784314,0.9382327,0.9649908542633057
RP11-170M17.2,0.36573172,0.379913,0.020459272,0.50784314,0.9382327,0.9649908542633057
ARFGEF2,0.3320286,0.34991074,0.025798472,0.49215686,0.9382327,0.9649908542633057
AC009951.1,0.39000806,0.37539417,-0.021083396,0.50784314,0.9382327,0.9649908542633057
LARS,1.066099,1.0624145,-0.0053156395,0.50784314,0.9382327,0.9649908542633057
TGOLN2,2.4575667,2.4526954,-0.007027899,0.50784314,0.9382327,0.9649908542633057
VAMP1,1.0555665,1.0335652,-0.03174129,0.5058824,0.9558589,0.9761962890625
HMG20A,0.52005684,0.52878094,0.012586206,0.5058824,0.9558589,0.9761962890625
LPAR2,0.64877117,0.6588486,0.014538639,0.5058824,0.9558589,0.9761962890625
EEF1B2,4.5399976,4.4685664,-0.10305338,0.5058824,0.9558589,0.9761962890625
NUP98,2.2817214,2.3766809,0.1369976,0.5058824,0.9558589,0.9761962890625
HKR1,0.58655554,0.58091116,-0.00814312,0.5058824,0.9558589,0.9761962890625
AC083873.4,0.2526354,0.2534047,0.00110989,0.49411765,0.9558589,0.9761962890625
AKAP9,2.167148,2.2705097,0.14911927,0.5058824,0.9558589,0.9761962890625
SBDS,1.6129245,1.604789,-0.011736956,0.49411765,0.9558589,0.9761962890625
PPP1R15A,3.9923875,3.9593716,-0.04763197,0.49411765,0.9558589,0.9761962890625
CXorf40A,0.6271644,0.6140218,-0.01896083,0.49411765,0.9558589,0.9761962890625
SLC2A3,3.80625,3.747511,-0.08474273,0.5058824,0.9558589,0.9761962890625
RPL13P12,3.2850118,3.3083258,0.03363499,0.5058824,0.9558589,0.9761962890625
XPR1,0.50559896,0.5089202,0.0047915224,0.5058824,0.9558589,0.9761962890625
FTH1P20,0.4050187,0.39485908,-0.014657222,0.5058824,0.9558589,0.9761962890625
TNRC6A,1.169419,1.1768856,0.010771961,0.49411765,0.9558589,0.9761962890625
CTD-2369P2.2,0.6514709,0.6797846,0.040848028,0.5058824,0.9558589,0.9761962890625
SECISBP2,0.9727761,0.99831593,0.036846165,0.5058824,0.9558589,0.9761962890625
SLC35D1,0.42488253,0.4595541,0.05002051,0.5058824,0.9558589,0.9761962890625
RP11-419C5.2,0.6579656,0.6372549,-0.029879233,0.49411765,0.9558589,0.9761962890625
CCDC14,0.7135014,0.7017551,-0.01694631,0.5058824,0.9558589,0.9761962890625
RPL13AP25,0.45767707,0.47819284,0.029598,0.49411765,0.9558589,0.9761962890625
THADA,0.7526043,0.7156188,-0.05335882,0.49411765,0.9558589,0.9761962890625
PDCL,0.49765265,0.50161237,0.005712662,0.49411765,0.9558589,0.9761962890625
SP3,0.91613126,0.9489184,0.04730185,0.49411765,0.9558589,0.9761962890625
SLC2A14,0.25576252,0.20154503,-0.0782193,0.49411765,0.9558589,0.9761962890625
GLS,1.3090818,1.3187065,0.013885535,0.49411765,0.9558589,0.9761962890625
CAAP1,0.56432736,0.5735898,0.01336288,0.5058824,0.9558589,0.9761962890625
TOPORS,0.6413565,0.6549201,0.0195681,0.49411765,0.9558589,0.9761962890625
RP11-111F16.2,0.45423052,0.47677118,0.032519296,0.5058824,0.9558589,0.9761962890625
LRRC8D,0.5237041,0.5095764,-0.020382008,0.49411765,0.9558589,0.9761962890625
CEBPG,0.4457197,0.44727793,0.0022480711,0.49411765,0.9558589,0.9761962890625
WASH3P,1.024254,1.0236961,-0.00080487883,0.5058824,0.9558589,0.9761962890625
RPL13AP3,0.280487,0.29515713,0.021164529,0.5058824,0.9558589,0.9761962890625
SPAG1,0.4083353,0.4065256,-0.0026108257,0.5058824,0.9558589,0.9761962890625
MIR24-2,2.4698267,2.2777865,-0.27705544,0.49411765,0.9558589,0.9761962890625
RPAP2,0.47269872,0.46561694,-0.010216844,0.49411765,0.9558589,0.9761962890625
NR4A1,1.607577,1.8655643,0.37219712,0.5058824,0.9558589,0.9761962890625
CTD-3035D6.1,0.809621,0.8260435,0.023692673,0.49411765,0.9558589,0.9761962890625
ARHGEF7,1.0716212,1.0589631,-0.018261805,0.49411765,0.9558589,0.9761962890625
CDK16,0.9207296,0.9447483,0.034651667,0.49411765,0.9558589,0.9761962890625
USP11,2.1568606,2.1160753,-0.058840767,0.49411765,0.9558589,0.9761962890625
STT3B,0.5610584,0.61963546,0.084508836,0.5058824,0.9558589,0.9761962890625
RNF122,0.2961625,0.29132855,-0.0069738966,0.49411765,0.9558589,0.9761962890625
SRSF5,4.97037,5.0129366,0.061410878,0.5058824,0.9558589,0.9761962890625
ACIN1,1.3033559,1.3468306,0.06272069,0.5058824,0.9558589,0.9761962890625
RP11-138A9.2,2.5168834,2.5671673,0.072544344,0.5058824,0.9558589,0.9761962890625
MLLT6,1.2904854,1.2855619,-0.0071030552,0.49509802,0.9646796,0.9850571751594543
AC013394.2,2.0829122,2.1032276,0.02930894,0.50392157,0.9735067,0.9865330457687378
RP11-504P24.8,0.2804702,0.2765052,-0.0057202717,0.50392157,0.9735067,0.9865330457687378
RP11-1023L17.1,0.5751831,0.54973656,-0.03671159,0.49607843,0.9735067,0.9865330457687378
NOL9,0.4118847,0.41362345,0.002508496,0.50392157,0.9735067,0.9865330457687378
BRD1,0.696444,0.7104773,0.020245798,0.49607843,0.9735067,0.9865330457687378
GUSBP9,0.46853942,0.4635022,-0.00726717,0.50392157,0.9735067,0.9865330457687378
SNX29,0.42824766,0.44575945,0.025264164,0.50392157,0.9735067,0.9865330457687378
MTRNR2L8,2.1393266,1.7510402,-0.5601788,0.49607843,0.9735067,0.9865330457687378
SLC25A25,0.4495783,0.44244027,-0.010297977,0.50392157,0.9735067,0.9865330457687378
DHX29,0.74700177,0.71628165,-0.044319756,0.49607843,0.9735067,0.9865330457687378
RRN3P1,0.8084346,0.799033,-0.013563669,0.49607843,0.9735067,0.9865330457687378
SEC24B,0.98047143,0.9556749,-0.035773855,0.49607843,0.9735067,0.9865330457687378
PABPC3,0.16754934,0.17039907,0.004111288,0.50392157,0.9735067,0.9865330457687378
VTI1A,0.90753144,0.88458,-0.033111904,0.50392157,0.9735067,0.9865330457687378
LRRC8C,0.79650295,0.7907114,-0.008355433,0.49607843,0.9735067,0.9865330457687378
CDK17,1.1932209,1.2392036,0.06633904,0.50392157,0.9735067,0.9865330457687378
KIAA1033,0.48710182,0.49557176,0.012219539,0.50392157,0.9735067,0.9865330457687378
RP11-206L10.5,0.5793069,0.5720249,-0.010505732,0.50392157,0.9735067,0.9865330457687378
SLC38A2,2.596288,2.6411076,0.064661,0.50392157,0.9735067,0.9865330457687378
ANKRD36,2.0472684,2.0790443,0.04584301,0.50392157,0.9735067,0.9865330457687378
RAP2B,1.1411773,1.135547,-0.00812274,0.50392157,0.9735067,0.9865330457687378
GRPEL1,0.8192755,0.85136,0.046288185,0.49607843,0.9735067,0.9865330457687378
KAT6A,1.0724044,1.0692148,-0.004601568,0.50392157,0.9735067,0.9865330457687378
PDE4D,2.075231,1.9006698,-0.25183865,0.49607843,0.9735067,0.9865330457687378
EEF1A1P14,0.20423178,0.21677896,0.018101754,0.50392157,0.9735067,0.9865330457687378
AC016831.7,1.1026933,1.035546,-0.09687319,0.49607843,0.9735067,0.9865330457687378
PPP1R12B,0.40544173,0.4094028,0.0057145967,0.50392157,0.9735067,0.9865330457687378
APBB1IP,1.1534957,1.1685759,0.02175615,0.50392157,0.9735067,0.9865330457687378
NEMF,1.4256122,1.4245516,-0.0015301297,0.49607843,0.9735067,0.9865330457687378
POLM,0.5134192,0.5180179,0.0066344887,0.50392157,0.9735067,0.9865330457687378
AC138969.4,1.0253146,1.0393057,0.020184916,0.49607843,0.9735067,0.9865330457687378
KLF2,0.3862706,0.4493426,0.09099366,0.49607843,0.9735067,0.9865330457687378
HNRNPA1P8,0.18073155,0.18441515,0.005314307,0.50392157,0.9735067,0.9865330457687378
ERO1L,1.1327214,1.1032908,-0.04245942,0.50392157,0.9735067,0.9865330457687378
OTUD4,0.37048972,0.39820066,0.03997844,0.49607843,0.9735067,0.9865330457687378
RP11-864N7.2,2.328111,2.2641764,-0.092238076,0.49607843,0.9735067,0.9865330457687378
TRIM37,0.48423588,0.48843518,0.0060583036,0.50392157,0.9735067,0.9865330457687378
RASA4,0.7366191,0.7524902,0.022897169,0.49607843,0.9735067,0.9865330457687378
GNAS,4.290187,4.2534213,-0.053041514,0.50392157,0.9735067,0.9865330457687378
ANKRA2,0.6079432,0.58585584,-0.031865288,0.49607843,0.9735067,0.9865330457687378
AC083949.1,1.0288932,1.0506415,0.03137617,0.49607843,0.9735067,0.9865330457687378
EEF1A1P16,0.21124619,0.2285396,0.024949115,0.49607843,0.9735067,0.9865330457687378
CENPT,1.020023,1.0145746,-0.0078602955,0.50392157,0.9735067,0.9865330457687378
HLA-H,5.2657905,5.2735143,0.0111430995,0.50392157,0.9735067,0.9865330457687378
POM121B,0.22905964,0.22038466,-0.012515349,0.50392157,0.9735067,0.9865330457687378
FTH1P16,0.30433878,0.28497428,-0.027937077,0.49607843,0.9735067,0.9865330457687378
RBM28,0.69762903,0.69302,-0.0066494513,0.50392157,0.9735067,0.9865330457687378
AC008865.1,0.42523998,0.40477276,-0.029527958,0.50392157,0.9735067,0.9865330457687378
NSUN5P1,0.8319158,0.88338363,0.07425239,0.50392157,0.9735067,0.9865330457687378
RAD52,0.48343074,0.45494148,-0.041101318,0.49607843,0.9735067,0.9865330457687378
SHC1,0.9629013,0.9760361,0.018949479,0.49607843,0.9735067,0.9865330457687378
TMEM161B,0.72491527,0.71194893,-0.018706467,0.5019608,0.9911672,0.994962751865387
SYNE1,2.2898445,2.2922692,0.0034981272,0.49803922,0.9911674,0.994962751865387
MED21,0.6020722,0.60526866,0.004611543,0.5019608,0.9911674,0.994962751865387
RPL5P3,0.17232706,0.18822151,0.022930855,0.5019608,0.9911674,0.994962751865387
RC3H2,0.9241072,0.92355084,-0.000802643,0.5019608,0.9911674,0.994962751865387
PMM2,0.50645304,0.4936919,-0.018410442,0.49803922,0.9911674,0.994962751865387
DCP1A,1.111415,1.1664038,0.07933199,0.49803922,0.9911674,0.994962751865387
RP11-571M6.8,0.45758948,0.45086536,-0.009700853,0.5019608,0.9911674,0.994962751865387
ANKRD11,1.4187437,1.3669691,-0.07469499,0.5019608,0.9911674,0.994962751865387
BRD3,0.9076503,0.9326449,0.036059603,0.5019608,0.9911674,0.994962751865387
VPS13D,0.79887605,0.8197732,0.030148214,0.49803922,0.9911674,0.994962751865387
SNRNP200,2.7771163,2.719737,-0.082780756,0.49803922,0.9911674,0.994962751865387
RABL2A,0.46743888,0.48356178,0.023260439,0.49803922,0.9911674,0.994962751865387
TNRC18,0.2790793,0.29090986,0.017067902,0.5019608,0.9911674,0.994962751865387
TAOK1,0.59341174,0.6203456,0.03885733,0.49803922,0.9911674,0.994962751865387
CHORDC1,1.7865516,2.0541203,0.38602003,0.5019608,0.9911674,0.994962751865387
SIK3,0.662371,0.6881275,0.03715883,0.49803922,0.9911674,0.994962751865387
RPL4P4,1.6907766,1.7328326,0.06067393,0.5019608,0.9911674,0.994962751865387
RPS26,5.4386935,5.5909333,0.2196356,0.49803922,0.9911674,0.994962751865387
WDR45,0.88304776,0.9489436,0.09506762,0.49803922,0.9911674,0.994962751865387
ITK,3.0068977,2.9888277,-0.026069473,0.49803922,0.9911674,0.994962751865387
RP11-166B2.1,2.0364358,2.0504687,0.020245109,0.5019608,0.9911674,0.994962751865387
SRCAP,1.6260008,1.630295,0.006195331,0.49803922,0.9911674,0.994962751865387
RBM25,1.9636513,2.0289133,0.094153106,0.5019608,0.9911674,0.994962751865387
NPIPB9,0.25700003,0.2612155,0.0060816505,0.49803922,0.9911674,0.994962751865387
OAT,1.0990682,1.1041149,0.0072808857,0.5019608,0.9911674,0.994962751865387
PLEC,1.0772327,1.0627286,-0.020924957,0.49803922,0.9911674,0.994962751865387
FAM60A,0.8643436,0.8876749,0.033660013,0.49803922,0.9911674,0.994962751865387
ZNF217,0.9291458,0.9491329,0.028835298,0.49803922,0.9911674,0.994962751865387
RNF139,0.55799764,0.56018645,0.0031577735,0.5019608,0.9911674,0.994962751865387
LPAR6,0.44355407,0.4505212,0.01005144,0.49803922,0.9911674,0.994962751865387
RP11-1100L3.8,1.0681828,1.2687432,0.28934738,0.5019608,0.9911674,0.994962751865387
DTNB,0.57482845,0.5605692,-0.020571705,0.5019608,0.9911674,0.994962751865387
XPO6,1.4588975,1.4101075,-0.07038906,0.5019608,0.9911674,0.994962751865387
STIM1,1.3995668,1.3971004,-0.003558149,0.5019608,0.9911674,0.994962751865387
HNRNPH1,6.805247,6.8238506,0.026839612,0.5019608,0.9911674,0.994962751865387
CA5B,0.6175995,0.64339894,0.037220743,0.5019608,0.9911674,0.994962751865387
RALGAPB,0.5613876,0.58685064,0.036735408,0.5019608,0.9911674,0.994962751865387
SDCCAG8,0.7613494,0.7825277,0.030553836,0.49803922,0.9911674,0.994962751865387
CHD3,1.2315738,1.2697393,0.055061106,0.49803922,0.9911674,0.994962751865387
NCOA3,1.2141144,1.2255175,0.016451173,0.5019608,0.9911674,0.994962751865387
EP400NL,0.33165684,0.3205998,-0.01595195,0.5019608,0.9911674,0.994962751865387
WASH4P,0.7402551,0.7417302,0.0021281133,0.49803922,0.9911674,0.994962751865387
ANKRD13A,0.40265682,0.36543572,-0.053698704,0.5019608,0.9911674,0.994962751865387
TNFAIP3,6.032558,5.9019384,-0.18844414,0.5019608,0.9911674,0.994962751865387
TSC22D1,0.5657776,0.54902434,-0.02416984,0.5019608,0.9911674,0.994962751865387
AC002117.1,0.4057449,0.38045403,-0.03648702,0.49803922,0.9911674,0.994962751865387
NMRK1,1.0265707,0.994782,-0.045861408,0.5019608,0.9911674,0.994962751865387
CTCF,0.4210506,0.45747778,0.052553296,0.5019608,0.9911674,0.994962751865387
NAA15,1.029383,0.9771271,-0.07538928,0.5019608,0.9911674,0.994962751865387
NFKB1,0.6871989,0.784898,0.14095001,0.5019608,0.9911674,0.994962751865387
USP16,1.1726725,1.1909169,0.026321085,0.49803922,0.9911674,0.994962751865387
ZNF586,0.507461,0.5054007,-0.002972376,0.5019608,0.9911674,0.994962751865387
BCL6,0.84094065,0.8425871,0.0023753385,0.49803922,0.9911674,0.994962751865387
AL592284.1,0.8873831,0.91845655,0.044829514,0.49803922,0.9911674,0.994962751865387
RPS4XP1,0.22169277,0.22308977,0.0020154433,0.49803922,0.9911674,0.994962751865387
TRIOBP,0.25544232,0.25453505,-0.001308917,0.49803922,0.9911674,0.994962751865387
H6PD,0.38491538,0.36772272,-0.024803767,0.49803922,0.9911674,0.994962751865387
IQGAP2,1.3760201,1.3904042,0.020751942,0.49803922,0.9911674,0.994962751865387
BEST1,0.28315794,0.31446844,0.0451715,0.5019608,0.9911674,0.994962751865387
RP11-18I14.10,0.36569175,0.34797195,-0.025564276,0.5019608,0.9911674,0.994962751865387
RPL13AP7,0.4068364,0.42465752,0.02571046,0.5019608,0.9911674,0.994962751865387
MAML1,0.5373307,0.54891694,0.016715424,0.49803922,0.9911674,0.994962751865387
RP1-111C20.4,0.38964266,0.36654347,-0.03332508,0.5019608,0.9911674,0.994962751865387
MAF,0.68499124,0.6532864,-0.045740418,0.5,1.0,1.0
LEMD3,0.4677582,0.4890683,0.030743962,0.5,1.0,1.0
LCLAT1,0.5690861,0.52894884,-0.057905786,0.5,1.0,1.0
HSP90AB3P,0.55980974,0.62054956,0.08762903,0.5,1.0,1.0
CCPG1,0.7468225,0.7439704,-0.004114685,0.5,1.0,1.0
DNAJB9,1.0649068,1.1078882,0.062009033,0.5,1.0,1.0
MAF1,1.202137,1.2244264,0.0321568,0.5,1.0,1.0
GATAD2B,1.0631986,1.0606148,-0.003727552,0.5,1.0,1.0
BRD4,0.762203,0.76449615,0.0033083442,0.5,1.0,1.0
NACA2,0.30215967,0.27327102,-0.0416775,0.5,1.0,1.0
MYSM1,0.8740651,0.8799751,0.008526298,0.5,1.0,1.0
PVT1,1.0000144,0.95584834,-0.0637182,0.5,1.0,1.0
PRNP,1.516368,1.534071,0.02553994,0.5,1.0,1.0
EIF4BP7,0.40094572,0.38713813,-0.019920148,0.5,1.0,1.0
GIMAP1,0.78333986,0.76590294,-0.02515616,0.5,1.0,1.0
MAN1A2,0.64494866,0.6035579,-0.05971427,0.5,1.0,1.0
UBTF,0.7456888,0.76653147,0.03006962,0.5,1.0,1.0
RUNX2,0.8082046,0.741657,-0.096007854,0.5,1.0,1.0
RPS2P7,0.2419066,0.23362505,-0.011947743,0.5,1.0,1.0
CDKN1A,1.0075023,1.0422187,0.05008513,0.5,1.0,1.0
MAN2A2,0.5747156,0.58107626,0.009176479,0.5,1.0,1.0
PDE4B,2.283997,2.326433,0.06122204,0.5,1.0,1.0
RPL8,6.913907,6.851616,-0.08986713,0.5,1.0,1.0
INTS6,0.53125757,0.54189456,0.015345925,0.5,1.0,1.0
TM9SF4,0.62059706,0.6114204,-0.013239139,0.5,1.0,1.0
RPSAP53,0.6210842,0.658033,0.05330585,0.5,1.0,1.0
